genre_ids,id,title,original_language,original_title,popularity,release_date,vote_average,vote_count,release_date_status
"[878, 28, 12]",969681,Spider-Man: Brand New Day,en,Spider-Man: Brand New Day,839.8698,2026-07-29,7.861,2541,Available
"[35, 12, 10751]",1204680,Coyote vs. Acme,en,Coyote vs. Acme,643.9483,2026-08-20,7.663,264,Available
"[12, 28, 14]",1368337,The Odyssey,en,The Odyssey,437.8516,2026-07-15,8.0,3565,Available
"[28, 53]",1288445,Mutiny,en,Mutiny,394.5615,2026-08-19,6.359,334,Available
"[28, 27, 878]",1375646,Colony,ko,군체,315.0795,2026-05-21,8.113,729,Available
"[53, 28]",1386315,The Runner,en,The Runner,284.4272,2026-09-03,6.725,353,Available
"[10751, 14, 35, 12]",1108427,Moana,en,Moana,260.8674,2026-07-08,6.789,405,Available
"[28, 35]",1137844,Mayday,en,Mayday,237.6288,2026-09-03,7.955,346,Available
"[10770, 10751, 878, 28, 35]",1506560,Clash of the Thundermans,en,Clash of the Thundermans,219.5836,2026-09-03,6.843,35,Available
[10749],1285366,Shape of My Heart,ja,愛のぬくもり,215.0149,2024-07-06,5.2,5,Available
"[27, 35, 53]",1393326,Ghost in the Cell,id,Hantu Dalam Sel,207.1885,2026-04-16,7.2,47,Available
"[27, 53]",1339713,Obsession,en,Obsession,194.6239,2026-05-13,8.194,5392,Available
"[10749, 18]",1516698,The Last Sunrise,en,The Last Sunrise,172.2452,2026-08-26,6.65,141,Available
"[16, 10751, 35, 12]",1084244,Toy Story 5,en,Toy Story 5,163.306,2026-06-17,8.351,2053,Available
"[16, 28, 12, 878, 80, 18]",1560520,Batman: Knightfall Part 1: Knightfall,en,Batman: Knightfall Part 1: Knightfall,157.121,2026-06-23,9.167,260,Available
"[80, 28, 53]",1621552,Facing El Chapo,es,La captura,151.4053,2026-08-21,8.794,573,Available
"[28, 53]",1294189,The Mongoose,en,The Mongoose,145.7072,2026-10-30,0.0,0,Available
"[28, 53, 27, 80]",1514682,Above & Below,en,Above & Below,143.806,2026-07-29,6.2,25,Available
"[28, 878, 53]",1323244,Rage of Stars,en,Rage of Stars,143.0448,2026-08-06,5.9,79,Available
"[12, 16, 35, 10751, 14]",1315772,Minions & Monsters,en,Minions & Monsters,141.8469,2026-06-24,7.556,1061,Available
"[80, 18, 53]",860508,The Whisper Man,en,The Whisper Man,105.9362,2026-08-27,6.806,563,Available
"[28, 80, 18]",1213243,Toxic: A Fairy Tale for Grown-ups,kn,ಟಾಕ್ಸಿಕ್,92.898,2026-08-26,7.944,71,Available
"[27, 14, 9648]",1232569,Pinocchio: Unstrung,en,Pinocchio: Unstrung,110.3529,2026-07-22,6.6,92,Available
"[35, 18, 53]",1130948,Rosebush Pruning,en,Rosebush Pruning,100.4008,2026-04-23,6.134,41,Available
"[10749, 18, 53]",1440098,Drawn Together,es,Enfrentados: Marfil,101.7507,2026-09-09,6.9,16,Available
"[878, 53]",1275779,Disclosure Day,en,Disclosure Day,100.879,2026-06-10,7.47,3248,Available
[35],1273221,Scary Movie,en,Scary Movie,86.8042,2026-06-03,6.4,1836,Available
[27],1180894,Under Your Feet,es,Bajo tus pies,104.8019,2026-02-19,5.091,11,Available
"[878, 12]",687163,Project Hail Mary,en,Project Hail Mary,94.1923,2026-03-15,8.643,7628,Available
"[27, 9648, 878]",1083381,Backrooms,en,Backrooms,89.392,2026-05-27,7.054,3194,Available
[53],1101412,Fall 2: Deadpoint,en,Fall 2: Deadpoint,84.0359,2026-09-01,6.773,22,Available
"[28, 12, 878]",1228710,The Mandalorian and Grogu,en,The Mandalorian and Grogu,86.7439,2026-05-20,7.5,1543,Available
"[16, 12, 14]",980431,Avatar Aang: The Last Airbender,en,Avatar Aang: The Last Airbender,86.7503,2026-07-24,9.165,1083,Available
"[12, 18, 28]",1284465,The Death of Robin Hood,en,The Death of Robin Hood,77.0099,2026-06-18,6.227,291,Available
"[28, 12, 878]",634649,Spider-Man: No Way Home,en,Spider-Man: No Way Home,79.3565,2021-12-15,7.946,23053,Available
"[18, 80]",278,The Shawshank Redemption,en,The Shawshank Redemption,80.9203,1994-09-23,8.73,31281,Available
"[35, 53]",1599993,Animals,es,Animales,81.2725,2026-02-05,6.2,40,Available
"[878, 53]",755898,War of the Worlds,en,War of the Worlds,80.2974,2025-07-29,4.02,1125,Available
"[27, 53]",1127384,Deep Water,en,Deep Water,78.1894,2026-04-30,7.1,475,Available
"[28, 12, 878]",1081003,Supergirl,en,Supergirl,75.2528,2026-06-24,6.71,2201,Available
"[28, 18, 53]",1355228,Gandhari,hi,गांधारी,68.047,2026-09-03,5.063,8,Available
"[35, 10749]",1433367,One Night Only,en,One Night Only,89.2192,2026-07-28,6.82,86,Available
"[16, 28, 14]",1311031,Demon Slayer: Kimetsu no Yaiba Infinity Castle,ja,劇場版「鬼滅の刃」無限城編 第一章 猗窩座再来,66.6896,2025-07-18,8.784,2102,Available
"[12, 28, 878]",299536,Avengers: Infinity War,en,Avengers: Infinity War,69.1843,2018-04-25,8.242,32842,Available
"[18, 10749, 80]",194117,Woman in the Moon,it,La donna della luna,65.2792,1988-03-31,5.6,8,Available
"[28, 80, 18, 53]",1419406,The Shadow's Edge,zh,捕风追影,66.3965,2025-08-16,8.229,1364,Available
[27],1625673,Blood Covenant,en,Blood Covenant,68.4169,2026-05-26,5.5,2,Available
"[16, 12, 35, 9648, 10751]",1084242,Zootopia 2,en,Zootopia 2,65.2374,2025-11-26,7.675,3400,Available
"[10751, 35, 12, 14, 16]",1226863,The Super Mario Galaxy Movie,en,The Super Mario Galaxy Movie,65.3352,2026-04-01,8.23,3642,Available
"[878, 12, 14]",83533,Avatar: Fire and Ash,en,Avatar: Fire and Ash,61.2886,2025-12-17,7.646,4288,Available
"[53, 80]",1480574,Just Play Dead,en,Just Play Dead,55.5313,2026-08-28,6.485,33,Available
"[12, 18, 878]",157336,Interstellar,en,Interstellar,63.7992,2014-11-05,8.487,41098,Available
"[878, 28, 12]",24428,The Avengers,en,The Avengers,59.488,2012-04-25,8.074,39642,Available
"[28, 10752]",1594914,Lucky Strike,en,Lucky Strike,61.0156,2026-06-26,6.89,41,Available
"[28, 14, 878]",454639,Masters of the Universe,en,Masters of the Universe,59.8546,2026-06-03,7.1,2081,Available
"[18, 80]",238,The Godfather,en,The Godfather,58.5286,1972-03-14,8.686,23516,Available
"[28, 12, 878]",315635,Spider-Man: Homecoming,en,Spider-Man: Homecoming,59.2216,2017-07-05,7.333,23861,Available
"[18, 14, 27, 10749]",456931,Islands,fr,Les Îles,55.3349,2017-05-21,4.2,25,Available
"[12, 878, 28]",299534,Avengers: Endgame,en,Avengers: Endgame,57.0889,2019-04-24,8.241,28596,Available
"[10402, 18]",936075,Michael,en,Michael,56.045,2026-04-22,8.647,4291,Available
"[878, 9648, 53]",1101383,The End of Oak Street,en,The End of Oak Street,57.6922,2026-08-12,6.354,463,Available
"[12, 14, 28]",1698863,The Odyssey,en,The Odyssey,57.6856,2026-07-03,3.995,509,Available
"[878, 18, 12]",1384216,The Dog Stars,en,The Dog Stars,57.6304,2026-08-26,6.6,231,Available
"[28, 35, 878]",533535,Deadpool & Wolverine,en,Deadpool & Wolverine,56.3208,2024-07-24,7.586,9394,Available
"[16, 878, 12, 10751, 28]",1731694,LEGO Star Wars: The Mandalorian,en,LEGO Star Wars: The Mandalorian,55.6015,2026-09-02,6.9,22,Available
"[27, 53]",1432706,Bury the Devil,en,Bury the Devil,55.5779,2026-03-06,5.81,21,Available
"[28, 53]",155,The Dark Knight,en,The Dark Knight,55.4015,2008-07-16,8.535,36652,Available
[18],327317,Summer Temptations,it,Provocazione,55.0917,1988-11-25,5.6,29,Available
[27],1212763,Evil Dead Burn,en,Evil Dead Burn,54.9377,2026-07-07,7.713,1471,Available
"[27, 9648, 53]",405746,Door,ja,DOOR,54.7661,1988-05-14,6.063,32,Available
[],1494843,丫丫,zh,丫丫,54.5908,1979-03-01,0.0,0,Available
"[12, 14]",671,Harry Potter and the Philosopher's Stone,en,Harry Potter and the Philosopher's Stone,54.1798,2001-11-16,7.903,30176,Available
[10749],1523145,Your Heart Will Be Broken,ru,Твоё сердце будет разбито,53.794,2026-03-26,7.1,120,Available
"[28, 878, 12]",27205,Inception,en,Inception,53.7103,2010-07-15,8.373,40140,Available
[27],687259,Ghost Stories,zh,镜花风月三之螺女挑情,52.9698,1982-01-01,6.2,2,Available
[35],30723,Cavegirl,en,Cavegirl,52.6057,1985-05-01,3.917,24,Available
"[35, 18]",1314481,The Devil Wears Prada 2,en,The Devil Wears Prada 2,52.3964,2026-04-29,7.045,2290,Available
"[28, 878]",557,Spider-Man,en,Spider-Man,52.3928,2002-05-01,7.353,21372,Available
"[28, 80, 53]",1290821,Shelter,en,Shelter,52.3576,2026-01-28,7.774,1834,Available
"[16, 28, 12, 878]",569094,Spider-Man: Across the Spider-Verse,en,Spider-Man: Across the Spider-Verse,51.6899,2023-05-31,8.346,9206,Available
"[16, 28, 12, 878]",324857,Spider-Man: Into the Spider-Verse,en,Spider-Man: Into the Spider-Verse,52.3049,2018-12-06,8.399,17826,Available
"[28, 53, 878]",822119,Captain America: Brave New World,en,Captain America: Brave New World,48.7855,2025-02-12,5.949,3379,Available
"[27, 878, 53]",1284041,The Last House,en,The Last House,45.8848,2026-08-06,6.893,1285,Available
"[27, 53]",1291595,Insidious: Out of the Further,en,Insidious: Out of the Further,48.3261,2026-08-19,6.488,129,Available
"[27, 28, 53]",1110034,Kraken,no,Kraken,48.0772,2026-02-06,6.232,314,Available
"[28, 878, 12]",1726,Iron Man,en,Iron Man,42.7655,2008-04-30,7.664,28779,Available
[53],1727780,Borderline,en,Borderline,46.8929,2026-07-17,5.969,16,Available
"[18, 53, 9648]",1631807,The Secret Woman,da,Den hemmelige kvinde,44.7024,2026-08-28,6.315,73,Available
"[18, 36]",872585,Oppenheimer,en,Oppenheimer,45.2349,2023-07-19,8.022,12439,Available
"[18, 10749]",597,Titanic,en,Titanic,44.6919,1997-12-18,7.9,27701,Available
"[12, 16, 35, 10751, 878]",1327819,Hoppers,en,Hoppers,46.6739,2026-03-04,8.2,2311,Available
"[878, 12]",693134,Dune: Part Two,en,Dune: Part Two,44.0641,2024-02-27,8.134,8525,Available
"[12, 14, 28]",122,The Lord of the Rings: The Return of the King,en,The Lord of the Rings: The Return of the King,43.2976,2003-12-17,8.5,27304,Available
"[28, 18, 80]",1439930,The Punisher: One Last Kill,en,The Punisher: One Last Kill,44.8164,2026-05-12,8.273,2199,Available
"[28, 878]",603,The Matrix,en,The Matrix,47.1488,1999-03-31,8.257,28677,Available
[18],1723013,Hibla 2,tl,Hibla 2,45.4392,2026-06-30,3.0,1,Available
"[18, 80, 36]",1471168,Barreda,es,Barreda,42.4824,2026-08-28,7.262,61,Available
"[27, 35, 14]",1514026,Buddy,en,Buddy,41.8853,2026-08-27,8.2,45,Available
"[27, 35]",1545484,Deathwoods,en,Deathwoods,46.1045,2026-08-07,6.3,3,Available
"[878, 28, 12]",1003596,Avengers: Doomsday,en,Avengers: Doomsday,43.6287,2026-12-16,0.0,0,Available
"[53, 80, 18]",1487861,Elize: Shadows of a Woman,pt,Elize: Sombras de uma Mulher,40.8456,2026-07-22,7.512,202,Available
"[10751, 16, 878, 12]",1184918,The Wild Robot,en,The Wild Robot,41.0275,2024-09-12,8.307,6556,Available
"[27, 878]",1423191,Resident Evil,en,Resident Evil,43.1746,2026-09-16,0.0,0,Available
"[878, 12, 28]",1234821,Jurassic World Rebirth,en,Jurassic World Rebirth,41.4287,2025-06-23,6.259,3737,Available
"[12, 14]",12445,Harry Potter and the Deathly Hallows: Part 2,en,Harry Potter and the Deathly Hallows: Part 2,38.7745,2011-07-12,8.08,22404,Available
"[10749, 14, 35]",6435,Practical Magic,en,Practical Magic,43.7143,1998-10-16,6.779,1852,Available
"[28, 14, 12]",931285,Mortal Kombat II,en,Mortal Kombat II,39.7982,2026-05-06,7.827,2535,Available
[53],985939,Fall,en,Fall,37.6802,2022-08-11,7.141,4842,Available
"[35, 10749, 14]",1489187,You Drive Me Crazy,ru,Сводишь с ума,43.8016,2025-10-09,7.5,19,Available
"[28, 80, 53]",1280738,The Furious,zh,火遮眼,38.1679,2026-06-10,8.184,703,Available
"[28, 35, 99]",1612018,Jackass: Best and Last,en,Jackass: Best and Last,38.9136,2026-06-25,7.5,234,Available
"[28, 18]",361743,Top Gun: Maverick,en,Top Gun: Maverick,37.6779,2022-05-21,8.157,11515,Available
"[53, 27]",1479495,Hellcat,en,Hellcat,39.9443,2025-07-25,5.45,20,Available
"[18, 10749]",82023,Hotel Desire,de,Hotel Desire,35.2283,2011-12-07,6.204,164,Available
"[10751, 35, 16, 12]",862,Toy Story,en,Toy Story,40.7879,1995-11-22,7.988,20487,Available
"[28, 53, 80]",87513,Motor City,en,Motor City,37.0132,2026-07-23,6.3,102,Available
[18],299710,Being 14,fr,À 14 ans,34.3759,2015-02-25,4.1,65,Available
"[12, 18]",49494,The Eagle,en,The Eagle,54.1889,2011-02-08,6.242,1464,Available
"[12, 14, 28]",120,The Lord of the Rings: The Fellowship of the Ring,en,The Lord of the Rings: The Fellowship of the Ring,38.6877,2001-12-18,8.444,28303,Available
"[53, 80, 35]",680,Pulp Fiction,en,Pulp Fiction,37.6211,1994-09-10,8.48,30827,Available
[35],1288059,I Want Your Sex,en,I Want Your Sex,31.2846,2026-07-29,6.2,60,Available
"[35, 80, 53]",46578,The Great American Girl Robbery,en,The Great American Girl Robbery,30.219,1979-09-01,4.2,17,Available
"[12, 53]",390062,Jungle,en,Jungle,38.2591,2017-06-27,6.714,2257,Available
"[18, 53]",550,Fight Club,en,Fight Club,37.7729,1999-10-15,8.437,32816,Available
"[16, 12, 10751, 14, 35]",1185806,PAW Patrol: The Dino Movie,en,PAW Patrol: The Dino Movie,39.0652,2026-07-23,7.0,49,Available
"[12, 16, 10751, 14]",1007757,Swapped,en,Swapped,39.3924,2026-05-01,8.87,2163,Available
"[878, 12, 28]",447365,Guardians of the Galaxy Vol. 3,en,Guardians of the Galaxy Vol. 3,36.5952,2023-05-03,7.931,8779,Available
"[878, 12, 28]",617126,The Fantastic 4: First Steps,en,The Fantastic 4: First Steps,36.6791,2025-07-23,6.9,3834,Available
[10749],895954,母女汽车中心,ko,莫尼卡中心,33.3101,2021-01-01,4.0,1,Available
"[53, 80]",976912,Graphic Desires,en,Graphic Desires,37.0866,2023-08-31,6.9,148,Available
"[878, 12, 28]",1061474,Superman,en,Superman,34.9899,2025-07-09,7.325,5413,Available
"[28, 12, 878]",559,Spider-Man 3,en,Spider-Man 3,37.1219,2007-05-01,6.48,15728,Available
"[80, 9648, 53]",414906,The Batman,en,The Batman,37.1617,2022-03-01,7.667,12471,Available
"[10749, 14, 35]",1302904,Practical Magic 2,en,Practical Magic 2,48.27,2026-09-09,6.5,12,Available
"[35, 53, 18]",496243,Parasite,ko,기생충,38.4343,2019-05-30,8.49,21265,Available
"[878, 28, 12]",19995,Avatar,en,Avatar,39.0517,2009-12-16,7.609,34621,Available
"[28, 53]",1122573,In the Grey,en,In the Grey,38.2439,2026-05-13,7.573,913,Available
"[28, 53, 878]",218,The Terminator,en,The Terminator,40.2455,1984-10-26,7.69,15075,Available
"[28, 878, 53]",1265609,War Machine,en,War Machine,37.653,2026-02-12,7.47,2428,Available
"[16, 10751, 14]",129,Spirited Away,ja,千と千尋の神隠し,36.9078,2001-07-20,8.534,18863,Available
"[27, 10749]",1564614,Leviticus,en,Leviticus,37.7281,2026-06-17,6.7,476,Available
"[12, 14]",12444,Harry Potter and the Deathly Hallows: Part 1,en,Harry Potter and the Deathly Hallows: Part 1,35.5554,2010-11-17,7.732,20761,Available
"[28, 12, 878]",99861,Avengers: Age of Ultron,en,Avengers: Age of Ultron,36.205,2015-04-22,7.277,24981,Available
"[35, 18, 10749]",950028,The Invite,en,The Invite,35.3456,2026-06-25,7.257,467,Available
"[878, 12]",438631,Dune,en,Dune,34.6856,2021-09-15,7.784,15496,Available
"[12, 14]",673,Harry Potter and the Prisoner of Azkaban,en,Harry Potter and the Prisoner of Azkaban,31.8543,2004-05-31,8.0,23598,Available
"[35, 10751, 9648]",1301421,The Sheep Detectives,en,The Sheep Detectives,35.7567,2026-04-30,7.942,1622,Available
"[27, 9648]",1304313,Lee Cronin's The Mummy,en,Lee Cronin's The Mummy,36.2844,2026-04-15,7.883,2627,Available
"[28, 12, 878]",1930,The Amazing Spider-Man,en,The Amazing Spider-Man,34.5988,2012-06-23,6.76,19063,Available
"[9648, 53]",1368166,The Housemaid,en,The Housemaid,31.494,2025-12-18,7.257,3018,Available
"[80, 9648, 53]",807,Se7en,en,Se7en,33.8301,1995-09-22,8.38,23730,Available
"[27, 53]",49018,Insidious,en,Insidious,32.5361,2011-03-31,6.954,7574,Available
"[14, 12, 27]",1212461,Obex,en,Obex,29.9675,2026-01-09,6.0,23,Available
[18],89657,Country Hooker,en,Country Hooker,40.7895,1974-10-04,3.9,7,Available
"[10751, 16, 10402, 12]",354912,Coco,en,Coco,35.377,2017-10-27,8.196,21369,Available
"[35, 18, 10749]",13,Forrest Gump,en,Forrest Gump,33.6938,1994-06-23,8.462,30412,Available
[27],964849,Nightborn,fi,Yön lapsi,34.7404,2026-07-01,6.034,116,Available
[],1156869,Blaze of Love,en,性迷宮,40.9789,1994-01-01,0.0,0,Available
"[28, 878, 12]",986056,Thunderbolts*,en,Thunderbolts*,33.2778,2025-04-30,7.3,4018,Available
"[28, 53, 878]",280,Terminator 2: Judgment Day,en,Terminator 2: Judgment Day,35.8781,1991-07-03,8.167,14810,Available
"[16, 35, 10751, 14]",585,"Monsters, Inc.",en,"Monsters, Inc.",34.5416,2001-11-01,7.856,20213,Available
"[27, 878, 53]",1307118,Soulm8te,en,Soulm8te,35.2074,2026-07-31,7.41,311,Available
"[16, 10751, 18]",8587,The Lion King,en,The Lion King,34.7398,1994-06-15,8.251,20113,Available
[18],1669051,Kesong Puti,tl,Kesong puti,34.7466,2026-04-24,3.8,4,Available
"[80, 53, 18]",475557,Joker,en,Joker,33.2842,2019-10-01,8.116,28273,Available
"[878, 28, 12]",912649,Venom: The Last Dance,en,Venom: The Last Dance,32.5517,2024-10-22,6.672,4502,Available
"[28, 18, 12]",98,Gladiator,en,Gladiator,34.7175,2000-05-04,8.231,21452,Available
"[16, 28, 12, 14]",1599191,Renegade Immortal: Battle of the Immortal Slayer,zh,仙逆剧场版：弑仙之战,29.5754,,0.0,0,Unknown
"[12, 14, 28]",58,Pirates of the Caribbean: Dead Man's Chest,en,Pirates of the Caribbean: Dead Man's Chest,34.0887,2006-07-06,7.39,17553,Available
"[12, 28, 878]",10138,Iron Man 2,en,Iron Man 2,34.3481,2010-04-28,6.855,22880,Available
"[12, 14]",674,Harry Potter and the Goblet of Fire,en,Harry Potter and the Goblet of Fire,33.5682,2005-11-16,7.802,22594,Available
"[53, 878, 9648]",45612,Source Code,en,Source Code,27.2461,2011-03-30,7.312,9383,Available
"[18, 10770]",441168,From Straight A's to XXX,en,From Straight A's to XXX,30.7268,2017-02-11,5.9,171,Available
"[16, 18]",83389,From Up on Poppy Hill,ja,コクリコ坂から,17.2674,2011-07-16,7.5,1989,Available
"[9648, 18]",1668364,Desire,es,Deseo,33.0866,2026-05-07,6.748,246,Available
"[18, 80, 53]",112929,School on Fire,cn,學校風雲,31.4472,1988-08-20,7.3,32,Available
"[12, 28, 878]",11,Star Wars,en,Star Wars,31.856,1977-05-25,8.207,22831,Available
"[12, 14, 28]",22,Pirates of the Caribbean: The Curse of the Black Pearl,en,Pirates of the Caribbean: The Curse of the Black Pearl,31.2826,2003-07-09,7.834,22733,Available
"[16, 35, 14, 12, 10751]",808,Shrek,en,Shrek,32.298,2001-05-18,7.778,19278,Available
"[27, 53]",138843,The Conjuring,en,The Conjuring,31.7826,2013-07-18,7.542,13036,Available
"[18, 37]",68718,Django Unchained,en,Django Unchained,32.5365,2012-12-25,8.193,28565,Available
"[12, 14, 28]",121,The Lord of the Rings: The Two Towers,en,The Lord of the Rings: The Two Towers,31.8585,2002-12-18,8.428,24531,Available
"[10752, 18, 28]",228150,Fury,en,Fury,27.5906,2014-10-15,7.545,13211,Available
"[16, 10751, 14]",14836,Coraline,en,Coraline,34.6294,2009-02-05,7.936,9399,Available
"[27, 28, 53]",1233413,Sinners,en,Sinners,30.4878,2025-04-16,7.512,5144,Available
"[27, 878]",348,Alien,en,Alien,31.4309,1979-05-25,8.173,16816,Available
"[18, 36, 10752]",424,Schindler's List,en,Schindler's List,34.1259,1993-12-15,8.57,17879,Available
"[12, 28, 878]",271110,Captain America: Civil War,en,Captain America: Civil War,41.9296,2016-04-27,7.453,24538,Available
"[16, 35, 10751]",1297842,GOAT,en,GOAT,33.6377,2026-02-11,8.063,1064,Available
"[28, 53, 12]",575265,Mission: Impossible - The Final Reckoning,en,Mission: Impossible - The Final Reckoning,31.3306,2025-05-17,7.178,3130,Available
"[16, 10751, 35]",10193,Toy Story 3,en,Toy Story 3,31.3891,2010-06-16,7.815,16187,Available
"[53, 28, 80]",1413976,Citizen Vigilante,en,Citizen Vigilante,31.6756,2026-06-19,6.471,377,Available
"[28, 12, 878]",429617,Spider-Man: Far From Home,en,Spider-Man: Far From Home,31.5134,2019-06-28,7.393,17568,Available
"[18, 10749, 53]",1010581,My Fault,es,Culpa mía,33.8826,2023-06-08,7.728,4186,Available
[28],646315,The Legendary Lighter,ko,전설의 라이타,31.7958,2019-10-29,6.5,6,Available
"[14, 10402, 35, 16]",803796,KPop Demon Hunters,en,KPop Demon Hunters,33.6613,2025-06-20,8.001,3184,Available
"[12, 10751, 16, 28, 35]",177572,Big Hero 6,en,Big Hero 6,30.9956,2014-10-24,7.724,16896,Available
"[18, 10749]",1408162,Vishwanath & Sons,ta,விஸ்வநாத் & சன்ஸ்,29.9938,2026-08-14,7.0,11,Available
"[28, 12, 16, 10751]",9806,The Incredibles,en,The Incredibles,29.4001,2004-10-27,7.728,19273,Available
"[10749, 35, 18]",1325734,The Drama,en,The Drama,32.3143,2026-04-01,6.9,1742,Available
"[80, 53]",1171145,Crime 101,en,Crime 101,32.6517,2026-02-11,7.013,1336,Available
"[27, 53]",1481343,The Devil's Mouth,en,The Devil's Mouth,30.3163,2026-07-29,6.525,767,Available
"[12, 35, 878]",105,Back to the Future,en,Back to the Future,31.0486,1985-07-03,8.329,22353,Available
"[28, 18]",29363,A World Without Thieves,zh,天下无贼,17.0916,2004-12-09,7.3,156,Available
"[10751, 878, 35]",552524,Lilo & Stitch,en,Lilo & Stitch,30.2128,2025-05-17,7.18,2276,Available
"[16, 28, 10749, 14]",1218925,Chainsaw Man - The Movie: Reze Arc,ja,劇場版 チェンソーマン レゼ篇,30.9288,2025-09-19,8.5,1168,Available
"[16, 10751, 878]",10681,WALL·E,en,WALL·E,30.0992,2008-06-26,8.122,20822,Available
"[28, 35, 53]",1377237,Runner,en,Runner,34.2982,2026-09-07,8.4,9,Available
"[12, 53, 878]",840464,Greenland 2: Migration,en,Greenland 2: Migration,32.1221,2026-01-07,6.396,1526,Available
"[53, 80, 35]",1054867,One Battle After Another,en,One Battle After Another,31.5608,2025-09-23,7.334,4214,Available
[35],1303331,Dhamaal 4,hi,धमाल ४,30.1645,2026-07-10,3.167,9,Available
"[28, 12, 878]",76600,Avatar: The Way of Water,en,Avatar: The Way of Water,30.3018,2022-12-14,7.584,14600,Available
"[28, 18]",911430,F1,en,F1,29.8869,2025-06-25,7.821,4624,Available
"[16, 10751, 12]",12,Finding Nemo,en,Finding Nemo,31.314,2003-05-30,7.821,20947,Available
"[28, 80]",24,Kill Bill: Vol. 1,en,Kill Bill: Vol. 1,28.2777,2003-10-10,7.97,19380,Available
"[28, 9648, 878, 53]",198663,The Maze Runner,en,The Maze Runner,30.061,2014-09-10,7.19,18439,Available
"[10749, 878, 53]",950396,The Gorge,en,The Gorge,30.1488,2025-02-13,7.694,4172,Available
"[878, 18]",335984,Blade Runner 2049,en,Blade Runner 2049,32.1377,2017-10-04,7.605,15637,Available
[18],389,12 Angry Men,en,12 Angry Men,29.4164,1957-04-10,8.571,10340,Available
"[80, 53]",425274,Now You See Me: Now You Don't,en,Now You See Me: Now You Don't,28.5106,2025-11-12,6.465,1805,Available
"[10751, 16, 12, 35, 14]",330457,Frozen II,en,Frozen II,28.0482,2019-11-20,7.225,10459,Available
"[28, 12, 878]",102382,The Amazing Spider-Man 2,en,The Amazing Spider-Man 2,29.5397,2014-04-16,6.559,14704,Available
"[27, 878]",933260,The Substance,en,The Substance,29.5457,2024-09-07,7.129,6430,Available
"[28, 12]",652,Troy,en,Troy,28.3393,2004-05-13,7.19,11487,Available
"[28, 18]",23916,Paradise Alley,en,Paradise Alley,12.7159,1978-09-22,5.917,163,Available
"[10751, 35, 12, 14, 16]",502356,The Super Mario Bros. Movie,en,The Super Mario Bros. Movie,30.738,2023-04-05,7.593,11114,Available
"[16, 12, 35, 10751]",1022789,Inside Out 2,en,Inside Out 2,29.518,2024-06-11,7.538,6963,Available
"[80, 53]",1530121,The Girl in the River,en,The Girl in the River,30.4099,2026-09-04,8.0,7,Available
"[18, 36, 10752]",324786,Hacksaw Ridge,en,Hacksaw Ridge,28.0135,2016-10-07,8.193,15267,Available
"[36, 80, 18]",1380417,By Any Means,en,By Any Means,28.9022,2026-09-02,8.1,12,Available
"[16, 12, 10751, 35]",269149,Zootopia,en,Zootopia,25.0581,2016-02-11,7.765,18503,Available
"[28, 12, 878]",76341,Mad Max: Fury Road,en,Mad Max: Fury Road,32.5865,2015-05-13,7.637,24564,Available
[99],1765072,You Can See Everything,en,You Can See Everything,24.1966,2026-09-06,9.0,1,Available
"[18, 80]",240,The Godfather Part II,en,The Godfather Part II,29.6191,1974-12-20,8.6,14301,Available
"[28, 80, 18, 53]",49026,The Dark Knight Rises,en,The Dark Knight Rises,34.1885,2012-07-17,7.797,24896,Available
"[12, 16, 35, 10751, 14]",1241982,Moana 2,en,Moana 2,29.4408,2024-11-21,6.989,3271,Available
"[18, 10402, 53]",244786,Whiplash,en,Whiplash,29.8337,2014-10-10,8.375,17053,Available
"[28, 12, 878]",68721,Iron Man 3,en,Iron Man 3,29.7412,2013-04-18,6.931,23843,Available
"[16, 18, 9648, 14]",822653,Puella Magi Madoka Magica the Movie -Walpurgisnacht: Rising-,ja,劇場版 魔法少女まどか☆マギカ〈ワルプルギスの廻天〉,29.4737,2026-08-28,0.0,0,Available
"[36, 18, 53, 10752]",205596,The Imitation Game,en,The Imitation Game,28.9764,2014-11-14,7.98,18388,Available
"[18, 35]",350,The Devil Wears Prada,en,The Devil Wears Prada,29.1391,2006-06-29,7.436,14205,Available
"[12, 14]",675,Harry Potter and the Order of the Phoenix,en,Harry Potter and the Order of the Phoenix,27.9596,2007-07-08,7.672,21191,Available
"[28, 53]",1318447,Apex,en,Apex,27.6216,2026-04-24,6.89,1906,Available
"[14, 28, 12]",453395,Doctor Strange in the Multiverse of Madness,en,Doctor Strange in the Multiverse of Madness,29.3092,2022-05-04,7.224,10783,Available
"[14, 16, 12]",4935,Howl's Moving Castle,ja,ハウルの動く城,32.431,2004-09-09,8.386,11407,Available
"[16, 28, 14, 12]",980477,Ne Zha 2,zh,哪吒之魔童闹海,29.6225,2025-01-29,8.156,813,Available
"[878, 28, 12]",1724,The Incredible Hulk,en,The Incredible Hulk,27.4354,2008-06-12,6.26,13113,Available
"[16, 35, 10751, 12]",14160,Up,en,Up,26.7394,2009-05-28,7.96,22091,Available
[27],967998,Fatal Conspiracy,pt,Conspiração Fatal,28.8547,2022-05-26,6.4,5,Available
"[12, 14]",767,Harry Potter and the Half-Blood Prince,en,Harry Potter and the Half-Blood Prince,27.7511,2009-07-15,7.681,21163,Available
"[9648, 53, 18]",210577,Gone Girl,en,Gone Girl,27.3209,2014-10-01,7.89,20366,Available
"[80, 18, 35]",106646,The Wolf of Wall Street,en,The Wolf of Wall Street,28.6405,2013-12-25,8.0,26478,Available
"[27, 53]",614479,Insidious: The Red Door,en,Insidious: The Red Door,28.5593,2023-07-05,6.516,2096,Available
"[16, 12, 35, 10751]",920,Cars,en,Cars,27.4265,2006-06-08,7.0,15483,Available
"[16, 12, 14, 35, 10751]",315162,Puss in Boots: The Last Wish,en,Puss in Boots: The Last Wish,27.5731,2022-12-07,8.216,9204,Available
"[14, 10751, 28, 12]",1087192,How to Train Your Dragon,en,How to Train Your Dragon,26.3402,2025-06-06,7.932,3103,Available
"[28, 878, 35, 12]",284053,Thor: Ragnarok,en,Thor: Ragnarok,26.9038,2017-10-02,7.58,22451,Available
"[28, 12, 878]",505642,Black Panther: Wakanda Forever,en,Black Panther: Wakanda Forever,28.0842,2022-11-09,7.0,7751,Available
"[28, 80, 53]",385687,Fast X,en,Fast X,28.0912,2023-05-17,6.982,6481,Available
"[12, 10751, 14]",411,"The Chronicles of Narnia: The Lion, the Witch and the Wardrobe",en,"The Chronicles of Narnia: The Lion, the Witch and the Wardrobe",25.7798,2005-12-07,7.143,11753,Available
"[35, 12, 14]",346698,Barbie,en,Barbie,24.173,2023-07-19,6.909,11536,Available
"[10751, 14, 35, 12]",950387,A Minecraft Movie,en,A Minecraft Movie,29.2334,2025-03-31,6.224,3273,Available
"[14, 12, 28]",284052,Doctor Strange,en,Doctor Strange,25.9264,2016-10-25,7.425,23874,Available
"[53, 28, 80]",156022,The Equalizer,en,The Equalizer,27.3442,2014-09-24,7.292,10179,Available
"[28, 53, 80]",541671,Ballerina,en,Ballerina,25.279,2025-06-04,7.272,2955,Available
"[10751, 18]",1709391,Hanuman Ansh,hi,हनुमान अंश,28.3592,2026-08-07,8.6,10,Available
"[28, 878, 12]",1656061,Immortal Combat,en,Immortal Combat,28.052,2026-04-24,4.81,21,Available
"[28, 35, 80]",522627,The Gentlemen,en,The Gentlemen,27.4895,2020-01-01,7.657,6851,Available
"[27, 53]",280092,Insidious: Chapter 3,en,Insidious: Chapter 3,25.9573,2015-05-28,6.298,3753,Available
"[28, 35, 12]",383498,Deadpool 2,en,Deadpool 2,26.05,2018-05-15,7.488,19623,Available
"[28, 80, 18, 53]",414419,Kill Bill: The Whole Bloody Affair,en,Kill Bill: The Whole Bloody Affair,27.1146,2011-03-27,8.12,1411,Available
[27],1569947,The Priest: Thanksgiving Massacre,en,The Priest: Thanksgiving Massacre,26.9654,2025-08-08,3.843,70,Available
"[878, 18, 12]",286217,The Martian,en,The Martian,26.2877,2015-09-30,7.707,21778,Available
"[28, 35, 80, 9648]",1168190,The Wrecking Crew,en,The Wrecking Crew,26.6768,2026-01-28,7.095,1256,Available
"[27, 53]",1321008,Black Box,en,Black Box,27.0229,2026-06-25,6.029,85,Available
"[28, 53]",1380291,Tom Clancy's Jack Ryan: Ghost War,en,Tom Clancy's Jack Ryan: Ghost War,27.6666,2026-05-20,6.92,770,Available
"[28, 878, 12]",1242898,Predator: Badlands,en,Predator: Badlands,26.2537,2025-11-05,7.833,3619,Available
"[28, 80, 18]",111,Scarface,en,Scarface,25.8859,1983-12-09,8.152,13395,Available
"[878, 12, 28]",283995,Guardians of the Galaxy Vol. 2,en,Guardians of the Galaxy Vol. 2,26.0463,2017-04-25,7.609,23404,Available
[35],264980,Loves of a French Pussycat,de,Das Mädchen mit der heißen Masche,20.114,1972-03-09,4.222,9,Available
"[28, 53, 80]",1630409,The Debt Collector,th,คนเดือดทวงแค้น,26.4944,2026-07-20,7.989,133,Available
[18],1062185,Let's Both Try,en,Let's Both Try,30.3837,2025-05-27,0.0,0,Available
"[35, 80]",12153,White Chicks,en,White Chicks,25.8157,2004-06-23,6.963,4736,Available
"[16, 35, 80, 878, 10751]",20352,Despicable Me,en,Despicable Me,27.0352,2010-07-08,7.26,16361,Available
[35],38365,Grown Ups,en,Grown Ups,25.8841,2010-06-24,6.435,6864,Available
"[18, 53, 9648]",11324,Shutter Island,en,Shutter Island,25.4382,2010-02-14,8.197,26388,Available
"[35, 18]",37165,The Truman Show,en,The Truman Show,26.7736,1998-06-04,8.158,20802,Available
"[28, 12, 878]",127585,X-Men: Days of Future Past,en,X-Men: Days of Future Past,24.801,2014-05-15,7.535,16626,Available
"[12, 14, 28]",10195,Thor,en,Thor,25.2404,2011-04-21,6.771,22765,Available
"[80, 18, 28]",101,Léon: The Professional,fr,Léon,26.9803,1994-09-14,8.292,16485,Available
"[16, 35, 10751]",863,Toy Story 2,en,Toy Story 2,30.4476,1999-10-30,7.62,15329,Available
"[28, 12, 80, 53]",866398,The Beekeeper,en,The Beekeeper,25.3923,2024-01-08,7.277,4516,Available
"[27, 53]",694,The Shining,en,The Shining,24.5739,1980-05-23,8.199,19338,Available
"[35, 18, 53]",466272,Once Upon a Time... in Hollywood,en,Once Upon a Time... in Hollywood,27.1378,2019-07-24,7.419,15209,Available
"[28, 12, 878]",284054,Black Panther,en,Black Panther,25.0759,2018-02-13,7.362,23929,Available
"[18, 35]",77338,The Intouchables,fr,Intouchables,26.2273,2011-11-02,8.272,18785,Available
"[18, 53, 80]",1422,The Departed,en,The Departed,25.7736,2006-10-04,8.159,16608,Available
"[28, 12, 878]",141052,Justice League,en,Justice League,21.0366,2017-11-15,6.069,13916,Available
"[28, 53, 18]",359410,Road House,en,Road House,25.5799,2024-03-08,6.943,3220,Available
[37],429,"The Good, the Bad and the Ugly",it,"Il buono, il brutto, il cattivo",25.2195,1966-12-23,8.467,9923,Available
"[12, 28, 14]",564,The Mummy,en,The Mummy,24.5436,1999-04-16,6.993,10368,Available
"[27, 9648, 80]",1159559,Scream 7,en,Scream 7,25.6521,2026-02-25,6.2,1261,Available
"[16, 10751, 12, 14]",109445,Frozen,en,Frozen,24.1897,2013-11-20,7.249,17864,Available
"[16, 10751, 12, 35]",49013,Cars 2,en,Cars 2,26.4077,2011-06-11,6.188,8676,Available
"[28, 18, 878]",263115,Logan,en,Logan,23.775,2017-02-28,7.82,20801,Available
"[16, 10749, 18]",372058,Your Name.,ja,君の名は。,25.2538,2016-07-01,8.486,12963,Available
"[10752, 18, 36]",857,Saving Private Ryan,en,Saving Private Ryan,27.3659,1998-07-24,8.233,17742,Available
"[27, 53]",406563,Insidious: The Last Key,en,Insidious: The Last Key,24.4889,2018-01-03,6.278,3268,Available
"[35, 10749]",194,Amélie,fr,Le Fabuleux Destin d'Amélie Poulain,26.5913,2001-04-25,7.92,12639,Available
"[18, 80]",769,GoodFellas,en,GoodFellas,25.0743,1990-09-12,8.452,14727,Available
"[28, 12, 14]",572802,Aquaman and the Lost Kingdom,en,Aquaman and the Lost Kingdom,23.9979,2023-12-20,6.502,3653,Available
"[9648, 53, 27]",419430,Get Out,en,Get Out,26.2065,2017-02-24,7.625,19306,Available
"[28, 53, 878]",752,V for Vendetta,en,V for Vendetta,23.6393,2006-02-23,7.897,15905,Available
"[18, 10749]",71578,Desnudos,es,Desnudos,30.024,2004-10-22,3.833,12,Available
[27],1314826,Yellow Eyes,en,Yellow Eyes,25.8418,2026-08-18,4.813,8,Available
"[16, 18, 10751, 12]",260514,Cars 3,en,Cars 3,25.8344,2017-06-15,6.865,6564,Available
"[28, 53, 80]",603692,John Wick: Chapter 4,en,John Wick: Chapter 4,25.7943,2023-03-21,7.712,8272,Available
"[18, 80]",311,Once Upon a Time in America,en,Once Upon a Time in America,25.7925,1984-05-23,8.374,6196,Available
"[28, 53]",1613798,Vengeance,es,Venganza,25.6989,2026-02-26,7.516,307,Available
"[28, 12, 14]",122917,The Hobbit: The Battle of the Five Armies,en,The Hobbit: The Battle of the Five Armies,25.6471,2014-12-10,7.337,15723,Available
"[12, 14, 28]",285,Pirates of the Caribbean: At World's End,en,Pirates of the Caribbean: At World's End,25.6028,2007-05-19,7.277,15799,Available
"[35, 14]",214756,Ted 2,en,Ted 2,25.541,2015-06-25,6.326,8151,Available
[18],1398655,Blue Film,en,Blue Film,25.4564,2026-05-08,7.4,14,Available
"[28, 27, 878]",72190,World War Z,en,World War Z,25.4445,2013-06-19,6.85,17010,Available
"[18, 9648, 878]",1124,The Prestige,en,The Prestige,25.4409,2006-10-19,8.211,18088,Available
"[10749, 35]",1032863,The Love Hypothesis,en,The Love Hypothesis,25.4372,2026-09-23,0.0,0,Available
"[28, 12, 35]",293660,Deadpool,en,Deadpool,25.4194,2016-02-09,7.625,33259,Available
"[16, 35, 10751, 14]",2062,Ratatouille,en,Ratatouille,25.3911,2007-06-28,7.846,18907,Available
"[10749, 14, 16]",3933,Corpse Bride,en,Corpse Bride,25.342,2005-09-12,7.59,10404,Available
"[28, 80, 53]",1242265,Fuze,en,Fuze,25.3156,2026-03-23,7.195,377,Available
"[28, 878, 35, 10751]",939243,Sonic the Hedgehog 3,en,Sonic the Hedgehog 3,25.2519,2024-12-19,7.6,3451,Available
"[10749, 28, 18]",1479832,DC,ta,டிசி,25.2395,2026-08-07,7.8,18,Available
"[28, 12, 878]",436270,Black Adam,en,Black Adam,25.2285,2022-10-19,6.77,7236,Available
"[53, 80, 18]",637649,Wrath of Man,en,Wrath of Man,25.2008,2021-04-22,7.571,6284,Available
"[10749, 18]",11036,The Notebook,en,The Notebook,22.655,2004-06-25,7.89,12843,Available
"[18, 53, 10752]",16869,Inglourious Basterds,en,Inglourious Basterds,25.3752,2009-08-02,8.217,24723,Available
"[27, 53, 12]",578,Jaws,en,Jaws,20.9884,1975-06-20,7.685,11837,Available
"[28, 878, 12]",841,Dune,en,Dune,23.4549,1984-12-14,6.198,3535,Available
"[28, 53, 878]",679,Aliens,en,Aliens,22.4734,1986-07-18,7.966,11161,Available
"[28, 12, 53]",539972,Kraven the Hunter,en,Kraven the Hunter,22.454,2024-12-11,6.412,2484,Available
"[18, 80, 28]",272,Batman Begins,en,Batman Begins,25.922,2005-06-10,7.729,23136,Available
[18],489,Good Will Hunting,en,Good Will Hunting,24.1656,1997-12-05,8.2,14275,Available
"[28, 16, 35, 10751]",9502,Kung Fu Panda,en,Kung Fu Panda,24.3758,2008-06-04,7.337,12971,Available
"[27, 53]",91586,Insidious: Chapter 2,en,Insidious: Chapter 2,22.5564,2013-09-12,6.7,4739,Available
[10749],911835,Aunt,ko,숙모,18.9111,2021-07-28,5.7,3,Available
"[878, 12, 53]",131631,The Hunger Games: Mockingjay - Part 1,en,The Hunger Games: Mockingjay - Part 1,24.7198,2014-11-19,6.816,16976,Available
"[16, 35, 878]",1729723,Yellow Mirror,en,Yellow Mirror,22.477,2026-08-26,8.157,51,Available
"[18, 878, 9648]",329865,Arrival,en,Arrival,22.8988,2016-11-10,7.633,19831,Available
"[14, 10770, 10751, 12]",1318621,Descendants: Wicked Wonderland,en,Descendants: Wicked Wonderland,23.9618,2026-07-16,7.5,176,Available
"[28, 27, 53, 12]",396535,Train to Busan,ko,부산행,24.6226,2016-07-20,7.748,8702,Available
"[37, 18, 12]",281957,The Revenant,en,The Revenant,24.6093,2015-12-25,7.541,19678,Available
"[27, 878]",945961,Alien: Romulus,en,Alien: Romulus,24.8901,2024-08-13,7.158,4865,Available
"[16, 35, 878, 12]",1333141,Lesbian Space Princess,en,Lesbian Space Princess,27.7774,2025-09-11,3.72,209,Available
"[9648, 53, 18]",745,The Sixth Sense,en,The Sixth Sense,24.4724,1999-08-06,7.954,13255,Available
"[12, 28, 14]",1865,Pirates of the Caribbean: On Stranger Tides,en,Pirates of the Caribbean: On Stranger Tides,24.4055,2011-05-15,6.573,15223,Available
"[28, 80, 53]",1197306,A Working Man,en,A Working Man,24.4018,2025-03-26,6.686,2077,Available
"[28, 53, 80]",1007734,Nobody 2,en,Nobody 2,24.3076,2025-08-13,6.916,1820,Available
"[10751, 35, 16, 12]",301528,Toy Story 4,en,Toy Story 4,24.2923,2019-06-19,7.463,10957,Available
[99],192625,Pea Soup,fr,Pea Soup,24.2113,1979-02-14,6.7,3,Available
[27],1308972,Big Baby,en,Big Baby,24.2058,2025-10-09,4.0,3,Available
"[12, 14, 28]",49051,The Hobbit: An Unexpected Journey,en,The Hobbit: An Unexpected Journey,24.1646,2012-12-12,7.381,20035,Available
"[28, 53]",615457,Nobody,en,Nobody,24.1134,2021-03-18,7.864,8674,Available
[35],1219735,A History of Love and War,es,Una Película de Amor y Guerra,24.0738,2025-10-02,5.0,2,Available
"[18, 35]",10625,Mean Girls,en,Mean Girls,24.0427,2004-04-30,7.227,9648,Available
[18],207,Dead Poets Society,en,Dead Poets Society,24.0386,1989-06-02,8.3,12938,Available
[18],10997,Farewell My Concubine,zh,霸王别姬,24.0299,1993-01-01,7.9,706,Available
"[35, 12, 878]",550988,Free Guy,en,Free Guy,23.9941,2021-08-11,7.436,10141,Available
"[10751, 14]",447273,Snow White,en,Snow White,23.9921,2025-03-19,4.268,1729,Available
[10749],1608457,누나 친구 4,ko,누나 친구 4,23.9648,2024-12-16,0.0,0,Available
"[27, 53]",1430077,Hokum,en,Hokum,23.9269,2026-04-29,6.87,832,Available
"[18, 10752]",1391021,Once Upon a Time in the Middle East,zh,欢迎来龙餐馆,23.9258,2026-08-08,9.143,35,Available
"[878, 14, 28]",246655,X-Men: Apocalypse,en,X-Men: Apocalypse,23.917,2016-05-18,6.527,14079,Available
"[28, 12, 878]",497698,Black Widow,en,Black Widow,23.911,2021-07-07,7.151,11589,Available
"[18, 10752]",28,Apocalypse Now,en,Apocalypse Now,21.6256,1979-05-19,8.261,9358,Available
[18],1489543,G.D.N,ta,ஜி.டி.என்,24.363,2026-08-07,0.0,0,Available
"[80, 27, 53]",73861,A Serbian Film,sr,Srpski film,22.0963,2010-01-06,5.445,2265,Available
"[53, 28, 12, 80]",377670,Chapo: El Escape Del Siglo,es,Chapo: El Escape Del Siglo,24.1377,2016-01-15,5.5,31,Available
"[28, 878, 12]",786892,Furiosa: A Mad Max Saga,en,Furiosa: A Mad Max Saga,22.7548,2024-05-22,7.444,5168,Available
"[35, 18]",81774,Exploits of a Young Don Juan,fr,Les Exploits d'un jeune Don Juan,23.8336,1986-11-04,6.15,334,Available
"[18, 10749]",4348,Pride & Prejudice,en,Pride & Prejudice,21.9504,2005-09-16,8.1,8937,Available
[99],1621949,Qu'est-ce qu'on va faire de toi ?,fr,Qu'est-ce qu'on va faire de toi ?,27.2013,2026-02-11,7.833,6,Available
[18],549509,The Brutalist,en,The Brutalist,23.2994,2024-12-20,6.9,1800,Available
"[18, 80]",1567937,V,cn,空枪,14.2553,2026-08-19,5.667,6,Available
"[28, 12, 878]",49521,Man of Steel,en,Man of Steel,22.335,2013-06-12,6.661,16571,Available
"[878, 12, 28]",102899,Ant-Man,en,Ant-Man,20.9264,2015-07-14,7.067,21212,Available
"[27, 53, 878]",1100988,28 Years Later,en,28 Years Later,22.632,2025-06-18,6.604,2931,Available
[35],18785,The Hangover,en,The Hangover,22.5305,2009-06-02,7.337,18480,Available
"[16, 10751, 12]",38757,Tangled,en,Tangled,23.1034,2010-11-24,7.616,12681,Available
"[35, 10751, 12]",772,Home Alone 2: Lost in New York,en,Home Alone 2: Lost in New York,22.0573,1992-11-15,6.793,10880,Available
"[28, 53, 27]",1284046,Onslaught,en,Onslaught,20.7858,2026-09-02,6.382,17,Available
"[28, 12, 878]",299537,Captain Marvel,en,Captain Marvel,22.0305,2019-03-06,6.772,17116,Available
"[35, 80, 9648]",546554,Knives Out,en,Knives Out,23.2241,2019-11-27,7.843,14456,Available
"[878, 9648, 12]",62,2001: A Space Odyssey,en,2001: A Space Odyssey,22.0666,1968-04-02,8.045,12916,Available
"[28, 12, 878]",14161,2012,en,2012,21.7793,2009-10-10,5.895,13005,Available
"[53, 36, 10752, 18]",1318413,Pressure,en,Pressure,23.4422,2026-05-28,7.753,359,Available
"[878, 28, 14]",1698856,Master of the Universe,en,Master of the Universe,23.2496,2026-05-22,5.117,81,Available
"[27, 53, 878]",170,28 Days Later,en,28 Days Later,22.559,2002-10-31,7.246,8853,Available
"[28, 878, 18]",39254,Real Steel,en,Real Steel,22.5368,2011-09-28,7.142,9521,Available
"[27, 53, 35]",1198994,Send Help,en,Send Help,22.0711,2026-01-22,7.027,2268,Available
"[18, 10752]",423,The Pianist,en,The Pianist,20.8367,2002-09-17,8.37,10419,Available
[],1525963,Debtor’s Wife,ko,채무자의 아내,22.2744,2024-12-26,0.0,0,Available
[18],1483525,Possible Love,ko,가능한 사랑,23.0791,2026-09-23,0.0,0,Available
"[10752, 18, 36]",14097,9th Company,ru,9 рота,23.5691,2005-09-19,6.656,320,Available
"[18, 80]",640,Catch Me If You Can,en,Catch Me If You Can,21.6315,2002-12-16,7.977,17519,Available
"[28, 12, 16, 35, 80, 10751]",629542,The Bad Guys,en,The Bad Guys,22.5426,2022-03-17,7.514,2671,Available
"[16, 10751, 35, 878]",11544,Lilo & Stitch,en,Lilo & Stitch,21.396,2002-06-21,7.559,7231,Available
"[28, 10752, 36]",855,Black Hawk Down,en,Black Hawk Down,23.3547,2001-12-28,7.399,6572,Available
"[27, 53]",1368314,Passenger,en,Passenger,22.6841,2026-05-20,7.319,842,Available
[27],1038392,The Conjuring: Last Rites,en,The Conjuring: Last Rites,21.8018,2025-09-03,6.95,2104,Available
"[28, 53]",562,Die Hard,en,Die Hard,20.8554,1988-07-15,7.816,12614,Available
[99],27375,Salesman,en,Salesman,10.4364,1969-04-17,7.2,102,Available
"[18, 53, 9648]",345,Eyes Wide Shut,en,Eyes Wide Shut,22.1991,1999-07-16,7.5,7275,Available
"[53, 80, 10770]",801335,Girl in the Basement,en,Girl in the Basement,23.817,2021-02-27,7.575,889,Available
"[12, 16, 35]",1598766,Crayon Shin-chan the Movie: Very Bizarre! My Yokai Vacation,ja,クレヨンしんちゃん 奇々怪々！オラの妖怪バケ～ション,22.6671,2026-07-31,0.0,0,Available
"[18, 10749, 53]",216015,Fifty Shades of Grey,en,Fifty Shades of Grey,21.1839,2015-02-11,5.859,12540,Available
"[18, 36]",192139,The Brink of War,en,The Brink of War,17.4244,2026-08-13,7.05,20,Available
[18],405871,On the Beach,ja,令嬢肉奴隷,21.4322,1985-08-24,5.571,21,Available
"[18, 53, 80]",146233,Prisoners,en,Prisoners,21.4538,2013-09-19,8.105,13471,Available
"[14, 12, 16, 10751]",10191,How to Train Your Dragon,en,How to Train Your Dragon,20.3674,2010-03-18,7.866,14699,Available
"[18, 10749]",741110,Dreamchild,fr,L'Enfant rêvé,17.4245,2020-10-07,5.6,28,Available
"[80, 18]",103,Taxi Driver,en,Taxi Driver,21.2107,1976-02-09,8.1,13762,Available
"[28, 53, 80]",324552,John Wick: Chapter 2,en,John Wick: Chapter 2,20.5703,2017-02-08,7.345,14590,Available
"[18, 53]",215935,Bethlehem,he,בית לחם,28.5337,2013-09-26,6.236,36,Available
[27],259693,The Conjuring 2,en,The Conjuring 2,21.4556,2016-06-08,7.295,9386,Available
"[27, 9648]",574475,Final Destination Bloodlines,en,Final Destination Bloodlines,21.7571,2025-05-14,7.03,3096,Available
"[28, 12, 18, 37]",1305781,Blades of the Guardians,zh,镖人：风起大漠,21.9078,2026-02-17,8.196,225,Available
"[28, 12, 14]",566525,Shang-Chi and the Legend of the Ten Rings,en,Shang-Chi and the Legend of the Ten Rings,20.5568,2021-09-01,7.484,10709,Available
"[80, 18, 53, 28]",75780,Jack Reacher,en,Jack Reacher,20.5523,2012-12-20,6.679,7845,Available
"[28, 53, 80]",1306368,The Rip,en,The Rip,22.4067,2026-01-13,7.088,1915,Available
"[80, 18, 28]",949,Heat,en,Heat,21.5876,1995-12-15,7.943,8658,Available
"[878, 28, 35]",1119449,"Good Luck, Have Fun, Don't Die",en,"Good Luck, Have Fun, Don't Die",20.9226,2026-02-13,7.112,983,Available
"[28, 18, 10749]",744,Top Gun,en,Top Gun,20.1417,1986-05-16,7.072,9886,Available
"[878, 18, 53]",78,Blade Runner,en,Blade Runner,21.6683,1982-06-25,7.936,15374,Available
"[80, 18]",520360,King of Thieves,en,King of Thieves,17.3759,2018-09-04,5.558,467,Available
"[28, 12, 878]",545611,Everything Everywhere All at Once,en,Everything Everywhere All at Once,20.9101,2022-03-24,7.708,8372,Available
"[18, 10749]",744275,After We Fell,en,After We Fell,20.6507,2021-09-01,6.997,2778,Available
"[18, 10749, 14]",402431,Wicked,en,Wicked,22.1127,2024-10-16,6.906,3227,Available
[18],1719326,The Cheating Wife,tl,The Cheating Wife,23.3424,2026-06-26,2.5,2,Available
"[28, 12, 35, 14]",845781,Red One,en,Red One,22.0674,2024-10-31,6.958,3151,Available
"[14, 16, 10751]",9479,The Nightmare Before Christmas,en,The Nightmare Before Christmas,20.1334,1993-10-09,7.835,10555,Available
"[16, 35, 27, 12, 878, 10751]",1205229,Night of the Zoopocalypse,en,Night of the Zoopocalypse,24.7978,2025-01-23,6.745,100,Available
"[27, 53, 80]",934433,Scream VI,en,Scream VI,19.769,2023-03-08,6.929,3311,Available
"[10752, 28, 18]",374720,Dunkirk,en,Dunkirk,21.8796,2017-07-19,7.45,17948,Available
"[12, 28, 878]",181808,Star Wars: The Last Jedi,en,Star Wars: The Last Jedi,21.9065,2017-12-13,6.737,16652,Available
"[16, 35, 28, 878, 10751]",519182,Despicable Me 4,en,Despicable Me 4,21.0682,2024-06-20,6.968,3353,Available
"[14, 18, 10749]",8966,Twilight,en,Twilight,20.6285,2008-11-20,6.3,14657,Available
"[28, 878, 12]",298618,The Flash,en,The Flash,21.5168,2023-06-13,6.607,5233,Available
"[12, 53, 878]",74,War of the Worlds,en,War of the Worlds,19.3173,2005-06-28,6.57,9496,Available
"[53, 27]",1430698,The Bay,en,The Bay,22.0758,2026-07-02,5.8,28,Available
"[12, 16, 10751]",105864,The Good Dinosaur,en,The Good Dinosaur,21.7049,2015-11-14,6.749,6143,Available
"[12, 16, 35, 10751]",7518,Over the Hedge,en,Over the Hedge,21.0564,2006-05-17,6.608,4968,Available
"[18, 35, 36]",490132,Green Book,en,Green Book,21.6964,2018-11-16,8.223,13208,Available
"[27, 9648]",270303,It Follows,en,It Follows,30.9436,2015-02-04,6.581,7131,Available
[18],510,One Flew Over the Cuckoo's Nest,en,One Flew Over the Cuckoo's Nest,21.0902,1975-11-19,8.406,11727,Available
"[16, 878, 28]",149,Akira,ja,AKIRA,20.559,1988-06-10,7.941,4966,Available
"[14, 12, 16, 35, 10751]",810,Shrek the Third,en,Shrek the Third,21.8272,2007-05-17,6.314,9979,Available
"[80, 36, 18]",466420,Killers of the Flower Moon,en,Killers of the Flower Moon,21.7378,2023-10-18,7.391,4320,Available
"[37, 28, 18]",1404304,The Isolate Thief,en,The Isolate Thief,20.8046,2026-07-10,6.881,21,Available
"[10749, 18]",829557,365 Days: This Day,pl,365 dni: Ten dzień,22.0309,2022-04-26,5.944,1871,Available
"[12, 14, 16]",128,Princess Mononoke,ja,もののけ姫,21.277,1997-07-12,8.319,9262,Available
"[35, 18, 10749]",313369,La La Land,en,La La Land,20.5919,2016-12-01,7.9,18453,Available
"[18, 10749]",1002398,Virgin,tl,Donselya,21.8158,2024-10-29,6.3,27,Available
"[80, 18, 53]",242582,Nightcrawler,en,Nightcrawler,20.0223,2014-10-23,7.709,12027,Available
"[28, 53]",44980,Zero Woman 2,ja,Zero WOMAN ＩＩ　警視庁０課の女,19.7251,1995-09-05,5.0,8,Available
"[28, 53, 878]",577922,Tenet,en,Tenet,20.4841,2020-08-22,7.17,11488,Available
"[18, 878, 53]",6479,I Am Legend,en,I Am Legend,19.3948,2007-12-12,7.222,17283,Available
"[12, 16, 35, 10751]",953,Madagascar,en,Madagascar,21.8831,2005-05-25,6.929,11978,Available
"[28, 12, 14]",209112,Batman v Superman: Dawn of Justice,en,Batman v Superman: Dawn of Justice,20.1162,2016-03-23,6.011,19324,Available
"[10751, 35, 12, 16]",940551,Migration,en,Migration,20.4431,2023-12-06,7.356,2316,Available
"[27, 18, 878]",447332,A Quiet Place,en,A Quiet Place,20.569,2018-04-03,7.395,15690,Available
"[28, 12, 14]",297762,Wonder Woman,en,Wonder Woman,21.2799,2017-05-30,7.203,21180,Available
"[28, 12, 14]",791373,Zack Snyder's Justice League,en,Zack Snyder's Justice League,21.2715,2021-03-18,8.077,11106,Available
"[53, 18, 10749]",290098,The Handmaiden,ko,아가씨,21.2648,2016-06-01,8.178,4478,Available
[18],1402,The Pursuit of Happyness,en,The Pursuit of Happyness,21.2636,2006-12-14,7.883,10836,Available
"[28, 35, 80]",2109,Rush Hour,en,Rush Hour,21.2366,1998-09-18,7.084,5889,Available
"[878, 28, 53]",87101,Terminator Genisys,en,Terminator Genisys,21.1991,2015-06-23,5.958,9154,Available
"[16, 35, 10751, 14, 10749]",809,Shrek 2,en,Shrek 2,21.1784,2004-05-19,7.328,13746,Available
"[14, 28, 35]",616037,Thor: Love and Thunder,en,Thor: Love and Thunder,21.1704,2022-07-06,6.36,8917,Available
"[28, 53, 18]",1368,First Blood,en,First Blood,21.1565,1982-10-22,7.518,7076,Available
"[28, 12, 10752]",1271,300,en,300,21.1426,2007-03-07,7.209,15070,Available
"[9648, 80, 53]",870028,The Accountant²,en,The Accountant²,21.1422,2025-04-23,7.076,1925,Available
"[878, 28, 12]",18,The Fifth Element,fr,Le Cinquième Élément,21.093,1997-05-02,7.59,12114,Available
"[16, 10751, 12, 14, 10749]",812,Aladdin,en,Aladdin,21.0882,1992-11-25,7.657,12241,Available
"[18, 80]",598,City of God,pt,Cidade de Deus,21.0603,2002-08-30,8.429,8420,Available
"[10749, 18]",1156594,Our Fault,es,Culpa nuestra,21.0502,2025-10-15,7.378,740,Available
[18],10867,Malena,it,Malèna,21.0233,2000-10-27,7.562,2814,Available
"[28, 12, 14]",76338,Thor: The Dark World,en,Thor: The Dark World,20.9941,2013-10-30,6.5,18691,Available
"[27, 18, 9648]",530385,Midsommar,en,Midsommar,20.9641,2019-07-03,7.145,8388,Available
"[53, 10770]",451156,Infidelity in Suburbia,en,Infidelity in Suburbia,20.9462,2017-02-25,6.233,163,Available
"[28, 12, 16, 10751]",260513,Incredibles 2,en,Incredibles 2,20.5441,2018-06-14,7.453,13923,Available
"[18, 28, 12, 36, 10752]",1495,Kingdom of Heaven,en,Kingdom of Heaven,22.1203,2005-05-03,7.1,5210,Available
[18],339405,Christine,en,Christine,27.9228,2016-10-14,6.857,417,Available
"[12, 28, 53]",36557,Casino Royale,en,Casino Royale,19.1358,2006-11-14,7.6,11981,Available
[99],1364958,Zelenskyy: Spirit of Ukraine,en,Zelenskyy: Spirit of Ukraine,8.9771,2023-12-31,0.0,0,Available
"[12, 16, 10751, 35, 878]",278154,Ice Age: Collision Course,en,Ice Age: Collision Course,20.5704,2016-06-23,6.122,4973,Available
"[18, 14, 27]",1062722,Frankenstein,en,Frankenstein,20.2742,2025-10-17,7.616,3827,Available
"[16, 35, 12, 10751]",57800,Ice Age: Continental Drift,en,Ice Age: Continental Drift,20.956,2012-06-27,6.394,8260,Available
"[28, 35, 12]",436969,The Suicide Squad,en,The Suicide Squad,20.1877,2021-07-28,7.447,9868,Available
"[16, 10751, 35, 14]",508947,Turning Red,en,Turning Red,20.4915,2022-03-10,7.33,6032,Available
"[10751, 16, 35, 12]",82690,Wreck-It Ralph,en,Wreck-It Ralph,19.8968,2012-11-01,7.362,13303,Available
"[35, 10749, 18]",18240,The Proposal,en,The Proposal,21.3781,2009-06-02,7.179,7749,Available
"[28, 53, 12]",370172,No Time to Die,en,No Time to Die,20.5542,2021-09-29,7.338,7360,Available
"[10751, 14, 10749]",321612,Beauty and the Beast,en,Beauty and the Beast,20.6196,2017-03-16,6.967,16151,Available
"[12, 35, 10751, 14]",118,Charlie and the Chocolate Factory,en,Charlie and the Chocolate Factory,21.3072,2005-07-13,7.037,16363,Available
"[878, 28]",335983,Venom,en,Venom,19.2218,2018-09-28,6.824,17556,Available
"[12, 16, 35, 10751, 14]",508439,Onward,en,Onward,22.6917,2020-02-29,7.633,6687,Available
"[28, 878, 12]",68726,Pacific Rim,en,Pacific Rim,18.9129,2013-07-11,6.946,13779,Available
"[53, 80]",161,Ocean's Eleven,en,Ocean's Eleven,19.5494,2001-12-07,7.5,12867,Available
"[27, 9648, 53]",493922,Hereditary,en,Hereditary,22.5354,2018-06-07,7.296,8868,Available
"[16, 12, 10751, 35]",49519,The Croods,en,The Croods,20.6603,2013-03-15,6.945,7692,Available
"[12, 28, 878]",333339,Ready Player One,en,Ready Player One,19.3133,2018-03-28,7.587,17339,Available
"[878, 28, 12, 53]",106,Predator,en,Predator,19.4541,1987-06-12,7.578,9477,Available
"[80, 53]",500,Reservoir Dogs,en,Reservoir Dogs,19.2362,1992-09-02,8.111,15798,Available
"[18, 10749]",337167,Fifty Shades Freed,en,Fifty Shades Freed,19.6718,2018-01-17,6.668,8427,Available
"[10749, 35, 18]",614945,Voicemails for Isabelle,en,Voicemails for Isabelle,19.9636,2026-06-20,8.3,874,Available
"[35, 10749]",26827,Who's That Girl,en,Who's That Girl,26.9613,1987-08-07,5.512,260,Available
"[10749, 10751, 16, 14]",10020,Beauty and the Beast,en,Beauty and the Beast,19.1088,1991-10-22,7.725,10876,Available
"[878, 53]",14139,Timecrimes,es,Los cronocrímenes,17.6144,2007-11-01,7.022,1521,Available
"[14, 16, 10751]",408,Snow White and the Seven Dwarfs,en,Snow White and the Seven Dwarfs,18.5218,1938-01-22,7.129,8113,Available
"[12, 16, 10751, 14]",62177,Brave,en,Brave,20.4147,2012-06-21,7.034,14419,Available
"[16, 10751, 12]",10674,Mulan,en,Mulan,19.3801,1998-06-18,7.902,10659,Available
"[27, 878, 53]",1064028,Subservience,en,Subservience,18.909,2024-08-15,6.645,1102,Available
"[12, 878, 53, 28]",507086,Jurassic World Dominion,en,Jurassic World Dominion,19.7282,2022-06-01,6.593,7264,Available
"[28, 53, 80]",458156,John Wick: Chapter 3 - Parabellum,en,John Wick: Chapter 3 - Parabellum,18.5794,2019-05-15,7.438,12050,Available
"[12, 28, 878]",140607,Star Wars: The Force Awakens,en,Star Wars: The Force Awakens,19.5606,2015-12-15,7.241,20885,Available
"[16, 10751, 18, 10402, 14]",508442,Soul,en,Soul,18.7578,2020-12-25,8.089,11702,Available
"[12, 14, 10751]",630,The Wizard of Oz,en,The Wizard of Oz,18.9058,1939-08-21,7.582,6276,Available
"[80, 53, 37]",6977,No Country for Old Men,en,No Country for Old Men,19.3094,2007-11-09,7.95,13737,Available
"[18, 35, 10749]",43347,Love & Other Drugs,en,Love & Other Drugs,20.8017,2010-11-22,7.042,5711,Available
"[27, 9648]",1100782,Smile 2,en,Smile 2,20.245,2024-10-16,6.588,2321,Available
"[16, 12, 878, 10751, 35]",1022787,Elio,en,Elio,17.9142,2025-06-18,6.922,1121,Available
"[28, 80, 53]",168259,Furious 7,en,Furious 7,19.2548,2015-04-01,7.213,11472,Available
"[10751, 14, 12]",12155,Alice in Wonderland,en,Alice in Wonderland,19.6335,2010-03-03,6.644,15040,Available
"[27, 53, 9648]",539,Psycho,en,Psycho,19.5057,1960-06-22,8.407,11235,Available
"[28, 12, 35, 878]",607,Men in Black,en,Men in Black,18.6908,1997-07-02,7.229,15159,Available
"[35, 10749]",1632181,Accidental Partners,es,Socias por accidente,19.7091,2026-03-12,8.849,372,Available
"[10751, 16, 12, 35]",270946,Penguins of Madagascar,en,Penguins of Madagascar,17.9983,2014-11-22,6.544,4572,Available
"[28, 80, 53]",1242332,Normal,en,Normal,18.8673,2026-04-16,7.261,566,Available
"[53, 80]",75656,Now You See Me,en,Now You See Me,17.9945,2013-05-29,7.326,17102,Available
"[18, 35, 28]",1491920,Kung Fu Soccer,zh,功夫女足,21.0773,2026-07-11,6.077,26,Available
"[28, 35, 53]",718930,Bullet Train,en,Bullet Train,18.1059,2022-08-03,7.409,7887,Available
"[28, 18, 36, 10752]",197,Braveheart,en,Braveheart,17.9397,1995-05-24,7.9,11405,Available
"[18, 53, 27]",44214,Black Swan,en,Black Swan,19.4207,2010-12-03,7.683,15852,Available
"[12, 878, 53, 28]",135397,Jurassic World,en,Jurassic World,18.4718,2015-06-06,6.703,21889,Available
"[14, 12]",259316,Fantastic Beasts and Where to Find Them,en,Fantastic Beasts and Where to Find Them,19.8759,2016-11-16,7.308,19960,Available
"[28, 80, 18, 53]",1378537,Mirzapur: The Movie,hi,मिर्ज़ापुर - द मूवी,20.2206,2026-09-03,7.571,7,Available
"[27, 9648, 53]",423108,The Conjuring: The Devil Made Me Do It,en,The Conjuring: The Devil Made Me Do It,19.2268,2021-05-25,7.339,6692,Available
"[878, 12, 28]",609681,The Marvels,en,The Marvels,19.0504,2023-11-08,5.912,3625,Available
"[53, 18, 80]",1359,American Psycho,en,American Psycho,17.3962,2000-04-13,7.402,12690,Available
"[10749, 18]",1316092,“Wuthering Heights”,en,“Wuthering Heights”,19.0377,2026-02-11,6.66,1331,Available
"[18, 10749]",1156593,Your Fault,es,Culpa tuya,18.7189,2024-12-26,7.091,1624,Available
"[27, 9648, 80]",176,Saw,en,Saw,18.798,2004-10-01,7.427,10304,Available
"[28, 53]",245891,John Wick,en,John Wick,18.204,2014-10-16,7.463,21303,Available
"[80, 18]",875828,Peaky Blinders: The Immortal Man,en,Peaky Blinders: The Immortal Man,18.587,2026-03-05,7.178,1205,Available
"[12, 10751, 16, 35, 14]",991494,The SpongeBob Movie: Search for SquarePants,en,The SpongeBob Movie: Search for SquarePants,19.413,2025-12-16,6.782,349,Available
"[35, 10749]",2105,American Pie,en,American Pie,19.7872,1999-07-09,6.617,8544,Available
"[28, 878, 27]",615656,Meg 2: The Trench,en,Meg 2: The Trench,19.6679,2023-08-02,6.364,4102,Available
"[35, 14]",917496,Beetlejuice Beetlejuice,en,Beetlejuice Beetlejuice,17.4206,2024-09-04,6.917,3294,Available
"[18, 10749]",296096,Me Before You,en,Me Before You,19.2766,2016-06-01,7.93,13550,Available
"[878, 28, 12]",320288,Dark Phoenix,en,Dark Phoenix,18.0762,2019-06-05,5.959,7282,Available
"[28, 53]",1472951,Infiltrate,en,Infiltrate,19.782,2026-07-09,8.444,9,Available
"[14, 16, 10751]",8392,My Neighbor Totoro,ja,となりのトトロ,17.9971,1988-04-16,8.066,9054,Available
"[16, 28, 12, 35, 10751]",1011985,Kung Fu Panda 4,en,Kung Fu Panda 4,17.8617,2024-03-02,6.998,3672,Available
"[35, 18]",120467,The Grand Budapest Hotel,en,The Grand Budapest Hotel,19.2817,2014-02-26,8.025,16471,Available
"[28, 35, 10749]",746036,The Fall Guy,en,The Fall Guy,17.6841,2024-04-24,6.953,4025,Available
"[28, 12, 16, 35, 10751]",417859,Puss in Boots,en,Puss in Boots,18.0766,2011-10-27,6.615,4739,Available
"[16, 35, 10751, 12]",8355,Ice Age: Dawn of the Dinosaurs,en,Ice Age: Dawn of the Dinosaurs,19.1039,2009-06-26,6.777,9051,Available
"[16, 35, 10751, 10749]",976573,Elemental,en,Elemental,20.3959,2023-06-14,7.593,5535,Available
"[27, 14]",1494060,Sunset on Pluto,en,Sunset on Pluto,18.1959,2025-03-03,0.0,0,Available
"[28, 878]",137113,Edge of Tomorrow,en,Edge of Tomorrow,17.6067,2014-05-27,7.643,15476,Available
"[12, 878, 53, 28]",351286,Jurassic World: Fallen Kingdom,en,Jurassic World: Fallen Kingdom,18.3026,2018-06-06,6.526,12987,Available
"[80, 35, 28]",207703,Kingsman: The Secret Service,en,Kingsman: The Secret Service,17.6517,2015-01-24,7.616,18117,Available
"[878, 18, 10749]",38,Eternal Sunshine of the Spotless Mind,en,Eternal Sunshine of the Spotless Mind,17.8192,2004-03-19,8.1,16701,Available
"[28, 12, 878]",823464,Godzilla x Kong: The New Empire,en,Godzilla x Kong: The New Empire,18.9768,2024-03-27,7.038,4842,Available
[53],1285959,The Passenger,en,The Passenger,18.6399,2026-06-05,5.539,51,Available
"[12, 28, 53]",954,Mission: Impossible,en,Mission: Impossible,16.9379,1996-05-22,7.028,10237,Available
"[53, 28]",260346,Taken 3,en,Taken 3,18.7756,2014-12-16,6.264,6273,Available
"[14, 12, 28]",57158,The Hobbit: The Desolation of Smaug,en,The Hobbit: The Desolation of Smaug,17.7375,2013-12-11,7.58,14545,Available
"[878, 35, 12]",696506,Mickey 17,en,Mickey 17,17.3427,2025-02-28,6.827,3917,Available
"[878, 12, 28]",667538,Transformers: Rise of the Beasts,en,Transformers: Rise of the Beasts,19.0351,2023-06-06,7.162,5414,Available
"[28, 12, 14, 35, 10749, 18]",21835,A Chinese Odyssey Part Two: Cinderella,cn,西遊記大結局之仙履奇緣,22.3908,1995-02-04,7.7,271,Available
"[27, 53, 878]",1272837,28 Years Later: The Bone Temple,en,28 Years Later: The Bone Temple,17.6148,2026-01-14,7.09,1718,Available
"[53, 9648, 27]",1433568,The Rope Curse 4: Kuntilanak,zh,粽邪4：坤蒂拉娜,19.2629,2026-08-27,0.0,0,Available
"[14, 12, 10749]",967941,Wicked: For Good,en,Wicked: For Good,18.7502,2025-11-19,6.593,1143,Available
[27],9552,The Exorcist,en,The Exorcist,19.0366,1973-12-26,7.745,8856,Available
"[27, 14, 10749]",1246049,Dracula,fr,Dracula,18.8731,2025-07-30,7.25,1468,Available
"[878, 28, 12]",524434,Eternals,en,Eternals,18.3995,2021-11-03,6.755,9391,Available
[18],9769,Lolita,en,Lolita,17.7127,1997-09-27,7.095,2027,Available
"[99, 36]",1689518,Christiane Taubira : une loi pour mémoire,fr,Christiane Taubira : une loi pour mémoire,23.3745,2026-05-06,6.0,2,Available
"[80, 18, 53]",275,Fargo,en,Fargo,16.6945,1996-03-08,7.849,9350,Available
"[16, 10751, 35, 28]",49444,Kung Fu Panda 2,en,Kung Fu Panda 2,17.3338,2011-05-25,7.085,8118,Available
"[878, 28, 12]",580489,Venom: Let There Be Carnage,en,Venom: Let There Be Carnage,17.8752,2021-09-30,6.731,11399,Available
"[10751, 35, 80, 12, 16, 28]",1175942,The Bad Guys 2,en,The Bad Guys 2,17.308,2025-07-24,7.632,897,Available
[18],22881,The Blind Side,en,The Blind Side,19.4775,2009-11-20,7.663,6975,Available
"[18, 53]",1317288,Marty Supreme,en,Marty Supreme,18.1698,2025-12-19,7.367,2171,Available
"[28, 18, 35]",504056,Big Brother,zh,大師兄,18.1108,2018-08-16,7.576,298,Available
"[28, 14, 878]",9738,Fantastic Four,en,Fantastic Four,16.8011,2005-06-29,5.81,10193,Available
"[12, 28]",85,Raiders of the Lost Ark,en,Raiders of the Lost Ark,17.1989,1981-06-12,7.928,13966,Available
"[12, 35, 27]",1234731,Anaconda,en,Anaconda,17.9765,2025-12-24,5.809,1441,Available
[35],4247,Scary Movie,en,Scary Movie,20.5639,2000-07-07,6.428,8120,Available
"[16, 35, 10751, 14]",76492,Hotel Transylvania,en,Hotel Transylvania,17.2155,2012-09-20,6.969,9345,Available
"[27, 9648]",680493,Return to Silent Hill,en,Return to Silent Hill,17.977,2026-01-21,5.375,816,Available
"[18, 36, 28]",359724,Ford v Ferrari,en,Ford v Ferrari,17.0079,2019-11-13,8.007,9270,Available
"[9648, 53]",77,Memento,en,Memento,16.6306,2000-10-11,8.174,16722,Available
"[53, 9648, 80]",915935,Anatomy of a Fall,fr,Anatomie d'une chute,21.1383,2023-08-23,7.513,3463,Available
"[53, 9648]",670,Oldboy,ko,올드보이,17.4816,2003-11-21,8.235,10173,Available
"[53, 18, 9648]",1381027,Good Boy,en,Good Boy,18.3881,2026-03-05,7.273,267,Available
"[80, 18, 53]",1340206,Tuner,en,Tuner,17.0612,2026-05-21,7.58,401,Available
[18],70410,The Public Woman,fr,La Femme publique,17.5197,1984-06-16,6.0,61,Available
"[28, 53]",1122030,Alpha,hi,अल्फा,17.6726,2026-07-02,4.818,22,Available
"[35, 80, 28]",1035259,The Naked Gun,en,The Naked Gun,16.5341,2025-07-30,6.352,1952,Available
"[12, 28, 14]",166426,Pirates of the Caribbean: Dead Men Tell No Tales,en,Pirates of the Caribbean: Dead Men Tell No Tales,17.3677,2017-05-23,6.665,13038,Available
"[53, 28, 18, 878]",61791,Rise of the Planet of the Apes,en,Rise of the Planet of the Apes,17.9391,2011-08-03,7.354,13053,Available
"[16, 28, 35, 10751, 878]",38055,Megamind,en,Megamind,16.7301,2010-10-28,7.038,7673,Available
"[16, 35, 10751, 10402]",438695,Sing 2,en,Sing 2,18.897,2021-12-01,7.831,4894,Available
"[18, 9648]",1330021,Remarkably Bright Creatures,en,Remarkably Bright Creatures,18.0071,2026-05-07,8.4,894,Available
"[28, 12, 35]",384018,Fast & Furious Presents: Hobbs & Shaw,en,Fast & Furious Presents: Hobbs & Shaw,18.9416,2019-07-31,6.823,7910,Available
"[80, 35]",107,Snatch,en,Snatch,17.457,2000-09-01,7.829,10249,Available
"[27, 14]",426063,Nosferatu,en,Nosferatu,16.7704,2024-12-25,6.713,3946,Available
"[878, 10749, 35]",792307,Poor Things,en,Poor Things,17.2504,2023-12-07,7.629,5726,Available
"[28, 53, 80]",926393,The Equalizer 3,en,The Equalizer 3,15.8544,2023-08-30,7.294,3887,Available
"[14, 18, 10749]",297,Meet Joe Black,en,Meet Joe Black,17.1335,1998-11-12,7.37,5932,Available
"[14, 18, 10752]",1417,Pan's Labyrinth,es,El laberinto del fauno,19.4557,2006-10-11,7.768,11714,Available
"[28, 12, 878]",861,Total Recall,en,Total Recall,17.6291,1990-06-01,7.328,6671,Available
"[53, 9648]",13448,Angels & Demons,en,Angels & Demons,17.5215,2009-04-20,6.728,7488,Available
"[12, 16, 14]",81,Warriors of the Wind,ja,風の谷のナウシカ,17.0329,1984-03-11,7.94,4190,Available
"[27, 53, 18]",474350,It Chapter Two,en,It Chapter Two,17.2234,2019-09-04,6.83,9828,Available
"[878, 28, 18, 53]",119450,Dawn of the Planet of the Apes,en,Dawn of the Planet of the Apes,16.902,2014-07-08,7.342,12481,Available
"[53, 18, 10749]",2251,Unfaithful,en,Unfaithful,19.1424,2002-05-10,6.722,1790,Available
"[12, 28, 878]",44912,Green Lantern,en,Green Lantern,17.8112,2011-06-14,5.19,7812,Available
"[28, 80]",339403,Baby Driver,en,Baby Driver,17.1791,2017-06-28,7.444,17168,Available
"[27, 35]",567609,Ready or Not,en,Ready or Not,17.3443,2019-08-21,7.1,5854,Available
"[27, 18, 9648, 14, 53]",310131,The Witch,en,The Witch,17.1543,2016-02-19,7.002,7858,Available
"[28, 18]",1292415,Beast,en,Beast,18.2262,2026-04-10,7.454,174,Available
"[28, 35]",11770,Shaolin Soccer,cn,少林足球,16.5399,2001-07-05,7.213,2646,Available
[27],8689,Cannibal Holocaust,it,Cannibal Holocaust,16.9735,1980-02-07,6.26,1936,Available
"[28, 878, 27]",345940,The Meg,en,The Meg,18.7594,2018-08-08,6.253,8368,Available
[],854804,Movida,en,Movida,17.851,2020-06-25,0.0,0,Available
"[27, 53]",1228246,Five Nights at Freddy's 2,en,Five Nights at Freddy's 2,17.2481,2025-12-03,6.584,1166,Available
"[10752, 36]",853,Enemy at the Gates,en,Enemy at the Gates,16.3107,2001-02-28,7.427,4167,Available
"[18, 10402, 10749]",27,9 Songs,en,9 Songs,17.7396,2004-07-16,5.531,600,Available
"[18, 10751, 35]",1671548,Dear You,zh,给阿嬷的情书,17.1181,2026-04-30,8.879,62,Available
"[12, 16, 35, 10751, 14]",11688,The Emperor's New Groove,en,The Emperor's New Groove,18.5149,2000-12-15,7.566,7456,Available
[18],570508,Innocent Witness,ko,증인,16.9214,2019-02-13,7.767,86,Available
"[35, 14]",72105,Ted,en,Ted,17.0875,2012-06-29,6.454,13436,Available
"[18, 10749, 14]",122906,About Time,en,About Time,16.6741,2013-09-04,7.904,9485,Available
"[878, 28, 12]",670292,The Creator,en,The Creator,16.738,2023-09-27,7.026,4154,Available
"[28, 12, 878]",640146,Ant-Man and the Wasp: Quantumania,en,Ant-Man and the Wasp: Quantumania,18.1635,2023-02-15,6.219,6066,Available
"[27, 53]",713704,Evil Dead Rise,en,Evil Dead Rise,18.1527,2023-04-12,6.96,3970,Available
"[28, 80, 53]",273481,Sicario,en,Sicario,18.1338,2015-09-17,7.428,9842,Available
"[12, 28, 878]",101299,The Hunger Games: Catching Fire,en,The Hunger Games: Catching Fire,18.1195,2013-11-15,7.4,18746,Available
"[878, 53, 80, 9648]",1236153,Mercy,en,Mercy,18.1056,2026-01-19,7.079,1665,Available
"[27, 53]",948,Halloween,en,Halloween,18.0912,1978-10-24,7.556,6332,Available
"[28, 12, 878]",363088,Ant-Man and the Wasp,en,Ant-Man and the Wasp,18.0808,2018-07-04,6.897,14473,Available
"[28, 12]",353081,Mission: Impossible - Fallout,en,Mission: Impossible - Fallout,18.0671,2018-07-25,7.451,9353,Available
"[12, 28, 53, 878]",604,The Matrix Reloaded,en,The Matrix Reloaded,18.0595,2003-05-15,7.085,12282,Available
"[878, 53, 27]",604079,The Long Walk,en,The Long Walk,18.0511,2025-09-10,6.869,1902,Available
"[53, 9648]",591,The Da Vinci Code,en,The Da Vinci Code,18.0245,2006-05-17,6.735,10295,Available
"[28, 878]",240832,Lucy,en,Lucy,17.9919,2014-07-25,6.476,17353,Available
"[878, 53, 35]",701387,Bugonia,en,Bugonia,17.9535,2025-10-23,7.288,2381,Available
"[28, 878]",2048,"I, Robot",en,"I, Robot",17.9454,2004-07-15,6.97,12963,Available
[18],50014,The Help,en,The Help,17.9435,2011-08-09,8.205,9256,Available
"[18, 9648, 37]",273248,The Hateful Eight,en,The Hateful Eight,17.9275,2015-12-25,7.756,15582,Available
"[35, 18]",318846,The Big Short,en,The Big Short,17.9217,2015-12-11,7.372,10066,Available
"[14, 35]",310,Bruce Almighty,en,Bruce Almighty,17.8608,2003-05-23,6.728,11716,Available
[18],28528,The Harder They Fall,en,The Harder They Fall,17.8585,1956-05-08,7.2,158,Available
"[10752, 28, 18]",929590,Civil War,en,Civil War,17.847,2024-04-10,6.846,4542,Available
"[12, 16, 35, 10751, 878]",893723,PAW Patrol: The Mighty Movie,en,PAW Patrol: The Mighty Movie,18.1452,2023-09-21,6.926,590,Available
"[28, 35, 53]",1390300,Over Your Dead Body,en,Over Your Dead Body,16.189,2026-03-14,6.427,586,Available
"[18, 10751, 28]",1441228,Irumudi,te,ఇరుముడి,17.0171,2026-08-20,6.6,18,Available
[27],377,A Nightmare on Elm Street,en,A Nightmare on Elm Street,17.8383,1984-11-09,7.352,5913,Available
[35],8467,Dumb and Dumber,en,Dumb and Dumber,16.1207,1994-12-16,6.662,6906,Available
"[28, 35, 878, 12, 14]",257344,Pixels,en,Pixels,16.619,2015-07-16,5.785,8185,Available
"[18, 28, 53, 80, 9648]",10775,Infernal Affairs,cn,無間道,21.1778,2002-12-12,7.807,1917,Available
"[53, 12, 28]",27578,The Expendables,en,The Expendables,16.6199,2010-08-07,6.251,8456,Available
"[27, 53, 18]",346364,It,en,It,16.2731,2017-09-06,7.241,20650,Available
"[28, 12, 53]",575264,Mission: Impossible - Dead Reckoning Part One,en,Mission: Impossible - Dead Reckoning Part One,16.914,2023-07-08,7.5,5351,Available
"[16, 35, 10751, 14]",568124,Encanto,en,Encanto,16.7269,2021-10-13,7.566,10388,Available
"[16, 10751, 14]",10144,The Little Mermaid,en,The Little Mermaid,16.1343,1989-11-17,7.353,8552,Available
"[28, 35, 878]",608,Men in Black II,en,Men in Black II,16.3376,2002-07-03,6.39,10876,Available
"[28, 12, 80]",47971,xXx: Return of Xander Cage,en,xXx: Return of Xander Cage,16.1773,2017-01-13,6.128,9321,Available
"[12, 35, 14]",512200,Jumanji: The Next Level,en,Jumanji: The Next Level,16.8064,2019-12-04,6.87,9581,Available
"[878, 80]",185,A Clockwork Orange,en,A Clockwork Orange,17.0553,1971-10-28,8.169,14099,Available
[18],615,The Passion of the Christ,en,The Passion of the Christ,17.2859,2004-02-25,7.54,5328,Available
[18],226674,The Adolescent,fr,L'Adolescente,19.2038,1979-01-24,4.842,19,Available
"[28, 878, 35, 10751]",454626,Sonic the Hedgehog,en,Sonic the Hedgehog,16.0997,2020-02-12,7.271,10565,Available
"[35, 10749, 18]",1436219,Pizza Movies,es,Pizza Movies,17.6303,2026-03-26,5.8,5,Available
"[28, 12, 14]",447404,Pokémon Detective Pikachu,en,Pokémon Detective Pikachu,17.6277,2019-05-03,6.897,7505,Available
"[12, 28, 878]",181812,Star Wars: The Rise of Skywalker,en,Star Wars: The Rise of Skywalker,17.6254,2019-12-18,6.248,11123,Available
"[16, 53]",10494,Perfect Blue,ja,PERFECT BLUE,17.6221,1998-02-28,8.3,3335,Available
"[28, 12, 878]",100402,Captain America: The Winter Soldier,en,Captain America: The Winter Soldier,17.6204,2014-03-20,7.654,20430,Available
"[878, 28]",373571,Godzilla: King of the Monsters,en,Godzilla: King of the Monsters,17.6179,2019-05-29,6.685,6887,Available
"[80, 9648, 53]",1949,Zodiac,en,Zodiac,17.6068,2007-03-02,7.532,11865,Available
"[10752, 28, 53]",882569,Guy Ritchie's The Covenant,en,Guy Ritchie's The Covenant,17.6063,2023-04-19,7.719,3334,Available
"[12, 18, 10751, 16]",420818,The Lion King,en,The Lion King,17.6039,2019-07-12,7.091,10893,Available
[27],1008042,Talk to Me,en,Talk to Me,17.598,2023-07-26,7.14,3946,Available
"[27, 9648]",1470130,The Mortuary Assistant,en,The Mortuary Assistant,17.5897,2026-02-13,5.352,152,Available
"[12, 16, 35, 10751]",9487,A Bug's Life,en,A Bug's Life,17.5747,1998-11-25,6.982,9904,Available
"[28, 53, 878]",949536,Kill Code,en,Kill Code,17.5638,2026-04-16,4.974,19,Available
"[27, 9648, 878]",1091,The Thing,en,The Thing,17.5636,1982-06-25,8.072,8231,Available
"[878, 27, 28]",940721,Godzilla Minus One,ja,ゴジラ-1.0,17.5618,2023-11-03,7.594,3388,Available
"[18, 10749]",853033,Adultery Alumni Association 2,ko,불륜 동창회 2,17.5609,2019-02-18,4.7,41,Available
"[53, 27]",1382832,Hungry,en,Hungry,17.5264,2026-06-03,7.037,260,Available
"[878, 9648, 27]",70981,Prometheus,en,Prometheus,17.5156,2012-05-30,6.608,13608,Available
"[14, 12]",338953,Fantastic Beasts: The Secrets of Dumbledore,en,Fantastic Beasts: The Secrets of Dumbledore,17.5067,2022-04-06,6.623,5236,Available
[18],376867,Moonlight,en,Moonlight,17.5036,2016-10-21,7.355,7671,Available
"[10749, 35, 18]",1538273,Pyaar Prema Kalyanam,ta,ப்யார் ப்ரேமா கல்யாணம்,17.4935,2026-08-21,7.208,12,Available
"[28, 18, 36]",1579,Apocalypto,en,Apocalypto,17.4902,2006-12-07,7.663,6653,Available
"[80, 53]",291805,Now You See Me 2,en,Now You See Me 2,17.49,2016-06-02,6.823,11785,Available
"[18, 28, 10752]",616,The Last Samurai,en,The Last Samurai,17.4827,2003-12-05,7.612,7754,Available
"[14, 28, 12, 16, 10751]",82702,How to Train Your Dragon 2,en,How to Train Your Dragon 2,17.4186,2014-06-05,7.685,10660,Available
"[10749, 14, 35]",137,Groundhog Day,en,Groundhog Day,17.4111,1993-02-11,7.635,9145,Available
"[28, 53]",1383731,Protector,en,Protector,17.3895,2026-02-20,8.386,572,Available
"[28, 53, 35]",749170,Heads of State,en,Heads of State,17.38,2025-06-24,6.818,1134,Available
"[16, 10749, 14, 10751]",10198,The Princess and the Frog,en,The Princess and the Frog,17.3584,2009-12-08,7.235,6268,Available
"[878, 27, 14]",1159831,The Bride!,en,The Bride!,17.3475,2026-03-04,6.108,647,Available
"[878, 28, 12]",624860,The Matrix Resurrections,en,The Matrix Resurrections,17.3416,2021-12-16,6.3,6703,Available
"[28, 53]",8681,Taken,en,Taken,17.3205,2008-02-18,7.411,12364,Available
"[16, 12, 14, 35, 10751]",1465063,Forgotten Island,en,Forgotten Island,17.2757,2026-09-16,10.0,1,Available
"[16, 35, 878, 80, 10751]",438148,Minions: The Rise of Gru,en,Minions: The Rise of Gru,17.2748,2022-06-29,7.262,4161,Available
"[28, 35, 80]",573435,Bad Boys: Ride or Die,en,Bad Boys: Ride or Die,17.2591,2024-06-05,7.314,3459,Available
[18],73,American History X,en,American History X,17.2487,1998-07-01,8.324,12880,Available
"[35, 14]",620,Ghostbusters,en,Ghostbusters,17.2418,1984-06-08,7.497,9971,Available
"[35, 80, 10751]",337404,Cruella,en,Cruella,17.237,2021-05-26,7.966,10283,Available
[27],1173559,Insidious Inferno,en,Insidious Inferno,17.2156,2024-11-29,4.8,31,Available
"[28, 12, 14]",297802,Aquaman,en,Aquaman,17.2063,2018-12-07,6.864,15186,Available
"[28, 35, 80, 14]",9470,Kung Fu Hustle,cn,功夫,16.8058,2004-02-10,7.518,3315,Available
"[28, 12, 14]",639933,The Northman,en,The Northman,17.8767,2022-04-07,7.025,5259,Available
"[28, 12, 878]",1771,Captain America: The First Avenger,en,Captain America: The First Avenger,14.5546,2011-07-22,7.011,23203,Available
"[80, 28, 53]",941109,Play Dirty,en,Play Dirty,16.5533,2025-09-30,6.602,708,Available
"[27, 878, 53]",1084199,Companion,en,Companion,16.7597,2025-01-22,7.006,2601,Available
"[27, 35]",1124620,The Monkey,en,The Monkey,18.13,2025-02-10,5.965,1441,Available
"[18, 10749]",937287,Challengers,en,Challengers,14.6473,2024-04-18,6.9,2835,Available
"[14, 12, 28, 10751, 10749]",102651,Maleficent,en,Maleficent,17.1415,2014-05-28,7.1,13925,Available
"[18, 10749]",1497463,All That We Never Were,es,Todo lo que nunca fuimos,14.2457,2026-06-04,8.1,94,Available
"[12, 53]",1263337,Heart of the Beast,en,Heart of the Beast,16.802,2026-09-19,0.0,0,Available
"[12, 28]",87,Indiana Jones and the Temple of Doom,en,Indiana Jones and the Temple of Doom,15.4215,1984-05-23,7.309,10356,Available
"[878, 28, 12, 53]",290859,Terminator: Dark Fate,en,Terminator: Dark Fate,16.2317,2019-10-23,6.421,5839,Available
"[12, 16, 10751, 14]",823219,Flow,lv,Straume,16.3077,2024-08-29,8.064,3038,Available
"[28, 53]",1288341,Seven Snipers,en,Seven Snipers,18.3916,2026-04-30,6.1,128,Available
"[12, 28, 14]",1734,The Mummy Returns,en,The Mummy Returns,15.9009,2001-05-04,6.417,7886,Available
"[878, 28, 12, 35]",98566,Teenage Mutant Ninja Turtles,en,Teenage Mutant Ninja Turtles,16.7074,2014-08-07,5.932,7308,Available
"[27, 18, 9648]",1813,The Devil's Advocate,en,The Devil's Advocate,16.5153,1997-10-17,7.481,7020,Available
[99],1665287,Tour to Strasbourg,sr,Tura do Strazbura,20.6067,2026-04-03,10.0,1,Available
"[80, 18, 53]",11423,Memories of Murder,ko,살인의 추억,15.4722,2003-04-25,8.063,4791,Available
[18],14,American Beauty,en,American Beauty,16.9277,1999-09-15,7.996,13323,Available
"[14, 28, 27]",561,Constantine,en,Constantine,15.6775,2005-02-08,7.204,8513,Available
[27],1510795,"Shake, Rattle & Roll: Evil Origins",tl,"Shake, Rattle & Roll: Evil Origins",16.1856,2026-06-05,5.762,21,Available
"[12, 18]",8358,Cast Away,en,Cast Away,15.4016,2000-12-22,7.668,12529,Available
"[12, 18]",87827,Life of Pi,en,Life of Pi,15.3641,2012-11-20,7.413,13998,Available
"[16, 35, 10751, 878]",93456,Despicable Me 2,en,Despicable Me 2,16.888,2013-06-26,6.948,12215,Available
"[878, 12, 28]",653346,Kingdom of the Planet of the Apes,en,Kingdom of the Planet of the Apes,16.8703,2024-05-08,7.053,4436,Available
"[16, 10751, 35, 12]",80321,Madagascar 3: Europe's Most Wanted,en,Madagascar 3: Europe's Most Wanted,17.0933,2012-06-06,6.648,6711,Available
"[18, 10749]",1278,The Dreamers,en,The Dreamers,16.2027,2003-10-10,7.18,3159,Available
"[27, 18, 878]",287424,Maggie,en,Maggie,17.2477,2015-05-08,5.407,1708,Available
"[53, 9648]",402,Basic Instinct,en,Basic Instinct,15.9026,1992-03-20,6.947,4520,Available
"[16, 878, 12, 10751]",698687,Transformers One,en,Transformers One,18.0011,2024-09-11,7.982,1757,Available
"[10751, 14, 12]",420809,Maleficent: Mistress of Evil,en,Maleficent: Mistress of Evil,16.2699,2019-10-16,7.293,6602,Available
"[28, 9648, 53]",2501,The Bourne Identity,en,The Bourne Identity,16.1496,2002-06-14,7.5,10361,Available
[18],387732,Mujeres infieles 2,es,Mujeres infieles 2,16.9673,2003-03-14,6.182,33,Available
"[27, 35]",1477712,Ice Cream Man,en,Ice Cream Man,16.5186,2026-08-03,4.444,54,Available
"[878, 53, 9648]",63,Twelve Monkeys,en,Twelve Monkeys,16.0537,1995-12-29,7.613,9370,Available
"[35, 53]",1743296,Cannelloni,es,Canelones,16.4075,2026-08-06,5.0,1,Available
"[18, 35, 10749]",1064213,Anora,en,Anora,15.8613,2024-10-14,7.1,3424,Available
"[35, 14, 80, 10749]",854,The Mask,en,The Mask,16.3937,1994-07-29,6.994,11558,Available
[27],439079,The Nun,en,The Nun,15.9618,2018-09-05,5.91,7293,Available
"[28, 12, 878]",602,Independence Day,en,Independence Day,14.6604,1996-07-02,6.917,10712,Available
"[35, 12, 14, 16, 10751]",10192,Shrek Forever After,en,Shrek Forever After,17.9054,2010-05-16,6.414,8114,Available
"[27, 53]",1315303,Primate,en,Primate,16.5313,2026-01-01,6.497,875,Available
"[80, 35, 28]",343668,Kingsman: The Golden Circle,en,Kingsman: The Golden Circle,15.2479,2017-09-20,6.941,11350,Available
[35],8363,Superbad,en,Superbad,15.5231,2007-08-17,7.272,8344,Available
"[10749, 18]",398818,Call Me by Your Name,en,Call Me by Your Name,13.9736,2017-10-01,8.1,12942,Available
"[53, 28, 14]",1250,Ghost Rider,en,Ghost Rider,15.2355,2007-01-15,5.619,6635,Available
"[12, 35, 10751]",9340,The Goonies,en,The Goonies,15.071,1985-06-07,7.512,6391,Available
"[35, 10749, 18]",4951,10 Things I Hate About You,en,10 Things I Hate About You,15.9278,1999-03-30,7.597,9128,Available
[99],1411921,The Land is Ours,en,The Land is Ours,11.8808,1997-01-14,0.0,0,Available
"[12, 28, 878]",1891,The Empire Strikes Back,en,The Empire Strikes Back,15.2585,1980-05-20,8.393,18819,Available
"[14, 28, 80]",268,Batman,en,Batman,15.2762,1989-06-21,7.233,8773,Available
"[28, 12, 14, 16]",1357633,Solo Leveling -ReAwakening-,ja,俺だけレベルアップな件 -ReAwakening-,16.4472,2024-11-26,7.163,283,Available
"[14, 53, 9648, 27]",2668,Sleepy Hollow,en,Sleepy Hollow,15.726,1999-11-19,7.195,7557,Available
"[18, 10749]",331482,Little Women,en,Little Women,16.0876,2019-12-25,7.8,6993,Available
"[18, 14, 10749]",399055,The Shape of Water,en,The Shape of Water,18.1137,2017-12-01,7.232,13061,Available
[28],1584215,The Internship,en,The Internship,14.945,2026-01-13,6.434,145,Available
[10749],1650558,Abot Langit,tl,Abot Langit,16.792,2026-03-13,6.0,2,Available
"[28, 53, 878]",49530,In Time,en,In Time,14.7911,2011-10-27,6.969,12407,Available
"[28, 53, 18]",5503,The Fugitive,en,The Fugitive,14.4086,1993-08-06,7.489,4938,Available
"[10749, 18, 35]",286687,Love Lesson,ko,화려한 외출,15.5228,2013-12-05,6.814,43,Available
"[35, 18]",253350,The Cousin,it,La cugina,17.2533,1974-07-26,5.438,16,Available
"[80, 27, 9648]",4232,Scream,en,Scream,15.7616,1996-12-20,7.432,8206,Available
[35],4248,Scary Movie 2,en,Scary Movie 2,17.6094,2001-07-04,5.848,5386,Available
"[16, 28, 878, 35]",1530941,Gintama the Movie 2026: Yoshiwara in Flames,ja,新劇場版 銀魂 -吉原大炎上-,15.6225,2026-02-13,8.933,15,Available
"[10749, 18]",1477317,Your Fault: London,en,Your Fault: London,16.4871,2026-06-17,7.452,196,Available
[27],760104,X,en,X,14.6614,2022-03-17,6.707,4117,Available
"[28, 12, 14]",293167,Kong: Skull Island,en,Kong: Skull Island,14.4623,2017-03-08,6.559,11330,Available
"[10749, 14, 10751, 18]",150689,Cinderella,en,Cinderella,15.1386,2015-03-06,6.824,7502,Available
"[28, 53, 80]",8909,Wanted,en,Wanted,14.2117,2008-06-19,6.531,7768,Available
"[28, 35, 18, 53]",787,Mr. & Mrs. Smith,en,Mr. & Mrs. Smith,14.9912,2005-06-07,6.695,11477,Available
"[28, 12, 878]",330459,Rogue One: A Star Wars Story,en,Rogue One: A Star Wars Story,15.56,2016-12-14,7.51,16731,Available
"[12, 14, 35]",493529,Dungeons & Dragons: Honor Among Thieves,en,Dungeons & Dragons: Honor Among Thieves,15.4185,2023-03-23,7.357,4900,Available
"[28, 878, 53]",1263532,Beast Race,pt,Corrida dos Bichos,15.6717,2026-03-17,7.009,113,Available
"[28, 53, 80]",941,Lethal Weapon,en,Lethal Weapon,14.8978,1987-03-06,7.304,5200,Available
"[28, 53, 27]",1084187,Pretty Lethal,en,Pretty Lethal,17.3531,2026-03-13,6.782,492,Available
"[36, 18]",1341137,A Great Awakening,en,A Great Awakening,15.5813,2026-04-03,7.238,21,Available
"[18, 36]",381284,Hidden Figures,en,Hidden Figures,15.7939,2016-12-10,8.047,10647,Available
"[16, 35, 10751, 14, 12]",1497970,Tom and Jerry: Forbidden Compass,zh,猫和老鼠：星盘奇缘,13.9975,2025-08-02,6.618,55,Available
"[35, 80]",949838,72 HOURS,en,72 HOURS,15.653,2026-07-20,6.785,424,Available
"[10749, 18, 35]",1287141,Pillion,en,Pillion,15.7841,2025-11-28,6.444,324,Available
"[878, 12, 28]",533533,TRON: Ares,en,TRON: Ares,16.1198,2025-10-08,6.459,1618,Available
"[27, 9648, 53]",1933,The Others,en,The Others,15.4313,2001-08-02,7.618,7391,Available
"[12, 878, 10751]",601,E.T. the Extra-Terrestrial,en,E.T. the Extra-Terrestrial,14.7237,1982-06-11,7.517,12241,Available
"[35, 18]",1645614,The Righteous,es,Los justos,14.9005,2026-03-09,4.667,6,Available
"[28, 12, 878]",157350,Divergent,en,Divergent,16.4959,2014-03-14,6.9,13702,Available
"[12, 35, 18, 14]",116745,The Secret Life of Walter Mitty,en,The Secret Life of Walter Mitty,16.0195,2013-12-18,7.229,8462,Available
"[12, 16, 35, 10751, 14]",11836,The SpongeBob SquarePants Movie,en,The SpongeBob SquarePants Movie,15.2481,2004-11-19,7.107,3298,Available
"[18, 10749]",453,A Beautiful Mind,en,A Beautiful Mind,15.3251,2001-12-14,7.852,11358,Available
"[18, 9648, 53]",619979,Deep Water,en,Deep Water,15.8487,2022-03-17,5.83,1709,Available
"[18, 10749]",269955,Obsessed,ko,인간중독,16.9453,2014-05-14,6.7,83,Available
"[18, 36]",1317149,I Swear,en,I Swear,15.9043,2025-09-22,8.25,547,Available
"[18, 878, 10752]",281338,War for the Planet of the Apes,en,War for the Planet of the Apes,15.6481,2017-07-11,7.225,9939,Available
"[28, 878, 12]",399579,Alita: Battle Angel,en,Alita: Battle Angel,15.1626,2019-01-31,7.274,10357,Available
"[878, 28, 12]",91314,Transformers: Age of Extinction,en,Transformers: Age of Extinction,15.6707,2014-06-25,5.972,8931,Available
[18],1366,Rocky,en,Rocky,14.9833,1976-12-03,7.8,8873,Available
"[878, 12]",1170608,Dune: Part Three,en,Dune: Part Three,16.8063,2026-12-15,0.0,0,Available
"[12, 10751, 16]",762509,Mufasa: The Lion King,en,Mufasa: The Lion King,16.1316,2024-12-18,7.287,2764,Available
"[878, 12, 16, 10751, 14]",9016,Treasure Planet,en,Treasure Planet,15.0431,2002-11-26,7.577,4718,Available
"[28, 27, 878]",460458,Resident Evil: Welcome to Raccoon City,en,Resident Evil: Welcome to Raccoon City,15.9784,2021-11-24,5.931,2778,Available
"[35, 10751, 10749]",9820,The Parent Trap,en,The Parent Trap,16.0271,1998-07-28,7.215,4638,Available
"[28, 878, 12]",118340,Guardians of the Galaxy,en,Guardians of the Galaxy,14.7887,2014-07-30,7.907,30265,Available
"[28, 12, 53]",37724,Skyfall,en,Skyfall,14.2281,2012-10-24,7.266,16387,Available
"[53, 28]",1087891,The Amateur,en,The Amateur,15.9375,2025-04-09,6.919,1766,Available
"[28, 12, 10752]",1511675,Kingdom 5: The Clash of Souls,ja,キングダム 魂の決戦,16.1754,2026-07-17,8.5,2,Available
"[28, 12, 14]",297761,Suicide Squad,en,Suicide Squad,14.8919,2016-08-03,5.917,22395,Available
"[878, 28]",695721,The Hunger Games: The Ballad of Songbirds & Snakes,en,The Hunger Games: The Ballad of Songbirds & Snakes,15.1911,2023-11-15,6.955,3656,Available
"[18, 10749]",11216,Cinema Paradiso,it,Nuovo Cinema Paradiso,15.3834,1988-11-17,8.432,4968,Available
"[80, 18, 53]",242,The Godfather Part III,en,The Godfather Part III,16.4756,1990-12-25,7.417,7035,Available
"[27, 878]",126889,Alien: Covenant,en,Alien: Covenant,14.4302,2017-05-09,6.189,9660,Available
"[28, 18]",1235877,Jana Nayagan,ta,ஜன நாயகன்,14.9812,2026-07-22,5.3,20,Available
"[12, 28, 53, 878]",605,The Matrix Revolutions,en,The Matrix Revolutions,15.0589,2003-11-05,6.757,11100,Available
"[18, 10749]",1232449,Young Hearts,nl,Young Hearts,16.1382,2024-10-26,8.561,309,Available
"[16, 10751, 18, 12]",995133,"The Boy, the Mole, the Fox and the Horse",en,"The Boy, the Mole, the Fox and the Horse",14.6949,2022-12-25,8.212,766,Available
"[28, 12, 878]",558,Spider-Man 2,en,Spider-Man 2,15.7925,2004-06-25,7.329,16867,Available
"[28, 12, 16, 35, 10751, 878]",404368,Ralph Breaks the Internet,en,Ralph Breaks the Internet,15.81,2018-11-20,7.153,8261,Available
"[12, 14, 18, 10749]",18239,The Twilight Saga: New Moon,en,The Twilight Saga: New Moon,14.9204,2009-11-18,5.985,9896,Available
"[18, 878]",264660,Ex Machina,en,Ex Machina,14.6509,2015-01-21,7.571,14565,Available
"[53, 80]",163,Ocean's Twelve,en,Ocean's Twelve,15.1802,2004-12-09,6.566,8104,Available
"[12, 16, 10751]",10009,Brother Bear,en,Brother Bear,15.9423,2003-10-23,7.283,5857,Available
"[12, 18, 28, 10749, 14]",146,"Crouching Tiger, Hidden Dragon",zh,卧虎藏龍,13.1926,2000-07-06,7.437,3686,Available
"[35, 80]",115,The Big Lebowski,en,The Big Lebowski,15.1483,1998-03-06,7.834,12467,Available
"[28, 12, 53, 80, 18]",7451,xXx,en,xXx,14.6782,2002-08-09,5.988,5021,Available
"[18, 80]",4982,American Gangster,en,American Gangster,15.4187,2007-11-02,7.596,6216,Available
"[28, 35, 10752, 12]",799583,The Ministry of Ungentlemanly Warfare,en,The Ministry of Ungentlemanly Warfare,14.5063,2024-04-18,6.996,2047,Available
[99],900493,How the Titanic became my lifeboat,en,How the Titanic became my lifeboat,10.5047,2021-11-12,0.0,0,Available
"[18, 10749]",570595,Russian Nymphet: Temptation,ru,Русская нимфетка: искушение,14.2223,2004-11-28,5.6,27,Available
"[28, 80, 18]",7220,The Punisher,en,The Punisher,14.1319,2004-04-15,6.385,3270,Available
"[18, 10749]",666277,Past Lives,en,Past Lives,14.523,2023-06-02,7.696,2447,Available
"[36, 10752, 28]",898704,Desert Warrior,en,Desert Warrior,14.873,2026-04-23,6.2,38,Available
"[28, 878, 12]",399566,Godzilla vs. Kong,en,Godzilla vs. Kong,15.2245,2021-03-24,7.523,10807,Available
"[28, 18, 53]",254128,San Andreas,en,San Andreas,15.5364,2015-05-27,6.251,9189,Available
"[16, 12, 14, 10751]",1542261,Doraemon the Movie: New Nobita and the Castle of the Undersea Devil,ja,映画ドラえもん 新・のび太の海底鬼岩城,15.4269,2026-02-27,7.3,10,Available
"[27, 53]",507089,Five Nights at Freddy's,en,Five Nights at Freddy's,14.7193,2023-10-25,7.278,5176,Available
"[12, 28, 35, 10749]",14324,Virgin Territory,en,Virgin Territory,16.798,2007-12-17,4.987,386,Available
"[878, 53, 28]",9693,Children of Men,en,Children of Men,14.1206,2006-09-22,7.613,8091,Available
"[18, 10749]",77877,The Lucky One,en,The Lucky One,15.4419,2012-04-19,7.182,3874,Available
"[12, 18, 28]",254,King Kong,en,King Kong,14.4366,2005-12-12,6.902,8709,Available
"[27, 28]",36647,Blade,en,Blade,15.153,1998-08-21,6.852,6943,Available
"[35, 10402, 18]",1504358,Don't Say Good Luck,en,Don't Say Good Luck,13.7805,2026-08-13,7.333,102,Available
"[878, 28, 53]",346910,The Predator,en,The Predator,14.6978,2018-09-05,5.618,5257,Available
"[28, 53, 80]",1701,Con Air,en,Con Air,14.2822,1997-06-05,6.785,4852,Available
"[12, 18, 37]",581,Dances with Wolves,en,Dances with Wolves,13.3269,1990-11-09,7.841,4814,Available
"[12, 878]",329,Jurassic Park,en,Jurassic Park,14.2992,1993-06-11,7.976,18316,Available
"[27, 9648]",646385,Scream,en,Scream,15.4331,2022-01-12,6.676,4005,Available
"[18, 28, 53]",7485,Shooter,en,Shooter,13.9789,2007-03-22,7.13,5610,Available
"[10751, 14, 16, 10749]",11224,Cinderella,en,Cinderella,16.6503,1950-02-22,7.053,7276,Available
"[27, 53, 878]",1562,28 Weeks Later,en,28 Weeks Later,15.3808,2007-04-26,6.591,5839,Available
"[18, 10749]",5879,In the Realm of the Senses,ja,愛のコリーダ,16.3382,1976-09-15,6.611,755,Available
"[28, 53, 12]",56292,Mission: Impossible - Ghost Protocol,en,Mission: Impossible - Ghost Protocol,13.9978,2011-12-07,7.116,10988,Available
"[28, 80, 53]",4108,The Transporter,en,The Transporter,15.5661,2002-10-02,6.73,5985,Available
"[878, 28, 12]",1924,Superman,en,Superman,14.524,1978-12-14,7.165,4405,Available
"[878, 27, 53]",1469342,Her Private Hell,en,Her Private Hell,15.3429,2026-07-23,5.061,57,Available
"[28, 14]",364,Batman Returns,en,Batman Returns,14.4453,1992-06-19,6.949,7257,Available
"[18, 80]",1607,A Bronx Tale,en,A Bronx Tale,14.3542,1993-10-01,7.902,2987,Available
"[28, 53, 80]",345887,The Equalizer 2,en,The Equalizer 2,14.6494,2018-07-19,6.794,6142,Available
"[12, 28]",335977,Indiana Jones and the Dial of Destiny,en,Indiana Jones and the Dial of Destiny,14.5931,2023-06-25,6.496,4338,Available
"[10749, 35]",1515615,Kissing Is the Easy Part,en,Kissing Is the Easy Part,15.6499,2026-02-13,7.392,79,Available
[27],1034541,Terrifier 3,en,Terrifier 3,15.6465,2024-10-09,6.765,2032,Available
"[28, 35, 27, 53]",1292695,They Will Kill You,en,They Will Kill You,15.6445,2026-03-25,6.95,1108,Available
[99],1752159,Turning Point: Generation 9/11,en,Turning Point: Generation 9/11,15.6429,2026-09-02,6.583,12,Available
"[28, 53]",1279493,The Get Out,en,The Get Out,15.6349,2026-06-18,6.1,74,Available
"[16, 28, 9648, 80]",1545621,Detective Conan: Fallen Angel of the Highway,ja,名探偵コナン ハイウェイの堕天使,15.6274,2026-04-10,7.429,21,Available
"[28, 12, 14, 27]",411442,Time Raiders,zh,盗墓笔记,15.6224,2016-08-18,5.3,29,Available
[53],645710,The Voyeurs,en,The Voyeurs,15.6198,2021-08-25,6.547,1271,Available
"[12, 18, 28]",980489,Gran Turismo,en,Gran Turismo,15.6143,2023-08-09,7.694,3562,Available
"[35, 53]",921711,Tamil Rockers,ta,தமிழ் ராக்கர்ஸ்,15.6084,2021-12-31,4.2,5,Available
[27],764,The Evil Dead,en,The Evil Dead,15.6064,1983-01-16,7.261,4700,Available
"[10749, 35]",114,Pretty Woman,en,Pretty Woman,15.5911,1990-03-23,7.441,9152,Available
"[53, 9648, 18]",567,Rear Window,en,Rear Window,15.5876,1954-08-01,8.3,7346,Available
"[35, 10749]",26817,Sex and the Single Girl,en,Sex and the Single Girl,15.5707,1964-12-25,6.554,83,Available
"[27, 53]",298312,The Visit,en,The Visit,15.5577,2015-09-10,6.318,5284,Available
"[35, 27]",593643,The Menu,en,The Menu,15.5498,2022-11-17,7.182,6616,Available
[35],8835,Legally Blonde,en,Legally Blonde,15.5429,2001-07-13,6.813,4706,Available
"[10749, 878, 18]",152601,Her,en,Her,15.542,2013-12-18,7.836,15608,Available
"[18, 10749]",588627,Files of Love on Wedding Night,cn,初夜洞房檔案,15.535,1994-03-16,6.0,1,Available
[18],785084,The Whale,en,The Whale,15.5197,2022-12-09,7.752,4882,Available
"[16, 35, 10751]",35,The Simpsons Movie,en,The Simpsons Movie,15.5172,2007-07-25,7.023,8709,Available
"[28, 878, 12]",588228,The Tomorrow War,en,The Tomorrow War,15.513,2021-09-03,7.523,4444,Available
"[16, 10751, 12, 35, 14]",137106,The Lego Movie,en,The Lego Movie,15.5046,2014-02-06,7.431,8702,Available
[27],109428,Evil Dead,en,Evil Dead,15.4939,2013-04-05,6.661,5336,Available
"[16, 35, 10751, 10402]",335797,Sing,en,Sing,15.4911,2016-11-23,7.124,8570,Available
"[28, 12, 53]",9802,The Rock,en,The Rock,15.491,1996-06-07,7.156,5358,Available
"[35, 80]",433566,The Foxy Ladies,cn,夠格女郎,15.4855,1979-11-01,3.75,4,Available
"[16, 14, 12]",615453,Ne Zha,zh,哪吒之魔童降世,15.4724,2019-07-26,7.895,947,Available
"[35, 80, 18]",308266,War Dogs,en,War Dogs,15.4721,2016-08-18,6.948,5666,Available
"[10752, 18, 36]",530915,1917,en,1917,15.4707,2019-12-25,7.984,13869,Available
"[18, 53]",405818,Door II: Tokyo Diary,ja,Door II: Tokyo Diary,15.4572,1991-04-25,6.2,15,Available
"[28, 53, 878]",59967,Looper,en,Looper,15.4391,2012-09-26,6.916,11173,Available
"[28, 18, 10749, 53]",4588,"Lust, Caution",zh,色‧戒,15.4269,2007-09-24,7.3,840,Available
[18],316029,The Greatest Showman,en,The Greatest Showman,15.4257,2017-12-20,7.853,10222,Available
"[18, 9648, 53]",1233575,Black Bag,en,Black Bag,15.4122,2025-03-12,6.38,1368,Available
[18],976893,Perfect Days,ja,PERFECT DAYS,15.3937,2023-11-10,7.823,2045,Available
"[12, 28, 53, 878]",563,Starship Troopers,en,Starship Troopers,15.3847,1997-11-07,7.1,5687,Available
"[28, 53, 80]",697843,Extraction 2,en,Extraction 2,15.3752,2023-06-09,7.387,3043,Available
"[16, 12, 10751]",381719,Peter Rabbit,en,Peter Rabbit,15.3482,2018-02-07,6.695,1975,Available
"[16, 35, 10751, 37, 12]",44896,Rango,en,Rango,15.3456,2011-03-02,6.919,7306,Available
"[18, 878, 12]",644,A.I. Artificial Intelligence,en,A.I. Artificial Intelligence,15.3438,2001-06-29,7.066,6851,Available
"[28, 80, 53]",755679,Fast Forever,en,Fast Forever,15.3341,2028-03-16,0.0,0,Available
"[12, 35, 14]",590223,Love and Monsters,en,Love and Monsters,15.3238,2020-10-16,7.264,4574,Available
"[18, 35]",1088514,The Room Next Door,es,La habitación de al lado,15.319,2024-10-07,6.724,708,Available
"[18, 9648, 53]",411088,The Invisible Guest,es,Contratiempo,15.308,2017-01-06,8.074,5113,Available
"[12, 16, 35, 10751]",11619,Flushed Away,en,Flushed Away,15.306,2006-10-22,6.34,4185,Available
"[27, 878, 53]",5876,The Mist,en,The Mist,15.306,2007-11-21,6.952,6071,Available
"[12, 16, 10751]",127380,Finding Dory,en,Finding Dory,15.3014,2016-06-16,7.044,12836,Available
"[28, 14, 12]",460465,Mortal Kombat,en,Mortal Kombat,15.2999,2021-04-07,7.038,7021,Available
"[28, 12, 878]",335988,Transformers: The Last Knight,en,Transformers: The Last Knight,15.2927,2017-06-16,6.064,6877,Available
"[18, 10751, 10402, 10749]",15121,The Sound of Music,en,The Sound of Music,15.2925,1965-03-29,7.729,3728,Available
"[35, 10752, 18]",515001,Jojo Rabbit,en,Jojo Rabbit,15.2826,2019-10-18,7.973,10664,Available
"[14, 18, 10749]",162,Edward Scissorhands,en,Edward Scissorhands,15.2808,1990-12-07,7.72,14019,Available
"[12, 14, 10749, 10751]",420817,Aladdin,en,Aladdin,15.2759,2019-05-22,7.078,10798,Available
[99],1576586,"Cannabis, un paradoxe français",fr,"Cannabis, un paradoxe français",15.2689,2025-03-01,0.0,0,Available
"[16, 14, 35, 12]",1732625,LEGO Disney Princess: Magical Mayhem,en,LEGO Disney Princess: Magical Mayhem,15.2684,2026-08-21,7.409,11,Available
"[53, 9648, 35]",812583,Wake Up Dead Man: A Knives Out Mystery,en,Wake Up Dead Man: A Knives Out Mystery,15.2681,2025-11-26,7.209,2841,Available
"[18, 878]",83542,Cloud Atlas,en,Cloud Atlas,15.2633,2012-10-26,6.897,7667,Available
"[16, 14, 18]",508883,The Boy and the Heron,ja,君たちはどう生きるか,15.2627,2023-07-14,7.38,2788,Available
"[27, 35, 18]",1284120,The Ugly Stepsister,no,Den stygge stesøsteren,15.2548,2025-03-07,7.319,1306,Available
"[14, 18, 9648]",141,Donnie Darko,en,Donnie Darko,15.2471,2001-01-19,7.758,13724,Available
"[28, 53]",725201,The Gray Man,en,The Gray Man,15.2421,2022-07-13,6.904,4435,Available
"[28, 12, 878]",131634,The Hunger Games: Mockingjay - Part 2,en,The Hunger Games: Mockingjay - Part 2,15.2385,2015-11-18,6.898,13560,Available
"[18, 53, 28]",1372,Blood Diamond,en,Blood Diamond,15.2368,2006-12-08,7.559,8525,Available
[99],1229898,"MoviePass, MovieCrash",en,"MoviePass, MovieCrash",15.2342,2024-03-09,6.624,37,Available
"[878, 12, 28, 18]",1927,Hulk,en,Hulk,15.2337,2003-06-19,5.6,6444,Available
"[18, 35]",615777,Babylon,en,Babylon,15.2187,2022-12-22,7.336,3916,Available
"[27, 53]",1197137,Black Phone 2,en,Black Phone 2,15.2099,2025-10-15,6.6,1321,Available
"[28, 80, 18]",2034,Training Day,en,Training Day,15.2099,2001-10-05,7.53,6812,Available
"[35, 10751, 14]",10830,Matilda,en,Matilda,15.1962,1996-08-02,7.183,4933,Available
"[18, 10749]",288987,That Malicious Age,it,Quella età maliziosa,15.1815,1975-03-11,6.426,88,Available
"[35, 80, 28]",290250,The Nice Guys,en,The Nice Guys,15.177,2016-05-15,7.134,8894,Available
"[16, 35, 10751, 12]",412117,The Secret Life of Pets 2,en,The Secret Life of Pets 2,15.172,2019-05-24,6.948,3411,Available
"[12, 28]",89,Indiana Jones and the Last Crusade,en,Indiana Jones and the Last Crusade,15.1647,1989-05-24,7.856,11330,Available
"[28, 53, 18, 80]",343611,Jack Reacher: Never Go Back,en,Jack Reacher: Never Go Back,15.1426,2016-10-19,6.031,5467,Available
"[10749, 53]",1097549,Babygirl,en,Babygirl,15.1424,2024-12-25,5.716,1285,Available
"[28, 16, 878]",9323,Ghost in the Shell,ja,GHOST IN THE SHELL / 攻殻機動隊,15.1215,1995-11-18,7.928,4035,Available
"[878, 28, 12, 53]",336843,Maze Runner: The Death Cure,en,Maze Runner: The Death Cure,15.1204,2018-01-10,7.079,8562,Available
"[28, 53, 80, 35]",9737,Bad Boys,en,Bad Boys,15.1056,1995-04-07,6.832,7127,Available
[18],37799,The Social Network,en,The Social Network,15.0929,2010-10-01,7.376,13478,Available
"[28, 18, 53]",787723,13 Minutes,en,13 Minutes,13.3318,2021-10-29,5.814,299,Available
"[18, 10749]",843,In the Mood for Love,cn,花樣年華,14.0985,2000-09-29,8.1,3365,Available
"[80, 18, 53]",1592,Primal Fear,en,Primal Fear,14.7947,1996-04-03,7.661,4136,Available
"[28, 18, 53]",9509,Man on Fire,en,Man on Fire,13.7791,2004-04-23,7.465,5873,Available
"[18, 10402]",1585862,The Third Clef,pt,A Terceira Clave,9.1099,2025-10-31,10.0,1,Available
"[35, 10751, 14]",10330,Freaky Friday,en,Freaky Friday,14.9874,2003-08-05,6.588,4363,Available
"[28, 12, 9648]",335787,Uncharted,en,Uncharted,14.8622,2022-02-10,6.873,7136,Available
"[18, 35]",194662,Birdman or (The Unexpected Virtue of Ignorance),en,Birdman or (The Unexpected Virtue of Ignorance),13.4374,2014-10-17,7.435,13806,Available
"[16, 10751, 18, 36, 12]",1167307,David,en,David,14.7258,2025-12-14,8.045,191,Available
"[27, 18, 14]",628,Interview with the Vampire,en,Interview with the Vampire,13.8856,1994-11-11,7.387,6597,Available
"[16, 10751]",1698575,"Snoopy Presents: There's No Place Like Home, Snoopy",en,"Snoopy Presents: There's No Place Like Home, Snoopy",14.6546,2026-07-30,8.4,38,Available
"[28, 12, 10751, 35]",675353,Sonic the Hedgehog 2,en,Sonic the Hedgehog 2,14.0862,2022-03-30,7.418,6006,Available
"[35, 18, 10749]",19404,Dilwale Dulhania Le Jayenge,hi,दिलवाले दुल्हनिया ले जायेंगे,16.4574,1995-10-20,8.5,4620,Available
"[28, 80, 53]",1592032,Furious Attack,zh,怒袭,13.8608,2026-02-12,6.0,4,Available
"[28, 53, 878]",296,Terminator 3: Rise of the Machines,en,Terminator 3: Rise of the Machines,13.8861,2003-07-02,6.201,7461,Available
"[878, 27]",300668,Annihilation,en,Annihilation,13.6517,2018-02-22,6.448,9603,Available
"[12, 16, 35, 10751]",10527,Madagascar: Escape 2 Africa,en,Madagascar: Escape 2 Africa,15.3444,2008-10-30,6.532,7588,Available
[18],70,Million Dollar Baby,en,Million Dollar Baby,13.6837,2004-12-05,7.953,10569,Available
"[28, 18]",346,Seven Samurai,ja,七人の侍,14.2087,1954-04-26,8.451,4359,Available
"[18, 37]",335,Once Upon a Time in the West,it,C'era una volta il West,14.8382,1968-12-21,8.265,5039,Available
"[27, 12, 28]",7131,Van Helsing,en,Van Helsing,14.6642,2004-05-03,6.427,6837,Available
"[18, 53]",974576,Conclave,en,Conclave,13.0889,2024-10-25,7.188,3597,Available
"[16, 28, 14]",635302,Demon Slayer -Kimetsu no Yaiba- The Movie: Mugen Train,ja,劇場版「鬼滅の刃」無限列車編,14.4581,2020-10-16,8.227,4670,Available
"[28, 878, 12, 9648]",75612,Oblivion,en,Oblivion,13.2457,2013-04-10,6.692,11805,Available
"[35, 18, 10751]",788,Mrs. Doubtfire,en,Mrs. Doubtfire,14.0202,1993-11-24,7.195,6777,Available
"[18, 878, 9648]",686,Contact,en,Contact,13.553,1997-07-11,7.449,5176,Available
"[10751, 16, 12, 35]",5559,Bee Movie,en,Bee Movie,15.1859,2007-10-28,6.053,5410,Available
"[18, 10752, 10749]",770,Gone with the Wind,en,Gone with the Wind,15.7991,1939-12-15,7.9,4468,Available
"[10751, 16, 12, 35]",211672,Minions,en,Minions,14.8126,2015-06-17,6.424,11295,Available
"[10749, 18]",1397485,Girls Like Girls,en,Girls Like Girls,14.4224,2026-06-18,7.589,56,Available
"[35, 18]",594,The Terminal,en,The Terminal,13.7791,2004-06-17,7.356,8944,Available
"[10749, 18]",1231767,Exchange Wife 2,ko,교환아내 2,14.6992,2023-02-03,6.0,1,Available
"[12, 28, 37]",333484,The Magnificent Seven,en,The Magnificent Seven,13.9641,2016-09-14,6.497,6545,Available
"[18, 10402, 10749]",88,Dirty Dancing,en,Dirty Dancing,13.5285,1987-08-21,7.319,6650,Available
"[10749, 18]",1327862,Regretting You,en,Regretting You,14.675,2025-10-22,7.108,560,Available
"[16, 10751, 14]",16859,Kiki's Delivery Service,ja,魔女の宅急便,13.7088,1989-07-29,7.838,4717,Available
[27],1341041,A Haunted Romance,cn,再世風流劫,14.9415,1985-05-24,10.0,1,Available
"[16, 35, 10751, 14, 27]",9297,Monster House,en,Monster House,13.9046,2006-06-30,6.708,4439,Available
[35],436565,A Bull for Mounts,it,Un toro da monta,11.4271,1976-01-01,4.438,8,Available
"[28, 35, 14]",287947,Shazam!,en,Shazam!,12.7598,2019-03-29,6.969,10419,Available
"[18, 53, 80]",64690,Drive,en,Drive,14.0504,2011-09-15,7.583,13975,Available
"[10749, 35, 18]",3109,The Quiet Man,en,The Quiet Man,7.177,1952-07-21,7.3,624,Available
"[9648, 18, 10749, 53, 10770]",153104,Wicked Minds,en,Wicked Minds,20.1095,2003-03-01,6.407,54,Available
"[16, 10751, 35, 12]",950,Ice Age: The Meltdown,en,Ice Age: The Meltdown,14.9338,2006-03-29,6.726,10529,Available
"[35, 14]",1114967,Good Fortune,en,Good Fortune,12.579,2025-10-14,6.846,803,Available
"[35, 80, 53]",639988,No Other Choice,ko,어쩔수가없다,13.385,2025-09-24,7.519,1270,Available
"[12, 10751, 14, 10749]",447277,The Little Mermaid,en,The Little Mermaid,14.2829,2023-05-18,6.25,3405,Available
"[28, 35]",1248226,Playdate,en,Playdate,13.1861,2025-11-04,6.2,676,Available
"[14, 10749, 53]",251,Ghost,en,Ghost,13.1782,1990-07-13,7.246,6189,Available
"[10749, 35, 10402]",1676318,Back to the 90s,de,Back to the 90s,13.8889,2026-08-18,6.071,21,Available
"[10402, 35, 18, 10770]",1493400,Camp Rock 3,en,Camp Rock 3,13.8349,2026-08-13,6.557,114,Available
"[16, 10751]",73723,The Lorax,en,The Lorax,15.8092,2012-03-01,6.537,3975,Available
"[18, 10752]",600,Full Metal Jacket,en,Full Metal Jacket,14.0318,1987-06-26,8.119,11730,Available
"[18, 12]",235,Stand by Me,en,Stand by Me,13.3186,1986-08-08,7.832,6725,Available
"[28, 53, 878]",10483,Death Race,en,Death Race,13.7965,2008-08-22,6.319,4255,Available
"[80, 53, 18]",302946,The Accountant,en,The Accountant,13.7528,2016-10-13,7.14,7568,Available
"[10749, 35]",1072790,Anyone but You,en,Anyone but You,15.0255,2023-12-21,6.752,3210,Available
"[16, 878, 18, 14, 28]",18491,Neon Genesis Evangelion: The End of Evangelion,ja,新世紀エヴァンゲリオン劇場版 Air／まごころを、君に,14.1606,1997-07-19,8.3,1951,Available
[878],17654,District 9,en,District 9,13.9056,2009-08-05,7.48,10623,Available
"[10749, 18]",1317672,Love Me Love Me,en,Love Me Love Me,15.4833,2026-02-12,6.086,314,Available
"[12, 14, 28]",337401,Mulan,en,Mulan,14.1739,2020-09-04,6.82,7147,Available
"[10749, 36, 18]",40084,Caligula and Messalina,fr,Caligula et Messaline,12.7807,1981-12-17,4.511,45,Available
"[16, 18, 10749]",378064,A Silent Voice: The Movie,ja,映画 聲の形,13.5608,2016-09-17,8.4,4671,Available
"[12, 28, 53]",955,Mission: Impossible II,en,Mission: Impossible II,13.7771,2000-05-24,6.138,7791,Available
"[16, 10751, 14, 12, 35, 10749]",11970,Hercules,en,Hercules,15.6868,1997-06-13,7.499,8091,Available
"[12, 18, 10751]",1265,Bridge to Terabithia,en,Bridge to Terabithia,14.472,2007-02-15,7.349,5451,Available
"[12, 28, 878]",1893,Star Wars: Episode I - The Phantom Menace,en,Star Wars: Episode I - The Phantom Menace,13.716,1999-05-19,6.583,16186,Available
[18],1669057,Check-In,tl,Check-In,14.2664,2026-05-01,6.2,4,Available
"[12, 16, 35, 10751]",748783,The Garfield Movie,en,The Garfield Movie,14.8146,2024-04-30,6.949,1500,Available
"[18, 10749]",537915,After,en,After,13.277,2019-04-11,7.105,8563,Available
"[18, 36]",363676,Sully,en,Sully,12.6782,2016-09-07,7.205,7864,Available
"[18, 28]",480530,Creed II,en,Creed II,12.7483,2018-11-21,7.034,5915,Available
"[80, 53]",800158,The Killer,en,The Killer,12.9743,2023-10-25,6.58,2980,Available
"[9648, 80, 53]",505026,Death on the Nile,en,Death on the Nile,13.6523,2022-02-09,6.406,4349,Available
"[28, 80, 53]",400535,Sicario: Day of the Soldado,en,Sicario: Day of the Soldado,13.9667,2018-06-27,6.944,4178,Available
"[35, 10751, 14, 16]",6477,Alvin and the Chipmunks,en,Alvin and the Chipmunks,13.8719,2007-12-13,5.841,4821,Available
"[28, 12, 878]",49529,John Carter,en,John Carter,13.3414,2012-03-07,6.384,6274,Available
"[28, 53]",1669,The Hunt for Red October,en,The Hunt for Red October,12.8183,1990-03-02,7.386,3747,Available
"[27, 9648]",1193501,Whistle,en,Whistle,13.6314,2026-01-20,6.329,680,Available
"[12, 35, 878]",165,Back to the Future Part II,en,Back to the Future Part II,14.4722,1989-11-22,7.784,14259,Available
"[12, 28, 18]",1084736,The Count of Monte Cristo,fr,Le Comte de Monte-Cristo,12.1131,2024-06-28,7.899,2130,Available
"[16, 10751, 14]",10895,Pinocchio,en,Pinocchio,13.4761,1940-02-23,7.118,6358,Available
"[53, 28, 12, 878]",44833,Battleship,en,Battleship,13.5719,2012-04-11,5.934,6156,Available
"[14, 35]",4011,Beetlejuice,en,Beetlejuice,13.4855,1988-03-30,7.367,8656,Available
"[53, 18, 9648]",1018,Mulholland Drive,en,Mulholland Drive,14.0923,2001-06-06,7.8,7264,Available
"[10749, 35, 18]",1259102,Eternity,en,Eternity,12.2052,2025-11-10,7.086,838,Available
"[28, 12, 53]",324668,Jason Bourne,en,Jason Bourne,14.4377,2016-07-27,6.384,6350,Available
[18],5721,Vixen!,en,Vixen!,11.582,1968-10-15,5.518,111,Available
"[18, 10749]",76,Before Sunrise,en,Before Sunrise,14.1806,1995-01-27,7.969,4848,Available
"[18, 53]",553168,Girl’s Pleasure: Man Hunting,ja,横須賀男狩り 少女・悦楽,13.7771,1977-05-21,4.333,6,Available
"[16, 10751, 12]",37135,Tarzan,en,Tarzan,13.8451,1999-06-17,7.407,7484,Available
"[10751, 35, 14]",8871,How the Grinch Stole Christmas,en,How the Grinch Stole Christmas,14.5597,2000-11-17,6.78,8440,Available
"[35, 878, 18]",646380,Don't Look Up,en,Don't Look Up,13.5776,2021-12-08,7.056,9655,Available
"[16, 28, 14]",1539104,JUJUTSU KAISEN: Execution,ja,劇場版 呪術廻戦「渋谷事変 特別編集版」×「死滅回游 先行上映」,14.2656,2025-11-07,6.1,115,Available
"[12, 35, 14]",353486,Jumanji: Welcome to the Jungle,en,Jumanji: Welcome to the Jungle,13.7492,2017-12-20,6.823,14742,Available
"[878, 28, 12]",13475,Star Trek,en,Star Trek,14.1094,2009-05-06,7.436,10707,Available
[18],205587,The Judge,en,The Judge,13.9621,2014-10-08,7.329,4521,Available
"[27, 878]",9426,The Fly,en,The Fly,13.8921,1986-08-15,7.446,5126,Available
"[28, 12]",184315,Hercules,en,Hercules,14.0969,2014-07-23,5.807,4432,Available
"[28, 53]",1637,Speed,en,Speed,13.2669,1994-06-09,7.16,7040,Available
"[80, 35, 28]",402900,Ocean's Eight,en,Ocean's Eight,14.1486,2018-06-07,6.946,8976,Available
[16],129067,Hunger,fr,La Faim,6.4842,1974-10-01,6.3,37,Available
[18],312221,Creed,en,Creed,15.9956,2015-11-25,7.407,8115,Available
"[14, 10751, 35]",1593,Night at the Museum,en,Night at the Museum,12.4397,2006-12-20,6.6,11185,Available
"[28, 878, 53]",262500,Insurgent,en,Insurgent,14.734,2015-03-18,6.36,10585,Available
"[35, 27]",19908,Zombieland,en,Zombieland,12.8058,2009-10-02,7.26,13456,Available
[35],813,Airplane!,en,Airplane!,12.6325,1980-06-27,7.301,5237,Available
"[36, 10752, 18]",1308767,Young Washington,en,Young Washington,14.1175,2026-07-02,7.9,113,Available
"[12, 80, 9648]",1202033,Enola Holmes 3,en,Enola Holmes 3,14.4703,2026-06-30,6.75,663,Available
[],960781,刘德华 热浪劲爆音乐会,zh,刘德华 热浪劲爆音乐会,16.9575,1993-07-30,0.0,0,Available
"[28, 878, 53]",1071585,M3GAN 2.0,en,M3GAN 2.0,13.4528,2025-06-25,7.155,1471,Available
"[878, 28, 53]",180,Minority Report,en,Minority Report,13.0677,2002-06-20,7.354,9911,Available
[35],109418,Grown Ups 2,en,Grown Ups 2,13.9854,2013-07-11,6.2,4803,Available
"[27, 9648]",951491,Saw X,en,Saw X,12.2337,2023-09-27,7.15,2459,Available
"[28, 53]",1641319,Sniper: No Nation,en,Sniper: No Nation,13.4641,2026-03-13,6.7,98,Available
"[10751, 16, 35, 14, 12, 10402]",446893,Trolls World Tour,en,Trolls World Tour,13.1345,2020-03-11,7.223,2310,Available
[10749],952079,Invited Delivery Man 2,ko,초대받은 배달부 2,13.4749,2022-03-11,7.0,1,Available
"[35, 18, 10749]",50646,"Crazy, Stupid, Love.",en,"Crazy, Stupid, Love.",13.6051,2011-07-29,7.278,9502,Available
"[28, 10752, 53]",1223601,Sisu: Road to Revenge,fi,Sisu 2,13.9957,2025-10-21,7.314,904,Available
"[28, 12, 14]",338970,Tomb Raider,en,Tomb Raider,13.4466,2018-03-05,6.364,8500,Available
"[80, 18, 53]",3134,Baise-moi,fr,Baise-moi,13.1191,2000-06-28,4.832,499,Available
"[35, 27, 10749]",1240889,Teenage Sex and Death at Camp Miasma,en,Teenage Sex and Death at Camp Miasma,13.6385,2026-08-06,6.7,100,Available
"[27, 9648]",4233,Scream 2,en,Scream 2,13.7868,1997-12-12,6.521,4878,Available
"[36, 18]",1214931,Nuremberg,en,Nuremberg,13.3681,2025-11-06,7.606,1393,Available
"[10749, 27]",6114,Bram Stoker's Dracula,en,Bram Stoker's Dracula,13.5256,1992-11-13,7.448,5913,Available
"[12, 10751, 9648, 878]",158852,Tomorrowland,en,Tomorrowland,12.2957,2015-05-19,6.31,7492,Available
"[80, 9648, 53]",395834,Wind River,en,Wind River,13.7796,2017-08-03,7.442,5940,Available
[18],1600502,"Honestly, I'm Fine",nl,PAAZ,12.9293,2026-02-26,6.9,14,Available
"[14, 16, 10749, 10751]",10882,Sleeping Beauty,en,Sleeping Beauty,13.8591,1959-02-17,6.947,5567,Available
"[53, 9648, 27]",631843,Old,en,Old,13.0046,2021-07-21,6.317,5024,Available
"[27, 9648]",1232546,Until Dawn,en,Until Dawn,12.9881,2025-04-23,6.259,1571,Available
"[18, 10749]",64682,The Great Gatsby,en,The Great Gatsby,14.7053,2013-05-09,7.346,13153,Available
"[28, 878, 12]",95,Armageddon,en,Armageddon,12.4669,1998-07-01,6.832,8817,Available
"[27, 878, 53]",762504,Nope,en,Nope,12.903,2022-07-20,6.826,5155,Available
"[878, 53, 27]",520763,A Quiet Place Part II,en,A Quiet Place Part II,12.9458,2021-05-21,7.428,7614,Available
[18],160588,Blue Jasmine,en,Blue Jasmine,15.9717,2013-08-01,6.982,3727,Available
"[80, 28, 878]",198184,Chappie,en,Chappie,12.2814,2015-03-04,6.791,8650,Available
[],630940,Jokyoshi Nikki 2 Abakareta Sei,ja,女教師日記２　暴かれた性,13.7898,1996-06-13,9.3,6,Available
"[18, 10749]",1294203,My Fault: London,en,My Fault: London,14.7647,2025-02-12,7.398,624,Available
[18],7345,There Will Be Blood,en,There Will Be Blood,12.6212,2007-12-26,8.064,7685,Available
[18],804095,The Fabelmans,en,The Fabelmans,13.3244,2022-11-11,7.557,2867,Available
"[10752, 28]",190859,American Sniper,en,American Sniper,13.5944,2014-12-25,7.408,13868,Available
"[27, 18]",752397,Blue Heart,pt,Corazón Azul,16.0341,2021-04-27,3.8,5,Available
"[18, 80, 53]",22803,Law Abiding Citizen,en,Law Abiding Citizen,12.8544,2009-10-15,7.397,5837,Available
"[27, 53]",1290417,Thrash,en,Thrash,12.9905,2026-04-09,6.151,809,Available
"[16, 28, 12, 10751, 878]",639999,Ejen Ali: The Movie,ms,Ejen Ali: The Movie,16.5143,2019-11-28,8.16,25,Available
"[53, 9648, 878]",51876,Limitless,en,Limitless,12.923,2011-03-17,7.202,11715,Available
"[18, 10749, 878]",274870,Passengers,en,Passengers,14.6534,2016-12-21,6.955,14479,Available
[18],767036,The Choice,it,La scelta,19.1199,2020-11-15,0.0,0,Available
"[12, 10751, 14]",278927,The Jungle Book,en,The Jungle Book,12.5233,2016-04-07,6.879,8624,Available
"[27, 9648, 53]",1408208,Exit 8,ja,８番出口,12.7531,2025-08-03,7.021,769,Available
"[16, 35, 10751, 14]",360920,The Grinch,en,The Grinch,14.0808,2018-11-08,6.862,4515,Available
"[878, 12, 28]",299687,The 5th Wave,en,The 5th Wave,12.5023,2016-01-14,5.944,6144,Available
"[12, 28, 878]",20526,TRON: Legacy,en,TRON: Legacy,13.6156,2010-12-14,6.547,8136,Available
"[16, 12, 10751, 14]",116711,Epic,en,Epic,12.4131,2013-05-15,6.561,3003,Available
"[12, 14, 10751]",32657,Percy Jackson & the Olympians: The Lightning Thief,en,Percy Jackson & the Olympians: The Lightning Thief,13.5039,2010-02-01,6.215,7944,Available
"[18, 53, 80]",979,Irreversible,fr,Irréversible,14.5413,2002-05-22,7.17,3421,Available
"[35, 80, 878]",1226699,The Wrong Girls,en,The Wrong Girls,9.4598,2026-08-14,5.727,22,Available
"[16, 10751, 14, 12]",12092,Alice in Wonderland,en,Alice in Wonderland,13.1144,1951-08-09,7.191,6377,Available
"[18, 10749]",870270,My Wife's Sister 3,ko,내 아내의 언니3,13.9662,2019-08-08,3.5,2,Available
"[16, 10751, 14, 18, 35]",508943,Luca,en,Luca,12.3695,2021-06-17,7.773,9120,Available
[35],257211,The Intern,en,The Intern,13.9281,2015-09-23,7.226,7477,Available
"[28, 53, 10752]",7555,Rambo,en,Rambo,12.1012,2008-01-24,6.705,4393,Available
"[878, 28, 53, 12]",294254,Maze Runner: The Scorch Trials,en,Maze Runner: The Scorch Trials,14.7266,2015-09-09,6.732,11226,Available
"[99, 10770]",1522126,1000 Men and Me: The Bonnie Blue Story,en,1000 Men and Me: The Bonnie Blue Story,12.4384,2025-07-29,5.052,29,Available
"[28, 12, 53]",476669,The King's Man,en,The King's Man,13.6589,2021-12-22,6.705,5202,Available
"[12, 16, 18, 10751, 10749]",9732,The Lion King II: Simba's Pride,en,The Lion King II: Simba's Pride,13.1122,1998-10-24,6.942,4746,Available
"[80, 18, 53]",1375441,Primetime,en,Primetime,15.2859,2026-09-23,0.0,0,Available
"[80, 36, 53]",117,The Untouchables,en,The Untouchables,13.4087,1987-06-03,7.754,6312,Available
"[28, 12, 9648]",58574,Sherlock Holmes: A Game of Shadows,en,Sherlock Holmes: A Game of Shadows,12.006,2011-11-22,7.147,11134,Available
"[16, 35, 12, 10751]",459151,The Boss Baby: Family Business,en,The Boss Baby: Family Business,13.4167,2021-07-01,7.324,2722,Available
[99],1596291,Queen of Chess,en,Queen of Chess,7.2577,2026-01-27,7.527,75,Available
"[53, 80, 28]",265208,Wild Card,en,Wild Card,13.5508,2015-01-14,5.712,1986,Available
"[27, 878, 28]",924,Dawn of the Dead,en,Dawn of the Dead,15.1485,2004-03-19,7.089,4684,Available
"[12, 14, 18, 10749]",24021,The Twilight Saga: Eclipse,en,The Twilight Saga: Eclipse,12.2719,2010-06-23,6.2,9379,Available
"[878, 18, 28]",315837,Ghost in the Shell,en,Ghost in the Shell,13.118,2017-03-29,6.113,8725,Available
"[28, 878, 12]",415,Batman & Robin,en,Batman & Robin,12.3932,1997-06-20,4.394,5533,Available
"[16, 10751, 12, 878]",15512,Monsters vs Aliens,en,Monsters vs Aliens,14.33,2009-03-19,6.264,5117,Available
"[35, 10749]",9919,How to Lose a Guy in 10 Days,en,How to Lose a Guy in 10 Days,13.8746,2003-02-07,6.867,4586,Available
"[28, 12, 53, 10752]",1369,Rambo: First Blood Part II,en,Rambo: First Blood Part II,13.2794,1985-05-21,6.67,4457,Available
[18],216919,Deseo,es,Deseo,13.815,2013-09-13,6.536,274,Available
"[18, 53, 36]",80278,The Impossible,en,The Impossible,13.8134,2012-09-09,7.376,6842,Available
"[27, 53]",381288,Split,en,Split,13.7993,2017-01-19,7.34,18605,Available
"[53, 28, 878]",766507,Prey,en,Prey,13.7992,2022-08-02,7.65,7960,Available
"[28, 35, 80]",5175,Rush Hour 2,en,Rush Hour 2,13.7886,2001-08-03,6.777,4756,Available
"[28, 53]",36955,True Lies,en,True Lies,13.7882,1994-07-15,7.103,4720,Available
[27],10585,Child's Play,en,Child's Play,13.7861,1988-11-09,6.763,3459,Available
[18],84892,The Perks of Being a Wallflower,en,The Perks of Being a Wallflower,13.7837,2012-09-20,7.805,11426,Available
"[27, 9648]",9358,Final Destination 2,en,Final Destination 2,13.7827,2003-01-31,6.314,5013,Available
"[14, 12, 35]",967847,Ghostbusters: Frozen Empire,en,Ghostbusters: Frozen Empire,13.7818,2024-03-20,6.438,2281,Available
"[18, 80, 53]",1538,Collateral,en,Collateral,13.7809,2004-08-04,7.248,6471,Available
"[35, 10749, 18]",993708,The Threesome,en,The Threesome,13.7764,2025-09-04,6.344,122,Available
"[18, 36, 10752, 28]",2024,The Patriot,en,The Patriot,13.7754,2000-06-28,7.208,4469,Available
[27],999136,Do Not Enter,en,Do Not Enter,13.7698,2026-03-19,6.262,341,Available
"[27, 9648]",882598,Smile,en,Smile,13.7598,2022-09-23,6.671,4235,Available
[35],287598,A Rose Garden of Six Acres,hu,Hatholdas rózsakert,13.7584,1970-08-18,10.0,1,Available
"[27, 35]",747,Shaun of the Dead,en,Shaun of the Dead,13.7544,2004-04-09,7.545,9608,Available
"[18, 10751, 14]",24086,The Boy Who Could Fly,en,The Boy Who Could Fly,13.7542,1986-08-15,6.289,149,Available
"[878, 53]",1954,The Butterfly Effect,en,The Butterfly Effect,13.7484,2004-01-17,7.577,8492,Available
"[10749, 35]",621,Grease,en,Grease,13.7441,1978-06-16,7.366,7807,Available
[18],2567,The Aviator,en,The Aviator,13.7374,2004-12-17,7.217,5991,Available
[35],4256,Scary Movie 3,en,Scary Movie 3,13.7316,2003-10-24,5.979,4645,Available
"[10402, 18]",424694,Bohemian Rhapsody,en,Bohemian Rhapsody,13.728,2018-10-24,7.951,18023,Available
"[80, 18, 53]",23168,The Town,en,The Town,13.721,2010-09-15,7.226,5814,Available
"[28, 53]",718821,Twisters,en,Twisters,13.7209,2024-07-10,6.757,3150,Available
"[16, 28, 12, 35, 10751]",140300,Kung Fu Panda 3,en,Kung Fu Panda 3,13.7171,2016-01-23,6.939,6762,Available
[18],210203,The Favourite Game,en,The Favourite Game,13.7164,2003-02-28,4.4,8,Available
"[53, 18]",1141970,Morte Cucina,th,ครัวสาว,13.7039,2026-07-02,3.8,3,Available
"[27, 9648, 53]",913290,Barbarian,en,Barbarian,13.6988,2022-09-08,6.87,3475,Available
[35],424711,Poppea's Hot Nights,it,Le calde notti di Poppea,13.6889,1969-01-01,4.7,5,Available
"[16, 12, 35, 10751]",46195,Rio,en,Rio,13.6573,2011-04-03,6.77,7326,Available
"[18, 28]",96721,Rush,en,Rush,13.6557,2013-09-02,7.744,8026,Available
[27],968051,The Nun II,en,The Nun II,13.6543,2023-09-06,6.627,2571,Available
"[35, 28, 12]",1084577,Balls Up,en,Balls Up,13.6523,2026-04-15,5.822,329,Available
"[27, 35]",19994,Jennifer's Body,en,Jennifer's Body,13.6413,2009-09-18,6.002,4386,Available
"[18, 10749]",4347,Atonement,en,Atonement,13.6287,2007-02-27,7.632,4824,Available
"[36, 35, 18]",792293,Dumb Money,en,Dumb Money,13.6283,2023-09-15,6.685,853,Available
"[27, 878, 35]",696393,Cold Storage,en,Cold Storage,13.6226,2026-01-22,6.767,762,Available
"[28, 12, 9648]",10528,Sherlock Holmes,en,Sherlock Holmes,13.6222,2009-12-23,7.223,15017,Available
"[80, 27, 53]",1032823,Trap,en,Trap,11.8334,2024-07-31,6.221,3008,Available
"[28, 14]",1153576,Street Fighter,en,Street Fighter,13.2655,2026-10-14,0.0,0,Available
"[28, 878, 53]",534,Terminator Salvation,en,Terminator Salvation,13.1605,2009-05-20,6.101,7226,Available
"[18, 27]",185664,Nun in Rope Hell,ja,団鬼六　修道女縄地獄,11.7619,1984-05-25,6.3,37,Available
"[18, 10749]",48650,Room in Rome,es,Habitación en Roma,14.0142,2010-05-07,6.412,847,Available
"[28, 12, 53]",138103,The Expendables 3,en,The Expendables 3,12.7123,2014-08-07,6.2,5446,Available
"[28, 80, 878]",754,Face/Off,en,Face/Off,13.2792,1997-06-27,7.06,6102,Available
"[18, 53, 9648]",2649,The Game,en,The Game,12.1031,1997-09-12,7.577,7556,Available
"[28, 27, 878]",36648,Blade: Trinity,en,Blade: Trinity,12.5215,2004-12-08,5.862,4447,Available
"[27, 9648]",293670,The Wailing,ko,곡성,12.9974,2016-05-12,7.381,2147,Available
"[18, 10752, 28]",792,Platoon,en,Platoon,12.109,1986-12-19,7.747,5266,Available
"[28, 18, 878]",124905,Godzilla,en,Godzilla,12.5344,2014-05-14,6.367,9996,Available
"[28, 12, 14]",311324,The Great Wall,en,The Great Wall,13.1085,2016-12-16,6.032,5663,Available
"[28, 80, 53]",4824,The Jackal,en,The Jackal,13.2298,1997-11-14,6.41,2202,Available
"[16, 28, 35, 10751]",10555,Shark Tale,en,Shark Tale,12.38,2004-09-20,6.045,6824,Available
"[14, 27]",105825,Erotic Ghost Story III,cn,聊齋三集之燈草和尚,12.9553,1992-03-05,5.6,32,Available
"[35, 10751]",1440050,The Breadwinner,en,The Breadwinner,13.1603,2026-05-29,7.3,88,Available
[18],1288220,A Mosquito in the Ear,en,A Mosquito in the Ear,13.8208,2026-06-11,5.25,2,Available
"[18, 36]",1437696,Fatherland,pl,Ojczyzna,12.5745,2026-06-19,6.6,14,Available
"[12, 28, 9648]",2059,National Treasure,en,National Treasure,13.4889,2004-11-19,6.653,7046,Available
"[16, 35, 10751]",7443,Chicken Run,en,Chicken Run,12.9521,2000-06-23,6.852,5517,Available
"[27, 878, 9648]",8413,Event Horizon,en,Event Horizon,12.8787,1997-08-15,6.596,3459,Available
"[80, 18, 36]",398978,The Irishman,en,The Irishman,12.7357,2019-11-01,7.571,7696,Available
[35],673593,Mean Girls,en,Mean Girls,12.361,2024-01-10,5.9,758,Available
"[28, 12, 18, 10751]",38575,The Karate Kid,en,The Karate Kid,13.0223,2010-06-10,6.567,6697,Available
"[16, 878, 10752, 18]",910850,MOBILE SUIT GUNDAM HATHAWAY The Sorcery of Nymph Circe,ja,機動戦士ガンダム  閃光のハサウェイ キルケーの魔女,11.9956,2026-01-30,7.63,23,Available
"[16, 12, 14, 10751]",1355755,An Almost Christmas Story,en,An Almost Christmas Story,17.1656,2024-10-14,7.035,99,Available
"[28, 80, 35]",8961,Bad Boys II,en,Bad Boys II,12.3952,2003-07-18,6.659,6101,Available
"[9648, 18, 80]",392044,Murder on the Orient Express,en,Murder on the Orient Express,12.5339,2017-11-03,6.705,10713,Available
"[28, 35, 12]",4327,Charlie's Angels,en,Charlie's Angels,14.2908,2000-11-02,5.853,4627,Available
"[28, 18, 53]",2502,The Bourne Supremacy,en,The Bourne Supremacy,12.6936,2004-07-23,7.334,8386,Available
"[27, 53, 18]",405774,Bird Box,en,Bird Box,12.4117,2018-12-13,6.822,10799,Available
"[27, 53, 9648]",82507,Sinister,en,Sinister,12.7865,2012-10-04,6.872,6201,Available
"[10749, 18]",1595852,Boulevard,es,Boulevard,13.4124,2026-04-10,7.555,190,Available
"[28, 12, 14]",464052,Wonder Woman 1984,en,Wonder Woman 1984,11.8291,2020-12-16,6.354,9240,Available
"[18, 80]",627,Trainspotting,en,Trainspotting,13.4732,1996-02-23,7.96,10641,Available
"[28, 35, 12]",1029575,The Family Plan,en,The Family Plan,13.1231,2023-12-14,7.22,1981,Available
"[14, 27, 9648]",1086747,The Watchers,en,The Watchers,12.2896,2024-06-06,6.352,1712,Available
"[28, 53]",1573,Die Hard 2,en,Die Hard 2,12.8785,1990-07-03,6.967,6576,Available
"[28, 12]",9342,The Mask of Zorro,en,The Mask of Zorro,12.6914,1998-07-16,6.582,4437,Available
"[28, 12, 53]",206647,Spectre,en,Spectre,12.1684,2015-10-26,6.57,11464,Available
"[28, 53, 878]",1635,The Island,en,The Island,11.7874,2005-07-21,6.695,6051,Available
"[28, 12, 18]",1011477,Karate Kid: Legends,en,Karate Kid: Legends,12.9117,2025-05-08,6.968,1282,Available
"[53, 18]",296098,Bridge of Spies,en,Bridge of Spies,12.5887,2015-10-15,7.243,7413,Available
"[35, 9648]",352549,Coração Azul,pt,Coração Azul,16.7979,2015-01-01,0.0,0,Available
"[80, 28, 878]",9739,Demolition Man,en,Demolition Man,12.5397,1993-10-08,6.77,4250,Available
"[35, 10751, 878]",1198288,Snorp: My Alien Friend,ru,Ждун,11.8713,2025-03-20,5.5,7,Available
[35],2123,"Me, Myself & Irene",en,"Me, Myself & Irene",13.4333,2000-06-22,6.628,4377,Available
"[53, 80, 9648]",65754,The Girl with the Dragon Tattoo,en,The Girl with the Dragon Tattoo,12.0828,2011-12-14,7.387,7783,Available
"[10752, 28, 18]",193756,Lone Survivor,en,Lone Survivor,13.8544,2013-12-24,7.431,4866,Available
"[16, 14, 18, 28]",1679730,THE RIBBON HERO,ja,THE RIBBON HERO リボンヒーロー,13.1019,2026-08-07,6.3,21,Available
"[35, 10749]",872,Singin' in the Rain,en,Singin' in the Rain,11.1717,1952-04-10,8.129,3604,Available
"[28, 12, 35]",752623,The Lost City,en,The Lost City,13.5033,2022-03-23,6.441,4114,Available
"[28, 16, 35, 10751, 12]",324852,Despicable Me 3,en,Despicable Me 3,12.6588,2017-06-15,6.469,7778,Available
[27],9532,Final Destination,en,Final Destination,12.1994,2000-03-17,6.64,6919,Available
"[35, 10749]",930094,"Red, White & Royal Blue",en,"Red, White & Royal Blue",12.9216,2023-07-27,7.932,1624,Available
"[35, 53]",467905,How to Make a Killing,en,How to Make a Killing,13.6867,2026-02-16,6.975,733,Available
"[9648, 53, 18]",1050035,Monster,ja,怪物,11.6748,2023-06-02,7.9,953,Available
[18],103663,The Hunt,da,Jagten,11.1592,2012-10-25,8.096,4957,Available
"[878, 53]",206487,Predestination,en,Predestination,12.2789,2014-08-28,7.413,7302,Available
"[27, 9648]",588,Silent Hill,en,Silent Hill,13.303,2006-04-21,6.647,5076,Available
"[12, 16, 35, 10751]",10315,Fantastic Mr. Fox,en,Fantastic Mr. Fox,13.3026,2009-10-14,7.824,6307,Available
"[12, 35, 16]",399174,Isle of Dogs,en,Isle of Dogs,13.2991,2018-03-23,7.847,5547,Available
"[35, 80, 9648]",15196,Clue,en,Clue,13.2936,1985-12-13,7.209,2051,Available
"[27, 9648, 53]",840705,Blink Twice,en,Blink Twice,13.2878,2024-08-21,6.678,2029,Available
"[18, 10752, 36]",14574,The Boy in the Striped Pyjamas,en,The Boy in the Striped Pyjamas,13.287,2008-05-07,7.818,7815,Available
"[28, 12, 16, 35, 10751]",675445,PAW Patrol: The Movie,en,PAW Patrol: The Movie,13.2821,2021-08-09,7.3,1286,Available
"[10751, 16, 12]",9325,The Jungle Book,en,The Jungle Book,13.2792,1967-10-18,7.288,6770,Available
"[18, 27]",29187,Convent of Sinners,it,La monaca nel peccato,13.2734,1986-08-09,5.276,29,Available
"[14, 53, 28, 12, 27]",282035,The Mummy,en,The Mummy,13.2676,2017-06-06,5.5,7775,Available
"[35, 80]",37136,The Naked Gun: From the Files of Police Squad!,en,The Naked Gun: From the Files of Police Squad!,13.2613,1988-12-02,7.3,4658,Available
"[10402, 35, 10749, 18]",843527,The Idea of You,en,The Idea of You,13.261,2024-05-02,7.244,2025,Available
[35],8457,Drillbit Taylor,en,Drillbit Taylor,13.2605,2008-02-04,5.84,1130,Available
"[35, 80, 9648]",661374,Glass Onion: A Knives Out Mystery,en,Glass Onion: A Knives Out Mystery,13.2533,2022-11-23,7.023,7136,Available
"[10749, 35, 18]",1508168,Bethlehem Kudumba Unit,ml,ബെത്‌ലഹേം കുടുംബ യൂണിറ്റ്,13.2489,2026-08-21,8.625,16,Available
"[18, 10749]",1791,The Piano Teacher,fr,La Pianiste,13.2416,2001-09-05,7.262,1336,Available
"[10752, 36, 18, 28, 10749]",676,Pearl Harbor,en,Pearl Harbor,13.2318,2001-05-21,6.932,7161,Available
"[28, 35, 10749]",22538,Scott Pilgrim vs. the World,en,Scott Pilgrim vs. the World,13.2265,2010-08-12,7.484,8853,Available
"[12, 28, 878]",9804,Waterworld,en,Waterworld,13.2253,1995-07-28,6.2,4212,Available
"[10752, 28, 18]",1252037,The Tank,de,Der Tiger,13.2236,2025-09-18,7.137,487,Available
"[28, 80, 53]",581528,"The Gangster, the Cop, the Devil",ko,악인전,12.9457,2019-05-15,7.873,1564,Available
"[35, 10751, 10749]",9880,The Princess Diaries,en,The Princess Diaries,11.862,2001-08-03,6.962,5357,Available
"[28, 53, 80]",27582,The Mechanic,en,The Mechanic,12.6359,2011-01-13,6.546,3702,Available
"[28, 14, 878]",9823,Mortal Kombat: Annihilation,en,Mortal Kombat: Annihilation,13.3301,1997-11-11,4.568,1397,Available
"[28, 53]",107846,Escape Plan,en,Escape Plan,12.3099,2013-10-09,6.719,5725,Available
"[28, 18, 878]",8656,Deep Impact,en,Deep Impact,12.0091,1998-05-08,6.245,3445,Available
"[18, 10752, 9648]",46738,Incendies,fr,Incendies,13.8976,2010-09-17,8.102,3454,Available
"[80, 18, 53]",388,Inside Man,en,Inside Man,11.7489,2006-03-17,7.41,6545,Available
"[16, 28, 35, 10751]",324849,The Lego Batman Movie,en,The Lego Batman Movie,12.5653,2017-02-08,7.259,5557,Available
"[35, 28, 80]",27581,The Other Guys,en,The Other Guys,12.6188,2010-08-06,6.336,4683,Available
"[28, 12, 18]",664,Twister,en,Twister,12.3649,1996-05-10,6.576,3988,Available
"[35, 10749]",9602,Coming to America,en,Coming to America,12.5875,1988-06-29,6.883,4866,Available
"[14, 35, 12]",451048,Jungle Cruise,en,Jungle Cruise,12.4862,2021-07-28,7.272,6298,Available
"[35, 10749]",1824,50 First Dates,en,50 First Dates,13.1012,2004-02-13,6.9,7908,Available
"[28, 18, 10749]",1630423,My Dearest Assassin,th,เลือดรักนักฆ่า,12.3959,2026-05-06,8.543,289,Available
"[10749, 35]",1024452,French Girl,en,French Girl,11.6446,2024-03-15,6.2,125,Available
"[18, 10749]",142,Brokeback Mountain,en,Brokeback Mountain,13.4602,2005-10-22,7.783,7713,Available
"[80, 18, 53]",37094,Falling Down,en,Falling Down,13.0365,1993-02-26,7.399,4234,Available
"[12, 28, 53]",709,Licence to Kill,en,Licence to Kill,11.649,1989-06-13,6.438,2237,Available
"[10752, 18]",49046,All Quiet on the Western Front,de,Im Westen nichts Neues,13.6841,2022-10-07,7.742,4899,Available
"[28, 18]",307081,Southpaw,en,Southpaw,13.0725,2015-07-22,7.362,5922,Available
"[18, 12, 28, 36]",79,Hero,zh,英雄,13.0725,2002-12-19,7.501,2586,Available
"[12, 53, 878]",2756,The Abyss,en,The Abyss,13.0623,1989-08-09,7.356,3585,Available
"[18, 36, 10402]",279,Amadeus,en,Amadeus,13.0568,1984-09-19,8.024,4903,Available
[27],30497,The Texas Chain Saw Massacre,en,The Texas Chain Saw Massacre,13.0521,1974-10-11,7.295,3941,Available
"[878, 28, 53]",238615,Self/less,en,Self/less,13.0471,2015-07-10,6.427,3366,Available
"[35, 878, 12, 53]",7512,Idiocracy,en,Idiocracy,13.0452,2006-09-01,6.4,3782,Available
[27],1151031,Bring Her Back,en,Bring Her Back,13.0417,2025-05-19,7.333,1913,Available
[18],120894,Fun and Games,en,Fun and Games,13.0371,1971-10-01,4.8,14,Available
"[12, 27]",9392,The Descent,en,The Descent,13.0371,2005-07-08,6.987,4565,Available
"[12, 28]",217,Indiana Jones and the Kingdom of the Crystal Skull,en,Indiana Jones and the Kingdom of the Crystal Skull,13.0346,2008-05-21,6.024,9228,Available
"[18, 36]",45269,The King's Speech,en,The King's Speech,13.0314,2010-11-26,7.733,9498,Available
"[18, 10751]",28178,Hachi: A Dog's Tale,en,Hachi: A Dog's Tale,13.0314,2009-06-08,8.003,7313,Available
"[28, 35, 80]",64688,21 Jump Street,en,21 Jump Street,13.0237,2012-03-14,6.884,11248,Available
"[14, 12, 10751, 35]",10588,The Cat in the Hat,en,The Cat in the Hat,13.0033,2003-11-21,5.359,1868,Available
"[35, 80, 28]",90,Beverly Hills Cop,en,Beverly Hills Cop,13.0006,1984-12-05,7.212,4725,Available
[37],618162,The Harder They Fall,en,The Harder They Fall,12.9961,2021-10-22,6.617,1242,Available
"[12, 28, 878]",1895,Star Wars: Episode III - Revenge of the Sith,en,Star Wars: Episode III - Revenge of the Sith,12.9961,2005-05-17,7.473,15271,Available
"[18, 14, 10749]",4922,The Curious Case of Benjamin Button,en,The Curious Case of Benjamin Button,12.9926,2008-12-25,7.602,14007,Available
"[27, 28, 878]",1748841,Dark Hollow,en,Dark Hollow,12.9921,2026-09-04,4.25,2,Available
"[12, 16, 18, 10751]",9837,The Prince of Egypt,en,The Prince of Egypt,13.4996,1998-12-16,7.323,4420,Available
"[35, 12]",107501,Tarzan in the City,id,Tarsan Kota,17.0154,1974-09-04,8.0,1,Available
"[14, 35, 12]",425909,Ghostbusters: Afterlife,en,Ghostbusters: Afterlife,14.6362,2021-11-18,7.306,5314,Available
"[18, 10751, 14]",1585,It's a Wonderful Life,en,It's a Wonderful Life,12.8058,1946-12-20,8.3,5047,Available
"[80, 18, 53]",1830,Lord of War,en,Lord of War,12.1563,2005-09-16,7.348,5521,Available
"[28, 80]",495764,Birds of Prey (and the Fantabulous Emancipation of One Harley Quinn),en,Birds of Prey (and the Fantabulous Emancipation of One Harley Quinn),11.5323,2020-02-05,6.867,10980,Available
"[37, 28, 12]",966,The Magnificent Seven,en,The Magnificent Seven,12.5188,1960-10-12,7.5,2047,Available
[99],1616131,A Child of My Own,es,Un hijo propio,11.4128,2026-07-30,8.493,71,Available
"[28, 53, 27]",514847,The Hunt,en,The Hunt,12.4649,2020-03-11,6.652,3799,Available
"[53, 18, 9648, 80]",322,Mystic River,en,Mystic River,11.8859,2003-10-08,7.744,7663,Available
"[28, 12, 53]",1356039,Counterattack,es,Contraataque,13.0083,2025-02-27,8.27,856,Available
"[28, 12, 53]",299054,Expend4bles,en,Expend4bles,12.7198,2023-09-15,6.038,1957,Available
"[37, 35, 18]",537996,The Ballad of Buster Scruggs,en,The Ballad of Buster Scruggs,11.5632,2018-11-09,7.1,4560,Available
"[35, 878, 28]",1115544,Mike & Nick & Nick & Alice,en,Mike & Nick & Nick & Alice,12.408,2026-03-14,6.702,451,Available
[18],9475,Scent of a Woman,en,Scent of a Woman,13.311,1992-12-23,7.8,4071,Available
"[28, 18, 10751]",1885,The Karate Kid,en,The Karate Kid,12.3599,1984-06-22,7.229,4859,Available
"[16, 12, 35]",501929,The Mitchells vs. the Machines,en,The Mitchells vs. the Machines,12.1767,2021-04-22,7.831,3484,Available
"[12, 28, 53]",956,Mission: Impossible III,en,Mission: Impossible III,11.8265,2006-04-25,6.766,7827,Available
"[28, 53, 18]",1250502,I'm Game,ml,ഐ ആം ഗെയിം,12.04,2026-09-03,0.0,0,Available
"[878, 12, 28]",348350,Solo: A Star Wars Story,en,Solo: A Star Wars Story,12.3802,2018-05-15,6.552,9486,Available
"[18, 878]",115874,Second Origin,ca,Segon origen,13.0853,2015-10-09,4.8,21,Available
"[28, 878, 12]",565770,Blue Beetle,en,Blue Beetle,12.0879,2023-08-16,6.615,3248,Available
"[35, 10749]",10591,The Girl Next Door,en,The Girl Next Door,12.7745,2004-04-09,6.755,4173,Available
"[10749, 18]",1422227,Aşk Sadece Bir An,tr,Aşk Sadece Bir An,12.7478,2025-02-14,6.6,12,Available
"[18, 10749]",858024,Hamnet,en,Hamnet,13.4251,2025-11-26,7.725,1594,Available
"[14, 27, 35]",927,Gremlins,en,Gremlins,12.374,1984-06-08,7.145,7135,Available
"[16, 14, 10751]",12429,Ponyo,ja,崖の上のポニョ,11.6173,2008-07-19,7.761,4962,Available
[35],76493,The Dictator,en,The Dictator,12.5722,2012-05-15,6.244,6601,Available
"[16, 10751, 12, 35]",13053,Bolt,en,Bolt,12.0252,2008-11-21,6.553,6639,Available
"[18, 35, 10749]",11104,Chungking Express,cn,重慶森林,11.0827,1994-07-14,7.977,2272,Available
"[12, 28, 878]",1892,Return of the Jedi,en,Return of the Jedi,12.7659,1983-05-25,7.91,17274,Available
"[28, 18, 9648, 53]",2503,The Bourne Ultimatum,en,The Bourne Ultimatum,11.3113,2007-08-03,7.443,8578,Available
"[18, 80, 10749]",913,The Thomas Crown Affair,en,The Thomas Crown Affair,8.9101,1999-08-06,6.76,1427,Available
"[35, 10749, 18]",508,Love Actually,en,Love Actually,12.1113,2003-09-07,7.099,7542,Available
"[28, 35]",1363123,The Family Plan 2,en,The Family Plan 2,12.2546,2025-11-11,6.558,644,Available
"[53, 27]",1138194,Heretic,en,Heretic,11.9883,2024-10-31,6.964,2860,Available
[18],278986,Gangor,bn,গাঙ্গর,10.1415,2011-01-01,5.5,2,Available
"[28, 80]",23483,Kick-Ass,en,Kick-Ass,12.6082,2010-03-26,7.124,12619,Available
"[28, 18, 53]",1387382,Hunting Season,en,Hunting Season,12.7244,2025-12-05,7.4,437,Available
"[80, 35, 18]",1242419,Roofman,en,Roofman,11.5252,2025-10-06,7.042,1017,Available
"[16, 10751, 14, 12]",1022796,Wish,en,Wish,11.8656,2023-11-13,6.219,1830,Available
"[16, 12, 35, 14, 10751]",585511,Luck,en,Luck,12.1313,2022-08-05,7.776,2104,Available
"[80, 28, 35]",4638,Hot Fuzz,en,Hot Fuzz,11.8038,2007-02-14,7.57,8586,Available
"[53, 80, 18]",1242434,Highest 2 Lowest,en,Highest 2 Lowest,12.2143,2025-08-14,5.474,526,Available
"[53, 28, 80]",28322,Madness,it,Vacanze per un massacro,14.1286,1980-03-20,5.3,34,Available
"[14, 35, 10751]",10439,Hocus Pocus,en,Hocus Pocus,12.0798,1993-07-16,7.031,3374,Available
"[27, 9648]",1480387,undertone,en,undertone,12.6864,2026-03-12,6.022,634,Available
"[28, 80, 53]",337339,The Fate of the Furious,en,The Fate of the Furious,11.9712,2017-04-12,6.851,10969,Available
"[18, 53, 9648]",638,Lost Highway,en,Lost Highway,11.2655,1997-01-15,7.548,3040,Available
"[12, 14, 35, 10751]",879,Hook,en,Hook,11.0118,1991-04-10,6.845,5861,Available
"[53, 28, 878]",524047,Greenland,en,Greenland,13.8159,2020-07-29,7.123,5517,Available
"[16, 35, 28, 878]",1542877,Assassination Classroom the Movie: Our Time,ja,劇場版「暗殺教室」みんなの時間,13.2609,2026-03-20,7.167,12,Available
"[10752, 28]",1241436,Warfare,en,Warfare,11.8705,2025-04-09,7.067,1600,Available
"[28, 35, 80]",238713,Spy,en,Spy,11.4571,2015-05-06,6.83,6523,Available
"[16, 35, 10751, 878]",9928,Robots,en,Robots,11.281,2005-03-10,6.504,5056,Available
"[53, 35, 80]",804150,Cocaine Bear,en,Cocaine Bear,11.8953,2023-02-22,5.986,2523,Available
"[10752, 28, 18]",516486,Greyhound,en,Greyhound,11.8589,2020-07-09,7.415,3446,Available
"[35, 878]",957,Spaceballs,en,Spaceballs,13.6103,1987-06-24,6.889,3539,Available
"[16, 10751, 12]",166428,How to Train Your Dragon: The Hidden World,en,How to Train Your Dragon: The Hidden World,13.2306,2019-01-03,7.751,7279,Available
"[18, 35, 53]",930564,Saltburn,en,Saltburn,12.5213,2023-11-16,6.936,3100,Available
"[27, 9648]",8329,[REC],es,[REC],13.7392,2007-11-23,7.237,5004,Available
"[878, 12, 28, 53]",70160,The Hunger Games,en,The Hunger Games,12.2849,2012-03-12,7.222,23686,Available
[18],617463,In the Dawn,mn,Uur Tsaigaasai,14.593,2017-05-10,0.0,0,Available
[35],1621,Trading Places,en,Trading Places,11.6939,1983-06-07,7.2,3758,Available
"[18, 80, 53]",889737,Joker: Folie à Deux,en,Joker: Folie à Deux,11.9931,2024-10-01,5.403,3054,Available
"[9648, 28, 878]",13183,Watchmen,en,Watchmen,12.0434,2009-03-04,7.355,10238,Available
"[10749, 35]",353208,Black Maid,it,La cameriera nera,12.1618,1976-03-06,4.556,9,Available
"[80, 18]",524,Casino,en,Casino,12.0908,1995-11-22,7.999,6717,Available
"[16, 18, 12, 14]",916224,Suzume,ja,すずめの戸締まり,12.0295,2022-11-11,7.889,1836,Available
"[35, 14]",62213,Dark Shadows,en,Dark Shadows,12.9717,2012-05-09,6.106,7723,Available
"[878, 53, 12]",435,The Day After Tomorrow,en,The Day After Tomorrow,11.4343,2004-05-26,6.565,9111,Available
"[28, 878, 53, 37]",49849,Cowboys & Aliens,en,Cowboys & Aliens,12.4433,2011-07-29,5.704,5601,Available
"[80, 27, 9648]",1226578,Longlegs,en,Longlegs,11.3897,2024-07-10,6.518,2846,Available
"[878, 18]",782,Gattaca,en,Gattaca,10.791,1997-07-09,7.568,7130,Available
"[12, 878, 35]",696806,The Adam Project,en,The Adam Project,13.1827,2022-03-11,7.0,5139,Available
"[28, 80, 53]",189,Sin City: A Dame to Kill For,en,Sin City: A Dame to Kill For,11.3244,2014-08-20,6.402,4261,Available
"[28, 12, 878]",700391,65,en,65,11.4533,2023-03-02,5.952,2954,Available
[35],1397385,Little Brother,en,Little Brother,12.9466,2026-06-18,6.41,360,Available
"[16, 28, 12, 14, 10751]",527774,Raya and the Last Dragon,en,Raya and the Last Dragon,11.8847,2021-03-03,7.793,7427,Available
"[12, 16, 10751, 14]",5255,The Polar Express,en,The Polar Express,11.6503,2004-11-10,6.724,7018,Available
"[10751, 16]",1740877,Storm on Sesame Street,en,Storm on Sesame Street,12.6174,2026-08-03,6.375,8,Available
"[9648, 35, 80]",445571,Game Night,en,Game Night,12.617,2018-02-15,6.849,6460,Available
"[28, 53, 80]",1089,Point Break,en,Point Break,12.6101,1991-07-12,7.152,4123,Available
"[28, 80, 14]",414,Batman Forever,en,Batman Forever,12.6089,1995-06-16,5.46,5723,Available
"[12, 16, 35, 10751]",12230,One Hundred and One Dalmatians,en,One Hundred and One Dalmatians,12.6058,1961-01-25,7.178,6768,Available
"[35, 18, 10749]",19913,(500) Days of Summer,en,(500) Days of Summer,12.6027,2009-07-17,7.304,11276,Available
"[53, 80, 18]",109091,The Counselor,en,The Counselor,12.6007,2013-10-25,5.291,2032,Available
"[18, 35, 12]",1228891,Pegasus 2,zh,飞驰人生2,12.5988,2024-02-10,7.2,97,Available
"[35, 10749, 80]",974635,Hit Man,en,Hit Man,12.5954,2024-05-16,6.783,1744,Available
"[12, 28, 53]",646,Dr. No,en,Dr. No,12.5894,1962-10-07,6.985,4158,Available
"[14, 16, 35, 80]",856,Who Framed Roger Rabbit,en,Who Framed Roger Rabbit,12.5871,1988-06-22,7.5,6328,Available
"[16, 28, 878, 53]",1376434,Predator: Killer of Killers,en,Predator: Killer of Killers,12.5869,2025-06-05,7.78,1318,Available
"[16, 18, 10751, 878, 12]",10386,The Iron Giant,en,The Iron Giant,12.5861,1999-08-06,7.961,6355,Available
"[99, 36]",465274,Nuremberg: The Nazis Facing their Crimes,fr,Nuremberg : les Nazis face à leurs crimes,12.5839,2006-10-25,8.0,6,Available
"[80, 53]",298,Ocean's Thirteen,en,Ocean's Thirteen,12.5827,2007-06-05,6.732,7065,Available
"[28, 14, 878, 12]",268896,Pacific Rim: Uprising,en,Pacific Rim: Uprising,12.5787,2018-03-21,6.118,5478,Available
"[12, 14, 10749, 10751]",2493,The Princess Bride,en,The Princess Bride,12.5786,1987-09-25,7.7,5277,Available
"[18, 10749]",625064,Erotic Sex Games,fr,Le cri du désir,12.5769,1977-01-12,5.133,15,Available
"[18, 36]",1000837,I'm Still Here,pt,Ainda Estou Aqui,12.5756,2024-09-19,7.903,1147,Available
[18],936653,Nina & Emma,es,Nina & Emma,12.5733,2023-04-12,3.5,2,Available
"[18, 10749]",1507796,On the Sea,en,On the Sea,13.6278,2026-07-24,7.1,9,Available
"[27, 53]",756999,The Black Phone,en,The Black Phone,12.6481,2022-06-16,7.512,6055,Available
"[16, 10751, 12, 14]",10693,Peter Pan,en,Peter Pan,12.0294,1953-02-05,7.192,5833,Available
"[35, 14]",2978,Ghostbusters II,en,Ghostbusters II,12.2785,1989-06-16,6.602,4976,Available
"[80, 18, 53]",559969,El Camino: A Breaking Bad Movie,en,El Camino: A Breaking Bad Movie,12.38,2019-10-11,7.052,5834,Available
"[28, 53, 80]",942,Lethal Weapon 2,en,Lethal Weapon 2,11.4374,1989-07-07,7.047,3865,Available
"[16, 18, 10751]",37797,Whisper of the Heart,ja,耳をすませば,11.2079,1995-07-15,7.944,2349,Available
"[35, 878, 27]",36685,The Rocky Horror Picture Show,en,The Rocky Horror Picture Show,11.5648,1975-08-14,7.442,3227,Available
"[80, 18]",1272166,Ballad of a Small Player,en,Ballad of a Small Player,10.7899,2025-10-15,5.775,354,Available
"[18, 10749]",12405,Slumdog Millionaire,en,Slumdog Millionaire,11.8381,2008-11-12,7.727,11567,Available
"[27, 9648]",565,The Ring,en,The Ring,11.9047,2002-10-18,6.707,6858,Available
"[18, 80, 12]",1541,Thelma & Louise,en,Thelma & Louise,11.2319,1991-05-24,7.594,3991,Available
"[28, 53, 878]",5548,RoboCop,en,RoboCop,11.819,1987-07-17,7.366,5937,Available
"[28, 12, 878]",47933,Independence Day: Resurgence,en,Independence Day: Resurgence,10.8234,2016-06-22,5.4,6601,Available
"[28, 35]",1541560,Stop! That! Train!,en,Stop! That! Train!,11.1152,2026-06-12,5.2,48,Available
[18],1656220,23 000 Lives,de,23 000 Leben,10.9979,2026-07-02,6.1,77,Available
"[10749, 18]",432279,Melancoly Baby,fr,Melancoly Baby,13.5366,1979-08-29,6.333,3,Available
"[28, 878, 16, 14, 12]",1654313,Unanswered//butterfly,ja,Unanswered//butterfly,12.0373,2026-05-09,9.0,2,Available
"[878, 28, 53]",169,Predator 2,en,Predator 2,12.4274,1990-11-21,6.312,3978,Available
"[14, 35, 16, 878, 10751]",228161,Home,en,Home,12.1451,2015-03-18,6.789,4313,Available
"[27, 9648]",458723,Us,en,Us,12.5254,2019-03-14,6.937,8272,Available
"[28, 53, 18]",1119878,Ice Road: Vengeance,en,Ice Road: Vengeance,11.9341,2025-06-27,6.244,664,Available
"[28, 53, 80]",1948,Crank,en,Crank,11.3337,2006-08-31,6.673,4357,Available
"[16, 18]",1244492,Look Back,ja,ルックバック,13.1927,2024-06-28,8.195,658,Available
"[18, 878]",765245,Swan Song,en,Swan Song,16.0627,2021-12-17,7.114,619,Available
"[28, 35, 80]",34544,The A-Team,en,The A-Team,12.054,2010-06-09,6.419,5117,Available
"[28, 12, 16, 10751, 14]",81188,Rise of the Guardians,en,Rise of the Guardians,12.7016,2012-11-21,7.379,7272,Available
"[28, 35, 10752]",7446,Tropic Thunder,en,Tropic Thunder,11.3188,2008-08-09,6.725,7180,Available
"[80, 14, 18]",1427,Perfume: The Story of a Murderer,en,Perfume: The Story of a Murderer,10.8966,2006-09-13,7.376,5148,Available
"[27, 9648, 35]",22970,The Cabin in the Woods,en,The Cabin in the Woods,11.1492,2012-04-12,6.656,8790,Available
"[16, 10751, 35]",881211,Snoopy Presents: For Auld Lang Syne,en,Snoopy Presents: For Auld Lang Syne,11.8268,2021-12-09,7.185,108,Available
"[12, 16, 35, 10751, 14]",136799,Trolls,en,Trolls,12.4653,2016-10-13,6.6,3895,Available
[35],1341138,Spa Weekend,en,Spa Weekend,12.4546,2026-08-20,6.7,28,Available
[18],1599323,Traces,en,Traces,5.6265,2025-09-07,0.0,0,Available
"[27, 53]",9902,Wrong Turn,en,Wrong Turn,12.1241,2003-05-30,6.4,3110,Available
"[18, 28, 36]",977942,The Uprising,en,The Uprising,13.346,2026-09-10,0.0,0,Available
"[35, 10751]",9714,Home Alone 3,en,Home Alone 3,11.9565,1997-12-12,5.283,3360,Available
"[28, 53, 9648, 18]",1414413,Brothers Under Fire,en,Brothers Under Fire,12.5914,2026-04-15,5.6,45,Available
"[16, 35, 10751, 12, 14]",585083,Hotel Transylvania: Transformania,en,Hotel Transylvania: Transformania,12.065,2022-01-31,7.0,3093,Available
"[18, 35]",1329016,Tony,en,Tony,12.0676,2026-08-07,7.565,46,Available
"[35, 14]",1624,Liar Liar,en,Liar Liar,10.9879,1997-03-21,6.717,6393,Available
"[80, 53, 35]",1245993,Caught Stealing,en,Caught Stealing,11.6566,2025-08-26,6.841,1133,Available
"[27, 53]",424139,Halloween,en,Halloween,12.0869,2018-10-18,6.6,5144,Available
[18],928358,Grand Jete,de,Grand Jeté,11.5049,2022-09-20,4.86,50,Available
"[9648, 53, 28]",13027,Eagle Eye,en,Eagle Eye,10.0268,2008-09-25,6.505,3220,Available
"[35, 10749]",9489,You've Got Mail,en,You've Got Mail,11.8508,1998-12-18,6.71,3744,Available
[35],225886,Sex Tape,en,Sex Tape,12.8247,2014-07-17,5.405,4275,Available
"[35, 80, 18]",337170,American Made,en,American Made,12.4949,2017-08-18,6.901,5110,Available
"[36, 28, 12, 10752]",1207162,Rise of the Conqueror,en,Rise of the Conqueror,11.5834,2026-04-09,5.854,24,Available
"[28, 35]",228967,The Interview,en,The Interview,12.3466,2014-12-25,6.179,6364,Available
"[35, 10749]",884605,No Hard Feelings,en,No Hard Feelings,11.5622,2023-06-15,6.673,4025,Available
[35],9900,Grandma's Boy,en,Grandma's Boy,7.5012,2006-01-06,6.521,769,Available
"[10749, 18]",1136867,Materialists,en,Materialists,11.7819,2025-06-12,6.275,1430,Available
[28],9461,Enter the Dragon,en,Enter the Dragon,11.3606,1973-08-17,7.417,2155,Available
"[18, 10749]",228794,Provocation,it,Vizio e provocazione,12.8095,1995-12-15,5.4,24,Available
[35],109439,The Hangover Part III,en,The Hangover Part III,11.6749,2013-05-23,6.213,9419,Available
"[27, 18, 14]",9100,The Craft,en,The Craft,11.1682,1996-05-03,6.778,2119,Available
"[28, 53]",1126166,Flight Risk,en,Flight Risk,12.1317,2025-01-22,5.917,1222,Available
"[28, 53]",1572,Die Hard: With a Vengeance,en,Die Hard: With a Vengeance,11.5909,1995-05-19,7.283,6828,Available
[18],1724816,Helena,tl,Helena,12.0363,2026-07-03,4.0,1,Available
"[27, 28, 80]",755,From Dusk Till Dawn,en,From Dusk Till Dawn,12.2346,1996-01-19,7.051,6684,Available
[18],515333,Amateur,en,Amateur,12.1456,2018-04-06,6.4,319,Available
"[18, 53]",1712439,Behind the Screens,th,เพื่อนรัก เพื่อนลับ,9.0612,2026-07-23,7.0,3,Available
"[28, 18]",1057265,Peddi,te,పెద్ది,12.5975,2026-06-03,5.79,69,Available
"[10749, 35]",1358005,Office Romance,en,Office Romance,12.0266,2026-06-04,6.426,373,Available
"[878, 28, 53]",34851,Predators,en,Predators,11.8623,2010-07-07,6.3,4778,Available
"[28, 12, 35, 80, 53]",39514,RED,en,RED,11.3108,2010-10-13,6.706,7286,Available
"[12, 14]",68737,Seventh Son,en,Seventh Son,11.9569,2014-12-12,5.531,2703,Available
"[12, 35, 878]",196,Back to the Future Part III,en,Back to the Future Part III,11.2303,1990-05-25,7.496,11796,Available
"[16, 14, 28, 12]",1144107,The Legend of Hei 2,zh,罗小黑战记 2,11.3008,2025-07-18,8.954,131,Available
"[18, 37, 10749, 10752]",4476,Legends of the Fall,en,Legends of the Fall,11.4152,1994-12-23,7.393,2936,Available
"[12, 14, 10749]",50619,The Twilight Saga: Breaking Dawn - Part 1,en,The Twilight Saga: Breaking Dawn - Part 1,11.4773,2011-11-16,6.184,9400,Available
"[18, 10402, 10749]",776503,CODA,en,CODA,11.0559,2021-08-13,7.879,2689,Available
"[28, 35, 80]",5174,Rush Hour 3,en,Rush Hour 3,12.1127,2007-08-08,6.501,3843,Available
"[53, 28, 35, 878]",10771,The Tuxedo,en,The Tuxedo,11.6649,2002-09-27,5.738,2234,Available
"[35, 10749]",3981,What Women Want,en,What Women Want,11.4196,2000-12-15,6.451,4528,Available
"[10402, 18, 10749]",332562,A Star Is Born,en,A Star Is Born,12.4857,2018-10-03,7.489,12378,Available
"[18, 10749]",531428,Portrait of a Lady on Fire,fr,Portrait de la jeune fille en feu,11.1141,2019-09-06,8.088,3031,Available
[10402],1580477,"Serge Lama, le dernier rappel",fr,"Serge Lama, le dernier rappel",5.9726,2025-11-21,6.0,1,Available
"[27, 9648, 878]",1116201,Iron Lung,en,Iron Lung,12.2107,2026-01-30,6.92,421,Available
"[35, 28, 14]",594767,Shazam! Fury of the Gods,en,Shazam! Fury of the Gods,12.2092,2023-03-15,6.393,3776,Available
"[35, 28, 80]",339846,Baywatch,en,Baywatch,12.2092,2017-05-25,6.079,8619,Available
"[36, 18, 12]",967,Spartacus,en,Spartacus,12.2078,1960-10-13,7.539,2448,Available
[27],1363387,Saccharine,en,Saccharine,12.2051,2026-05-22,6.917,163,Available
"[18, 35]",4995,Boogie Nights,en,Boogie Nights,12.1936,1997-10-07,7.637,3689,Available
"[10749, 18, 35]",11013,Secretary,en,Secretary,12.1849,2002-09-20,6.801,2005,Available
"[10749, 18]",530318,Younger Sister,ja,妹,12.1758,1974-08-14,3.8,4,Available
"[18, 35]",20453,3 Idiots,hi,3 Idiots,12.1752,2009-12-23,8.008,2818,Available
"[16, 35, 10751, 14]",159824,Hotel Transylvania 2,en,Hotel Transylvania 2,12.1748,2015-09-21,6.764,6245,Available
"[27, 9648, 18, 53]",576845,Last Night in Soho,en,Last Night in Soho,12.1737,2021-10-21,7.262,4001,Available
"[28, 18, 10752]",53182,300: Rise of an Empire,en,300: Rise of an Empire,12.1735,2014-03-05,6.12,7109,Available
"[16, 35, 10751]",9836,Happy Feet,en,Happy Feet,12.1634,2006-11-16,6.23,5580,Available
[18],380,Rain Man,en,Rain Man,12.1577,1988-12-12,7.75,7307,Available
"[80, 18]",1241934,Mob Cops,en,Mob Cops,12.1491,2025-04-25,5.897,34,Available
"[28, 12, 53]",10999,Commando,en,Commando,12.1475,1985-10-03,6.712,3237,Available
"[28, 12, 18]",8367,Robin Hood: Prince of Thieves,en,Robin Hood: Prince of Thieves,12.1449,1991-06-14,6.852,3687,Available
"[28, 35, 80]",512195,Red Notice,en,Red Notice,12.1442,2021-11-04,6.72,6615,Available
"[35, 12, 80]",1137350,The Phoenician Scheme,en,The Phoenician Scheme,12.139,2025-05-23,6.516,1035,Available
"[10749, 18]",1252309,Tell Me What You Want,es,Pídeme lo que quieras,12.1327,2024-11-29,6.097,316,Available
[27],14001,Dead Silence,en,Dead Silence,12.1296,2007-03-16,6.456,2505,Available
"[18, 14, 53]",503919,The Lighthouse,en,The Lighthouse,12.1266,2019-10-18,7.463,5754,Available
"[28, 80, 35]",9056,Police Story,cn,警察故事,12.1265,1985-12-14,7.6,1094,Available
"[18, 10402]",65,8 Mile,en,8 Mile,12.1249,2002-11-08,7.147,7970,Available
"[35, 14]",2907,The Addams Family,en,The Addams Family,12.1234,1991-11-22,7.077,5176,Available
"[18, 53, 80]",1517123,On the Road,es,En el camino,12.1232,2026-06-03,7.333,6,Available
"[27, 878, 53]",762441,A Quiet Place: Day One,en,A Quiet Place: Day One,12.1195,2024-06-26,6.635,3550,Available
"[28, 12, 878]",424783,Bumblebee,en,Bumblebee,12.1169,2018-11-22,6.731,6821,Available
"[9648, 18]",15,Citizen Kane,en,Citizen Kane,12.1148,1941-04-17,7.968,6214,Available
"[27, 9648]",516632,The Empty Man,en,The Empty Man,12.1034,2020-10-22,6.167,1091,Available
"[35, 80]",449562,The Hustle,en,The Hustle,12.0959,2019-05-09,6.194,2742,Available
"[53, 9648]",401981,Red Sparrow,en,Red Sparrow,12.0894,2018-02-28,6.532,6459,Available
"[10749, 18]",829560,The Next 365 Days,pl,Kolejne 365 dni,12.0867,2022-08-18,6.377,1344,Available
"[27, 53]",1114513,Speak No Evil,en,Speak No Evil,12.086,2024-09-11,7.093,2318,Available
"[18, 16, 10751]",10545,The Hunchback of Notre Dame,en,The Hunchback of Notre Dame,12.086,1996-06-21,7.136,5470,Available
"[53, 80, 27]",43947,I Spit on Your Grave,en,I Spit on Your Grave,12.0811,2010-06-17,6.511,2658,Available
"[18, 36, 53]",617653,The Last Duel,en,The Last Duel,12.0572,2021-10-13,7.4,3994,Available
"[18, 10749]",688,The Bridges of Madison County,en,The Bridges of Madison County,12.0541,1995-06-02,7.715,2434,Available
"[28, 53, 878]",7551,Déjà Vu,en,Déjà Vu,12.0526,2006-11-22,6.893,5457,Available
"[28, 80, 18, 36, 53]",388399,Patriots Day,en,Patriots Day,12.0492,2016-12-12,7.066,2915,Available
"[28, 35, 878]",41154,Men in Black 3,en,Men in Black 3,12.1511,2012-05-23,6.5,11185,Available
"[878, 27]",536554,M3GAN,en,M3GAN,11.0035,2022-12-28,7.01,4985,Available
"[16, 35, 10751]",10715,Looney Tunes: Back in Action,en,Looney Tunes: Back in Action,11.3264,2003-11-14,6.381,1650,Available
"[28, 10752, 53]",840326,Sisu,fi,Sisu,11.0018,2022-09-09,7.389,2957,Available
"[878, 27]",340102,The New Mutants,en,The New Mutants,11.4205,2020-04-02,6.052,3808,Available
"[18, 36]",568,Apollo 13,en,Apollo 13,10.591,1995-06-30,7.463,6099,Available
"[18, 27, 53]",805,Rosemary's Baby,en,Rosemary's Baby,11.0896,1968-06-12,7.818,4485,Available
"[16, 14, 28, 10749, 10751]",496450,"Miraculous: Ladybug & Cat Noir, The Movie",fr,Miraculous - le film,10.639,2023-07-05,7.619,981,Available
[18],1457705,Our Girls,nl,Voor de meisjes,16.3786,2025-10-02,7.359,39,Available
"[18, 12, 37]",44264,True Grit,en,True Grit,11.0035,2010-12-22,7.305,5909,Available
"[35, 10402]",1490260,Whitmer Thomas: Terminal Crew of Dudes,en,Whitmer Thomas: Terminal Crew of Dudes,9.6611,2026-08-14,0.0,0,Available
"[28, 53, 80]",9335,Transporter 2,en,Transporter 2,11.6955,2005-08-03,6.334,4073,Available
"[35, 18]",747188,Asteroid City,en,Asteroid City,10.714,2023-06-08,6.461,2608,Available
"[14, 18, 10749]",50620,The Twilight Saga: Breaking Dawn - Part 2,en,The Twilight Saga: Breaking Dawn - Part 2,11.3437,2012-11-13,6.451,9490,Available
"[18, 28, 53]",799882,The Bluff,en,The Bluff,12.2512,2026-02-17,6.752,220,Available
"[10749, 35, 18]",804,Roman Holiday,en,Roman Holiday,11.048,1953-08-26,7.9,2324,Available
"[18, 10749]",1476292,Kalakal,tl,Kalakal,12.353,2025-06-13,6.7,10,Available
[37],33,Unforgiven,en,Unforgiven,11.6864,1992-08-07,7.913,5092,Available
"[18, 53, 80]",1433583,The Weight,en,The Weight,12.168,2026-09-16,7.0,1,Available
"[12, 9648, 80]",497582,Enola Holmes,en,Enola Holmes,11.149,2020-09-22,7.218,6807,Available
"[14, 27, 28, 53]",36586,Blade II,en,Blade II,11.7948,2002-03-22,6.571,5386,Available
"[35, 10751, 14, 10749]",4523,Enchanted,en,Enchanted,11.4635,2007-11-20,6.847,5811,Available
"[35, 53, 9648]",974573,Another Simple Favor,en,Another Simple Favor,12.7081,2025-03-07,5.795,556,Available
"[9648, 10749, 53]",426,Vertigo,en,Vertigo,10.7856,1958-05-28,8.132,6487,Available
"[14, 28, 878]",353491,The Dark Tower,en,The Dark Tower,11.0998,2017-08-03,5.807,5660,Available
"[35, 80]",9336,Police Academy,en,Police Academy,11.8702,1984-03-22,6.72,3085,Available
"[9648, 53, 80]",945729,A Haunting in Venice,en,A Haunting in Venice,10.9054,2023-09-13,6.561,2945,Available
"[9648, 27, 53]",838209,Exhuma,ko,파묘,11.3502,2024-02-22,7.656,803,Available
"[18, 28]",1246,Rocky Balboa,en,Rocky Balboa,11.7635,2006-12-20,6.885,3904,Available
"[35, 18, 10749]",254320,The Lobster,en,The Lobster,11.438,2015-10-15,7.022,7065,Available
"[10749, 35]",1339588,Finding Emily,en,Finding Emily,11.3388,2026-05-21,6.8,47,Available
"[16, 878, 10751, 35]",482321,Ron's Gone Wrong,en,Ron's Gone Wrong,11.3448,2021-10-14,7.849,2068,Available
"[27, 53, 35]",1111873,Abigail,en,Abigail,11.9218,2024-04-16,6.644,2197,Available
"[10749, 35]",1319504,Boot Camp,en,Un été pour tout changer,10.9952,2024-08-02,6.129,58,Available
"[16, 14, 10402, 878]",1575337,Cosmic Princess Kaguya!,ja,超かぐや姫！,12.4586,2026-01-22,8.207,111,Available
"[35, 10751, 14]",433,Mary Poppins,en,Mary Poppins,11.6523,1964-12-17,7.549,5099,Available
"[16, 14, 28]",620249,The Legend of Hei,zh,罗小黑战记,11.2372,2019-08-27,8.401,550,Available
"[878, 27, 53]",158015,The Purge,en,The Purge,11.3951,2013-05-31,6.246,8994,Available
"[28, 12, 53]",76163,The Expendables 2,en,The Expendables 2,11.6468,2012-08-15,6.355,7313,Available
"[80, 18, 53]",9366,Donnie Brasco,en,Donnie Brasco,11.1487,1997-02-27,7.534,4973,Available
"[16, 10751, 35]",9982,Chicken Little,en,Chicken Little,11.0503,2005-11-04,5.92,4254,Available
"[12, 18, 28]",147441,Exodus: Gods and Kings,en,Exodus: Gods and Kings,11.3118,2014-12-03,5.884,4938,Available
"[28, 80, 10749]",319,True Romance,en,True Romance,11.6414,1993-09-09,7.5,3164,Available
"[878, 27, 28]",8078,Alien Resurrection,en,Alien Resurrection,10.7947,1997-11-12,6.171,5743,Available
"[35, 18, 10749]",3082,Modern Times,en,Modern Times,11.8935,1936-02-05,8.281,4176,Available
[35],404009,Una storia ambigua,it,Una storia ambigua,12.9772,1986-05-15,4.375,8,Available
"[16, 10751, 14]",936108,Smurfs,en,Smurfs,11.405,2025-06-30,5.72,288,Available
"[35, 10749]",50546,Just Go with It,en,Just Go with It,11.0788,2011-02-10,6.705,6229,Available
"[12, 18, 36, 28]",11362,The Count of Monte Cristo,en,The Count of Monte Cristo,11.5753,2002-01-23,7.689,2105,Available
"[16, 14, 12, 35]",1363974,That Time I Got Reincarnated as a Slime the Movie: Tears of the Azure Sea,ja,劇場版 転生したらスライムだった件 蒼海の涙編,11.9995,2026-02-27,8.3,58,Available
"[12, 878, 28, 9648]",262504,Allegiant,en,Allegiant,11.491,2016-03-09,6.103,7099,Available
"[10752, 36, 28, 12, 18, 10749]",1966,Alexander,en,Alexander,11.1667,2004-11-21,5.96,3601,Available
"[35, 14, 10751]",639720,IF,en,IF,11.6815,2024-05-08,6.941,1690,Available
"[16, 12, 10751, 14]",19947,The Adventures of Mark Twain,en,The Adventures of Mark Twain,16.2056,1985-03-01,6.741,110,Available
"[27, 53]",13186,Wrong Turn 2: Dead End,en,Wrong Turn 2: Dead End,11.044,2007-08-25,6.175,1609,Available
"[35, 80]",138832,We're the Millers,en,We're the Millers,11.0153,2013-08-07,6.84,9644,Available
"[28, 12, 35]",848538,Argylle,en,Argylle,10.5747,2024-01-31,5.981,1828,Available
"[10752, 28, 18]",9567,Tears of the Sun,en,Tears of the Sun,10.8896,2003-03-07,6.898,2699,Available
"[16, 10751, 12, 35, 14]",41513,The Smurfs,en,The Smurfs,11.2827,2011-07-29,5.753,4078,Available
"[28, 53]",399402,Hunter Killer,en,Hunter Killer,12.2063,2018-10-19,6.911,2473,Available
[18],763298,Finally Leon,xx,Endlich Leon,13.1745,2020-11-13,9.0,2,Available
[53],1545486,Unmadham,ml,ഉന്മാദം,11.6133,2026-07-31,6.9,5,Available
"[878, 28, 12]",80274,Ender's Game,en,Ender's Game,10.7165,2013-10-24,6.594,6402,Available
"[35, 10751, 16]",587807,Tom & Jerry,en,Tom & Jerry,11.8899,2021-02-10,6.716,2620,Available
"[27, 53]",587424,Infection,es,Infección,12.6855,2019-08-11,6.734,197,Available
"[14, 28, 18]",37958,Immortals,en,Immortals,10.293,2011-11-10,6.051,2893,Available
"[878, 53]",13811,Knowing,en,Knowing,11.0174,2009-03-19,6.265,5975,Available
"[12, 36, 10752]",947,Lawrence of Arabia,en,Lawrence of Arabia,10.9887,1962-12-11,7.999,3568,Available
"[18, 10749]",474412,To Her,ko,사촌여동생,9.6638,2017-07-12,7.333,9,Available
"[16, 18, 27]",53064,Midori,ja,地下幻燈劇画 少女椿,11.5151,1992-05-02,6.0,175,Available
"[12, 18]",5915,Into the Wild,en,Into the Wild,10.5147,2007-09-21,7.796,10325,Available
"[10749, 35]",509,Notting Hill,en,Notting Hill,11.2427,1999-05-21,7.263,6874,Available
"[28, 53, 878]",9659,Mad Max,en,Mad Max,10.4703,1979-04-12,6.682,5099,Available
"[28, 35, 80]",1106289,The Pickup,en,The Pickup,11.5753,2025-07-27,6.404,508,Available
[37],5176,3:10 to Yuma,en,3:10 to Yuma,11.105,2007-09-06,7.232,4174,Available
"[27, 36]",1301310,Zombies of the Third Reich,en,Zombies of the Third Reich,11.4612,2025-06-10,3.813,8,Available
[18],881,A Few Good Men,en,A Few Good Men,10.9467,1992-12-11,7.559,4310,Available
"[878, 12, 18, 28]",871,Planet of the Apes,en,Planet of the Apes,12.1016,1968-02-07,7.657,4100,Available
"[28, 53, 878]",500664,Upgrade,en,Upgrade,10.357,2018-05-31,7.511,5222,Available
"[12, 28, 53]",36669,Die Another Day,en,Die Another Day,11.7251,2002-11-17,5.997,3986,Available
"[18, 9648]",249397,Nymphomaniac: Vol. II,en,Nymphomaniac: Vol. II,11.7173,2013-12-25,6.712,3264,Available
"[80, 53, 28]",449443,Den of Thieves,en,Den of Thieves,11.7123,2018-01-18,6.873,3500,Available
"[35, 28, 12]",203801,The Man from U.N.C.L.E.,en,The Man from U.N.C.L.E.,11.7111,2015-08-13,7.077,7030,Available
"[12, 10751, 14]",10140,The Chronicles of Narnia: The Voyage of the Dawn Treader,en,The Chronicles of Narnia: The Voyage of the Dawn Treader,11.709,2010-12-02,6.444,6006,Available
[99],521122,Glittering Hands,ko,반짝이는 박수소리,11.7077,2015-04-23,9.0,1,Available
"[12, 14, 16, 28, 10751]",10515,Castle in the Sky,ja,天空の城ラピュタ,11.6959,1986-08-02,7.97,4788,Available
[18],1758599,Manual Wind,es,Cuerda Manual,11.6947,2026-10-15,0.0,0,Available
"[28, 80, 53]",1421155,Ikatan Darah,id,Ikatan Darah,11.6887,2026-04-30,6.2,8,Available
"[28, 53]",1448560,Wildcat,en,Wildcat,11.6885,2025-11-19,6.0,222,Available
"[10751, 35]",1268,Mr. Bean's Holiday,en,Mr. Bean's Holiday,11.6857,2007-03-22,6.402,3208,Available
"[14, 28, 12]",763215,Damsel,en,Damsel,11.6715,2024-03-07,6.979,2915,Available
"[80, 35]",877817,Wolfs,en,Wolfs,11.6714,2024-09-20,6.54,1558,Available
[18],13920,Radio,en,Radio,11.6701,2003-10-24,7.359,910,Available
"[80, 18, 53]",1139377,The Spider's Web,es,La Telaraña,11.6668,2023-04-27,0.0,0,Available
"[28, 878, 18]",110415,Snowpiercer,ko,설국열차,11.6658,2013-08-01,6.909,10656,Available
[27],532408,The Boogeyman,en,The Boogeyman,11.6627,2023-05-31,6.376,1160,Available
"[12, 28, 53]",10764,Quantum of Solace,en,Quantum of Solace,11.6607,2008-10-29,6.343,8742,Available
"[878, 14, 28]",76757,Jupiter Ascending,en,Jupiter Ascending,11.6568,2015-02-04,5.473,7235,Available
"[12, 16, 9648]",17578,The Adventures of Tintin,en,The Adventures of Tintin,11.6536,2011-10-24,6.9,5957,Available
"[18, 10749]",289,Casablanca,en,Casablanca,11.6478,1943-01-15,8.138,6206,Available
"[28, 27, 10752, 878]",1257009,Primitive War,en,Primitive War,11.6334,2025-08-21,6.7,531,Available
"[80, 53, 28]",201088,Blackhat,en,Blackhat,11.63,2015-01-13,5.524,2222,Available
"[16, 12, 35, 10751]",153518,The Angry Birds Movie,en,The Angry Birds Movie,11.6296,2016-05-11,6.293,4123,Available
"[18, 28, 14]",64686,47 Ronin,en,47 Ronin,11.6276,2013-12-06,6.212,4246,Available
"[878, 18]",1398,Stalker,ru,Сталкер,11.6251,1979-05-25,8.084,2594,Available
"[9648, 53]",2832,Identity,en,Identity,11.6248,2003-04-25,7.181,4520,Available
"[28, 878, 53]",274855,Geostorm,en,Geostorm,11.6196,2017-10-12,6.128,5317,Available
"[18, 53]",1700,Misery,en,Misery,11.6193,1990-11-30,7.8,5396,Available
"[18, 35]",1124566,Sentimental Value,no,Affeksjonsverdi,11.6149,2025-08-20,7.47,1076,Available
"[14, 28, 12]",81005,Jack the Giant Slayer,en,Jack the Giant Slayer,11.609,2013-02-27,5.91,5346,Available
"[36, 10752, 18]",753342,Napoleon,en,Napoleon,11.6053,2023-11-22,6.3,3257,Available
"[12, 10751, 14]",2454,The Chronicles of Narnia: Prince Caspian,en,The Chronicles of Narnia: Prince Caspian,11.6029,2008-05-15,6.636,6910,Available
"[12, 28, 18, 36]",796185,The Three Musketeers: D'Artagnan,fr,Les Trois Mousquetaires : D'Artagnan,11.6024,2023-04-05,6.904,1460,Available
[18],1325678,Sarah's Oil,en,Sarah's Oil,11.6011,2025-11-06,7.827,133,Available
"[28, 35]",37834,Knight and Day,en,Knight and Day,11.5996,2010-06-15,6.237,5026,Available
"[28, 53, 10749]",73454,X,en,X,11.5972,2011-11-23,6.388,327,Available
"[28, 80, 53]",1242501,Icefall,en,Icefall,11.5939,2025-10-16,6.511,237,Available
"[28, 35, 53, 12]",739405,Operation Fortune: Ruse de Guerre,en,Operation Fortune: Ruse de Guerre,11.5925,2023-01-04,6.468,2052,Available
"[18, 35, 10749]",153,Lost in Translation,en,Lost in Translation,11.5919,2003-09-18,7.38,8300,Available
"[878, 28, 53]",8337,They Live,en,They Live,11.5891,1988-11-04,7.308,3615,Available
"[12, 18, 10752]",5925,The Great Escape,en,The Great Escape,11.5767,1963-07-03,7.926,2934,Available
"[28, 53, 80, 18]",62835,Colombiana,en,Colombiana,11.5731,2011-07-27,6.648,2947,Available
[99],931908,Cyclotron,en,Cyclotron,11.5692,2020-09-16,0.0,0,Available
"[28, 80]",9654,The Italian Job,en,The Italian Job,11.5654,2003-05-30,6.8,6173,Available
[18],600354,The Father,en,The Father,11.5547,2020-12-23,8.092,3756,Available
"[28, 12, 878]",2164,Stargate,en,Stargate,11.5524,1994-10-28,7.034,3960,Available
"[28, 53, 80]",13387,Transporter 3,en,Transporter 3,11.5503,2008-11-26,6.172,3772,Available
"[35, 10749]",6957,The 40 Year-Old Virgin,en,The 40 Year-Old Virgin,11.5476,2005-08-11,6.428,7411,Available
"[18, 28]",677179,Creed III,en,Creed III,11.5472,2023-03-01,7.088,2968,Available
"[14, 28]",9480,Daredevil,en,Daredevil,11.5466,2003-02-14,5.3,5586,Available
"[28, 35, 80]",136795,The Heat,en,The Heat,11.5433,2013-06-27,6.59,4261,Available
"[53, 878, 27]",2675,Signs,en,Signs,11.5429,2002-08-02,6.733,6529,Available
"[16, 12, 10751, 18, 37]",9023,Spirit: Stallion of the Cimarron,en,Spirit: Stallion of the Cimarron,11.5411,2002-05-24,7.707,5013,Available
"[36, 18, 12]",665,Ben-Hur,en,Ben-Hur,11.5408,1959-11-18,7.893,3253,Available
"[28, 12, 14]",205584,Gods of Egypt,en,Gods of Egypt,11.5388,2016-02-25,5.695,4441,Available
"[28, 53, 878]",7191,Cloverfield,en,Cloverfield,11.5372,2008-01-15,6.727,8087,Available
"[10752, 36, 18]",300671,13 Hours: The Secret Soldiers of Benghazi,en,13 Hours: The Secret Soldiers of Benghazi,11.535,2016-01-14,7.3,4056,Available
"[28, 14, 27]",957452,The Crow,en,The Crow,11.5291,2024-08-21,5.777,1333,Available
"[53, 18, 9648]",9741,Unbreakable,en,Unbreakable,11.5271,2000-11-22,7.145,10126,Available
[35],57214,Project X,en,Project X,11.5252,2012-03-01,6.926,7028,Available
"[878, 28, 27]",8077,Alien³,en,Alien³,11.5252,1992-05-22,6.392,6575,Available
"[18, 53, 878]",39538,Contagion,en,Contagion,11.525,2011-09-08,6.655,6706,Available
"[18, 80]",154400,The Drop,en,The Drop,11.5209,2014-09-12,6.825,2493,Available
[35],4258,Scary Movie 5,en,Scary Movie 5,11.5209,2013-04-11,4.783,3152,Available
"[10751, 14, 35]",252,Willy Wonka & the Chocolate Factory,en,Willy Wonka & the Chocolate Factory,11.5194,1971-06-29,7.48,4064,Available
"[27, 53]",2671,Ring,ja,リング,11.516,1998-01-31,7.099,1724,Available
"[28, 35]",11230,Drunken Master,cn,醉拳,11.5116,1978-10-05,7.394,1164,Available
"[53, 878, 28]",316269,Calculator,ru,Вычислитель,11.5112,2014-12-18,4.856,170,Available
[18],519465,Queen of Hearts,da,Dronningen,11.5105,2019-03-27,6.919,393,Available
"[53, 18, 878]",450465,Glass,en,Glass,11.5069,2019-01-16,6.663,9243,Available
"[35, 10749]",2770,American Pie 2,en,American Pie 2,11.5018,2001-08-10,6.268,5447,Available
"[28, 35, 53]",11665,Get Smart,en,Get Smart,11.5015,2008-06-19,6.218,3998,Available
"[16, 12, 35, 10751, 28]",454640,The Angry Birds Movie 2,en,The Angry Birds Movie 2,11.4983,2019-08-02,7.05,1955,Available
"[12, 28, 14]",8009,Highlander,en,Highlander,11.497,1986-03-07,6.867,3017,Available
"[28, 80, 53]",82675,Taken 2,en,Taken 2,11.4918,2012-09-27,6.371,7258,Available
[27],8913,Pet Sematary,en,Pet Sematary,11.4907,1989-04-21,6.652,2455,Available
[27],26466,Triangle,en,Triangle,11.4894,2009-10-16,6.912,3115,Available
"[28, 53]",1515729,Blast,ta,Blast,11.4832,2026-05-28,7.754,67,Available
"[10402, 35]",2005,Sister Act,en,Sister Act,11.4782,1992-05-28,6.833,3523,Available
"[80, 18, 53]",4547,Panic Room,en,Panic Room,9.3848,2002-03-29,6.795,5559,Available
"[53, 28, 80]",38700,Bad Boys for Life,en,Bad Boys for Life,10.4695,2020-01-15,7.106,8873,Available
"[99, 10402]",1022256,Selena Gomez: My Mind & Me,en,Selena Gomez: My Mind & Me,10.1949,2022-11-04,8.452,620,Available
"[18, 35]",297090,The Torture Club,ja,ちょっとかわいいアイアンメイデン,9.749,2014-07-19,5.2,51,Available
"[10751, 28, 12, 35]",7459,Speed Racer,en,Speed Racer,10.558,2008-05-07,6.385,1853,Available
"[16, 10751, 35]",1571101,Evolution,en,Evolution,11.4821,2026-02-06,6.667,18,Available
"[28, 80, 53]",944,Lethal Weapon 4,en,Lethal Weapon 4,11.5512,1998-07-10,6.607,3058,Available
"[18, 28]",1371,Rocky III,en,Rocky III,10.6646,1982-05-28,6.91,4631,Available
"[28, 35, 80, 53]",522931,Hitman's Wife's Bodyguard,en,Hitman's Wife's Bodyguard,11.4177,2021-06-14,6.624,2686,Available
"[878, 9648, 53]",1001835,Wifelike,en,Wifelike,10.8317,2022-08-12,6.569,346,Available
[53],72784,The Loft,en,The Loft,9.9086,2014-10-14,6.409,1605,Available
"[35, 18]",1029955,Kinds of Kindness,en,Kinds of Kindness,10.8018,2024-05-30,6.476,1352,Available
[18],1574871,Chinese Angel,en,Chinese Angel,16.161,2017-10-15,10.0,1,Available
"[35, 80]",36593,Naked Gun 33⅓: The Final Insult,en,Naked Gun 33⅓: The Final Insult,10.8063,1994-03-18,6.52,2608,Available
"[28, 35, 80]",1239193,Deep Cover,en,Deep Cover,11.7316,2025-06-12,6.709,641,Available
"[28, 12, 14]",1729,The Forbidden Kingdom,en,The Forbidden Kingdom,10.5509,2008-04-17,6.652,1980,Available
"[12, 28, 53]",710,GoldenEye,en,GoldenEye,11.0575,1995-11-16,6.905,4466,Available
"[53, 18, 80]",1220564,The Secret Agent,pt,O Agente Secreto,9.6669,2025-07-23,7.2,851,Available
"[27, 53, 80]",263472,Knock Knock,en,Knock Knock,10.6927,2015-06-26,5.387,3575,Available
"[16, 10751, 12, 14]",1586876,Chiikawa the Movie: The Secret of the Mermaid Island,ja,映画ちいかわ 人魚の島のひみつ,12.5616,2026-07-24,7.313,8,Available
"[18, 14, 10749]",795,City of Angels,en,City of Angels,10.0436,1998-04-10,6.827,2445,Available
[18],599,Sunset Boulevard,en,Sunset Boulevard,10.3025,1950-08-10,8.272,3015,Available
"[35, 10749]",693,Meet the Fockers,en,Meet the Fockers,10.3862,2004-12-22,6.255,5286,Available
"[27, 53]",7340,Carrie,en,Carrie,10.4536,1976-11-03,7.34,4420,Available
"[878, 53, 10749]",38050,The Adjustment Bureau,en,The Adjustment Bureau,10.5724,2011-03-03,6.791,5068,Available
"[27, 9648]",8922,Jeepers Creepers,en,Jeepers Creepers,10.9101,2001-07-01,6.486,3407,Available
"[14, 28, 35]",49524,R.I.P.D.,en,R.I.P.D.,10.3526,2013-07-18,5.862,4389,Available
[35],11635,Old School,en,Old School,10.3425,2003-02-21,6.621,2186,Available
"[35, 14]",11852,The Hot Chick,en,The Hot Chick,10.9565,2002-12-13,6.359,2248,Available
"[35, 80, 9648]",3049,Ace Ventura: Pet Detective,en,Ace Ventura: Pet Detective,10.4732,1994-02-04,6.581,6559,Available
"[18, 36]",746,The Last Emperor,en,The Last Emperor,12.5305,1987-10-04,7.59,1974,Available
"[878, 53, 18]",49047,Gravity,en,Gravity,10.7467,2013-10-03,7.173,16644,Available
"[35, 18, 14]",9339,Click,en,Click,11.3575,2006-06-23,6.3,7746,Available
"[16, 28, 12, 35, 10751]",431693,Spies in Disguise,en,Spies in Disguise,10.8174,2019-12-04,7.542,3043,Available
"[80, 18]",359940,"Three Billboards Outside Ebbing, Missouri",en,"Three Billboards Outside Ebbing, Missouri",10.7259,2017-12-01,8.052,11161,Available
"[10749, 35]",1685882,Modha Rathri,ta,மொத ராத்திரி,9.8901,2026-08-21,7.0,1,Available
"[10751, 28, 35, 12, 878]",10054,Spy Kids,en,Spy Kids,10.1754,2001-03-18,5.816,3794,Available
"[16, 18, 14]",149871,The Tale of The Princess Kaguya,ja,かぐや姫の物語,9.8842,2013-11-23,8.085,2038,Available
"[10749, 18]",222935,The Fault in Our Stars,en,The Fault in Our Stars,10.7534,2014-06-02,7.59,11684,Available
"[12, 10751, 14]",241259,Alice Through the Looking Glass,en,Alice Through the Looking Glass,10.6204,2016-05-25,6.567,6877,Available
"[18, 36]",850165,The Iron Claw,en,The Iron Claw,11.0903,2023-12-21,7.517,1338,Available
"[12, 27, 53]",9360,Anaconda,en,Anaconda,10.2903,1997-04-11,5.283,2890,Available
"[35, 18, 80]",8321,In Bruges,en,In Bruges,10.668,2008-02-08,7.497,5957,Available
"[27, 18]",381283,mother!,en,mother!,11.5253,2017-09-13,6.949,7248,Available
"[12, 28, 878]",72545,Journey 2: The Mysterious Island,en,Journey 2: The Mysterious Island,12.2674,2012-01-19,6.152,4610,Available
"[27, 9648, 53, 10770]",137051,Midnight Matinee,en,Midnight Matinee,9.433,1988-10-12,5.4,7,Available
"[16, 878, 10751, 12]",718789,Lightyear,en,Lightyear,11.0421,2022-06-15,6.862,3934,Available
"[80, 18, 53]",819,Sleepers,en,Sleepers,11.7473,1996-10-18,7.596,4027,Available
"[36, 18]",82695,Les Misérables,en,Les Misérables,10.9839,2012-12-18,7.295,5677,Available
"[18, 53]",68734,Argo,en,Argo,10.4728,2012-10-11,7.286,9173,Available
"[28, 53]",8845,Under Siege,en,Under Siege,10.4398,1992-10-08,6.308,1793,Available
"[35, 80]",51540,Horrible Bosses,en,Horrible Bosses,9.9196,2011-07-08,6.574,6954,Available
[18],87502,Flight,en,Flight,10.2812,2012-02-22,6.864,6585,Available
"[12, 28, 878]",1894,Star Wars: Episode II - Attack of the Clones,en,Star Wars: Episode II - Attack of the Clones,10.5918,2002-05-15,6.6,14663,Available
"[878, 28, 18, 53]",68724,Elysium,en,Elysium,11.3362,2013-08-07,6.526,9798,Available
"[80, 53, 18]",1487864,Nando Between Two Worlds - A Sintonia Film,pt,Nando Entre Dois Mundos: Um Filme Sintonia,10.6172,2026-08-12,6.109,24,Available
"[18, 36]",76203,12 Years a Slave,en,12 Years a Slave,9.3871,2013-10-18,7.927,12200,Available
"[18, 35]",391713,Lady Bird,en,Lady Bird,11.0551,2017-09-01,7.2,9158,Available
"[12, 16, 35, 14]",223702,Sausage Party,en,Sausage Party,10.9862,2016-07-11,5.75,7839,Available
"[28, 35]",12207,The Legend of Drunken Master,cn,醉拳二,10.2439,1994-02-03,7.46,1126,Available
"[35, 28, 878]",107985,The World's End,en,The World's End,9.406,2013-07-18,6.81,6056,Available
[35],61930,Bagnomaria,it,Bagnomaria,14.9851,1999-02-12,5.9,116,Available
"[14, 28, 53]",9495,The Crow,en,The Crow,10.3096,1994-05-11,7.531,4662,Available
"[27, 53, 9648]",10066,House of Wax,en,House of Wax,10.496,2005-05-05,6.039,3443,Available
"[18, 36, 10752]",8741,The Thin Red Line,en,The Thin Red Line,9.9521,1998-12-23,7.44,3417,Available
"[18, 9648, 53]",37233,The Firm,en,The Firm,10.649,1993-06-30,6.746,2393,Available
"[28, 878, 35]",365177,Borderlands,en,Borderlands,9.9549,2024-08-07,5.538,1568,Available
"[28, 36, 18]",579974,RRR,te,రౌద్రం రణం రుధిరం,10.3452,2022-03-24,7.714,1688,Available
"[12, 10751, 18]",365045,Heidi,de,Heidi,10.8778,2015-12-10,7.256,446,Available
"[28, 53]",9772,Air Force One,en,Air Force One,10.9468,1997-07-25,6.466,3418,Available
"[18, 36]",1367555,Mother Bhumi,ms,Mother Bhumi,10.9141,2025-12-19,8.4,6,Available
"[18, 10749, 10752]",31439,To Live,zh,活着,13.8784,1994-05-18,8.075,393,Available
"[35, 878, 28, 12]",479455,Men in Black: International,en,Men in Black: International,11.748,2019-06-12,5.891,5492,Available
"[16, 80, 9648, 53]",28764,Detective Conan: The Raven Chaser,ja,名探偵コナン 漆黒の追跡者（チェイサー）,9.6414,2009-04-18,7.3,161,Available
"[12, 28, 53, 14]",375588,Robin Hood,en,Robin Hood,10.8775,2018-11-03,5.911,3207,Available
[18],13223,Gran Torino,en,Gran Torino,10.6267,2008-12-12,7.988,11802,Available
"[12, 14, 10749, 10751]",2270,Stardust,en,Stardust,9.9887,2007-08-10,7.294,4569,Available
"[16, 35, 10751, 14]",400155,Hotel Transylvania 3: Summer Vacation,en,Hotel Transylvania 3: Summer Vacation,11.133,2018-06-28,6.841,4792,Available
"[37, 28]",11969,Tombstone,en,Tombstone,10.2129,1993-12-25,7.6,2535,Available
"[18, 80, 53]",1598,Cape Fear,en,Cape Fear,10.7358,1991-11-13,7.3,4005,Available
"[18, 27, 80]",74997,The Human Centipede 2 (Full Sequence),en,The Human Centipede 2 (Full Sequence),11.8413,2011-10-06,4.754,1488,Available
"[35, 18, 10749]",1267905,The Roses,en,The Roses,11.0211,2025-08-27,6.649,773,Available
[27],396422,Annabelle: Creation,en,Annabelle: Creation,10.8369,2017-08-03,6.608,6084,Available
"[28, 878, 53]",64635,Total Recall,en,Total Recall,13.1049,2012-08-02,6.035,6001,Available
"[53, 80, 18]",8848,The Bank Job,en,The Bank Job,10.8695,2008-02-28,6.856,2704,Available
"[28, 53]",545609,Extraction,en,Extraction,10.1758,2020-04-23,7.287,6778,Available
"[12, 18, 53]",44115,127 Hours,en,127 Hours,10.8154,2010-11-12,7.1,8266,Available
"[53, 9648]",204922,Before I Go to Sleep,en,Before I Go to Sleep,9.854,2014-09-03,6.491,2204,Available
"[12, 14]",11976,Legend,en,Legend,10.1454,1985-08-28,6.262,1436,Available
"[18, 35]",10860,Steel Magnolias,en,Steel Magnolias,9.5379,1989-11-15,7.18,763,Available
"[28, 18, 14]",274857,King Arthur: Legend of the Sword,en,King Arthur: Legend of the Sword,10.993,2017-05-09,6.56,6175,Available
"[35, 18]",2108,The Breakfast Club,en,The Breakfast Club,9.8439,1985-02-15,7.716,8710,Available
"[18, 10749]",1079091,It Ends with Us,en,It Ends with Us,10.4512,2024-08-07,6.95,2043,Available
"[28, 14]",846422,The Old Guard 2,en,The Old Guard 2,10.4582,2025-07-01,5.91,1041,Available
"[28, 18, 36]",14537,Harakiri,ja,切腹,11.2218,1962-09-15,8.461,1273,Available
[35],45243,The Hangover Part II,en,The Hangover Part II,12.3548,2011-05-25,6.511,11518,Available
"[80, 18, 53]",9702,Bound by Honor,en,Bound by Honor,11.8138,1993-02-05,8.218,1619,Available
"[27, 10749]",1242011,Together,en,Together,9.3883,2025-07-14,6.903,1348,Available
"[18, 10749]",796,Cruel Intentions,en,Cruel Intentions,12.017,1999-03-05,6.826,3680,Available
"[35, 10749]",9603,Clueless,en,Clueless,10.0566,1995-07-19,7.246,4914,Available
"[35, 18, 10749]",9390,Jerry Maguire,en,Jerry Maguire,10.2656,1996-12-13,7.001,3866,Available
"[12, 28, 53]",714,Tomorrow Never Dies,en,Tomorrow Never Dies,10.371,1997-12-11,6.388,3544,Available
"[28, 53]",9924,The Hard Corps,en,The Hard Corps,10.8717,2005-07-29,6.07,270,Available
[35],19494,Nine to Five,en,Nine to Five,9.2502,1980-12-18,7.0,585,Available
"[10752, 28, 36]",429351,12 Strong,en,12 Strong,11.0338,2018-01-18,6.376,3254,Available
"[12, 14, 9648]",1098006,Fountain of Youth,en,Fountain of Youth,10.1926,2025-05-19,6.235,1021,Available
[16],657512,The Longing,pt,A Falta,13.9102,2019-12-18,0.0,0,Available
"[18, 9648, 53]",6947,The Village,en,The Village,9.742,2004-07-30,6.495,4713,Available
[18],462,Erin Brockovich,en,Erin Brockovich,10.2647,2000-03-17,7.427,3749,Available
"[9648, 10749, 878]",1903,Vanilla Sky,en,Vanilla Sky,10.5151,2001-12-14,6.831,4828,Available
"[35, 12, 10751, 80]",11212,Baby's Day Out,en,Baby's Day Out,10.2058,1994-07-01,6.418,1505,Available
"[35, 10749]",6557,27 Dresses,en,27 Dresses,10.7186,2008-01-10,6.5,3501,Available
"[14, 27, 35]",766,Army of Darkness,en,Army of Darkness,11.2693,1992-10-31,7.255,3662,Available
"[28, 12, 53, 10752]",1370,Rambo III,en,Rambo III,10.2266,1988-05-24,6.209,3578,Available
"[10752, 18, 36, 28]",531876,The Outpost,en,The Outpost,9.4955,2020-06-24,6.896,1250,Available
"[18, 28, 53, 80]",9869,Patriot Games,en,Patriot Games,10.4107,1992-06-04,6.681,1878,Available
"[18, 10749, 53]",220281,Giselle,pt,Giselle,11.6656,1980-03-05,4.5,13,Available
"[35, 10752]",914,The Great Dictator,en,The Great Dictator,11.1797,1940-10-15,8.284,3796,Available
"[10749, 18]",61979,Three Steps Above Heaven,es,Tres metros sobre el cielo,10.6205,2010-12-03,7.7,3270,Available
"[12, 35, 14, 10751]",181533,Night at the Museum: Secret of the Tomb,en,Night at the Museum: Secret of the Tomb,12.7327,2014-12-17,6.229,6330,Available
[18],965150,Aftersun,en,Aftersun,10.9367,2022-10-21,7.6,1961,Available
"[28, 12, 37]",1656,The Legend of Zorro,en,The Legend of Zorro,10.4692,2005-10-24,6.119,3168,Available
"[14, 28, 12]",258489,The Legend of Tarzan,en,The Legend of Tarzan,11.0822,2016-06-29,5.925,6617,Available
"[28, 14, 53]",71676,Ghost Rider: Spirit of Vengeance,en,Ghost Rider: Spirit of Vengeance,10.3036,2011-12-10,5.021,4184,Available
"[10749, 18]",1379963,Tell Me Softly,es,Dímelo bajito,16.9982,2025-12-11,6.29,202,Available
"[35, 10749]",11631,Mamma Mia!,en,Mamma Mia!,10.1363,2008-07-03,6.961,7159,Available
"[27, 9648]",602734,Spiral: From the Book of Saw,en,Spiral: From the Book of Saw,10.1505,2021-05-12,5.886,2355,Available
"[35, 10749, 878]",587792,Palm Springs,en,Palm Springs,10.0088,2020-07-10,7.336,3869,Available
"[16, 18, 10751]",3170,Bambi,en,Bambi,9.8502,1942-08-14,7.015,6125,Available
"[9648, 878]",2666,Dark City,en,Dark City,10.173,1998-02-27,7.332,3325,Available
"[27, 9648]",9286,Final Destination 3,en,Final Destination 3,10.9045,2006-02-09,6.156,4722,Available
"[12, 36, 28]",1911,The 13th Warrior,en,The 13th Warrior,9.8492,1999-08-13,6.706,2128,Available
"[16, 14, 12, 28]",839033,The Lord of the Rings: The War of the Rohirrim,en,The Lord of the Rings: The War of the Rohirrim,10.2665,2024-12-05,6.5,927,Available
[35],14035,Meatballs,en,Meatballs,9.6242,1979-06-28,5.839,369,Available
"[28, 80, 53]",628847,Trap House,en,Trap House,10.5391,2025-11-14,6.661,316,Available
"[18, 35]",840430,The Holdovers,en,The Holdovers,10.6246,2023-10-27,7.644,2655,Available
"[28, 53]",341013,Atomic Blonde,en,Atomic Blonde,11.0118,2017-07-26,6.44,6752,Available
"[9648, 53, 27]",622,The Ninth Gate,en,The Ninth Gate,10.9064,1999-08-25,6.497,3455,Available
"[18, 53]",1106739,Juror #2,en,Juror #2,9.4212,2024-10-30,6.894,2629,Available
"[28, 12, 878]",54138,Star Trek Into Darkness,en,Star Trek Into Darkness,10.0933,2013-05-05,7.319,9856,Available
"[18, 53, 28]",3176,Battle Royale,ja,バトル・ロワイアル,10.2201,2000-12-16,7.263,3936,Available
"[878, 18]",17431,Moon,en,Moon,9.8843,2009-06-12,7.563,6490,Available
[35],1361774,The Dink,en,The Dink,12.0713,2026-07-23,6.185,119,Available
"[35, 10749]",1581,The Holiday,en,The Holiday,11.0768,2006-12-05,7.1,5740,Available
"[28, 12, 14]",10196,The Last Airbender,en,The Last Airbender,10.2345,2010-06-30,4.641,4353,Available
"[28, 27, 878]",1196067,Worldbreaker,en,Worldbreaker,11.0196,2025-10-30,6.0,282,Available
"[35, 18]",1208348,Rental Family,en,Rental Family,10.1794,2025-11-20,7.707,1010,Available
"[18, 36]",314365,Spotlight,en,Spotlight,9.8701,2015-11-06,7.812,8959,Available
"[80, 9648, 53]",2118,L.A. Confidential,en,L.A. Confidential,10.1848,1997-09-19,7.808,5717,Available
"[28, 35, 80, 53]",390043,The Hitman's Bodyguard,en,The Hitman's Bodyguard,9.7526,2017-08-16,6.895,6803,Available
"[28, 12, 16, 878, 53]",12244,9,en,9,10.9026,2009-08-19,6.963,4006,Available
[18],569672,Mainland Prostitute,zh,村妓,11.5615,1994-01-01,7.2,4,Available
"[28, 53]",1088434,Hellfire,en,Hellfire,10.9794,2026-05-14,5.286,14,Available
"[18, 36]",1955,The Elephant Man,en,The Elephant Man,9.8645,1980-10-09,8.1,4043,Available
"[80, 35, 28]",187017,22 Jump Street,en,22 Jump Street,9.2673,2014-06-05,6.825,8708,Available
"[28, 12, 36, 18]",20662,Robin Hood,en,Robin Hood,11.5988,2010-05-12,6.398,5138,Available
"[878, 28, 12]",1003598,Avengers: Secret Wars,en,Avengers: Secret Wars,10.9271,2027-12-15,0.0,0,Available
"[16, 35, 10751, 12]",10112,The Aristocats,en,The Aristocats,10.1884,1970-12-24,7.304,5447,Available
"[28, 36, 10752]",13922,The Great Raid,en,The Great Raid,11.8335,2005-08-12,6.541,393,Available
"[28, 12, 14]",68735,Warcraft,en,Warcraft,9.9021,2016-05-25,6.41,7437,Available
"[12, 18, 10749, 28]",9476,A Knight's Tale,en,A Knight's Tale,10.5042,2001-05-11,6.889,3494,Available
"[27, 28, 878]",1576,Resident Evil,en,Resident Evil,10.5826,2002-03-15,6.669,7135,Available
"[53, 18]",50839,Margin Call,en,Margin Call,9.7136,2011-09-28,6.852,2173,Available
[99],1370597,Plunderer: The Life and Times of a Nazi Art Thief,en,Plunderer: The Life and Times of a Nazi Art Thief,4.3879,2024-11-19,7.7,3,Available
[27],215,Saw II,en,Saw II,9.8812,2005-10-28,6.608,6038,Available
"[28, 53]",204082,Homefront,en,Homefront,10.6194,2013-11-12,6.952,3948,Available
"[28, 10752, 53]",969492,Land of Bad,en,Land of Bad,10.3809,2024-02-09,7.289,1588,Available
"[18, 878, 53]",10200,The Day the Earth Stood Still,en,The Day the Earth Stood Still,10.2331,2008-12-10,5.666,3872,Available
"[18, 35]",400928,Gifted,en,Gifted,10.8355,2017-04-07,7.991,6055,Available
"[28, 53, 80]",379149,The Foreigner,en,The Foreigner,11.2428,2017-09-28,6.981,3012,Available
"[53, 80, 18]",320,Insomnia,en,Insomnia,10.4813,2002-05-24,6.954,5518,Available
"[28, 35, 53]",1195506,Novocaine,en,Novocaine,9.5669,2025-03-03,6.769,1741,Available
"[14, 12]",338952,Fantastic Beasts: The Crimes of Grindelwald,en,Fantastic Beasts: The Crimes of Grindelwald,10.6454,2018-11-14,6.83,11652,Available
[27],1694978,Chum,en,Chum,10.1901,2026-05-27,4.651,43,Available
"[35, 28]",239124,Investigación policial,es,Investigación policial,15.8724,2013-11-14,5.9,7,Available
"[28, 878, 27]",315011,Shin Godzilla,ja,シン・ゴジラ,11.9025,2016-07-29,7.241,1638,Available
"[18, 10752]",11778,The Deer Hunter,en,The Deer Hunter,10.6451,1978-12-08,7.964,4375,Available
"[28, 12, 16, 10751, 14]",14411,Sinbad: Legend of the Seven Seas,en,Sinbad: Legend of the Seven Seas,10.5483,2003-07-02,7.064,2288,Available
"[80, 28, 53, 18]",646097,Rebel Ridge,en,Rebel Ridge,10.0919,2024-08-27,6.969,1715,Available
"[12, 14, 10751]",34584,The NeverEnding Story,de,Die unendliche Geschichte,10.0168,1984-04-06,7.223,4491,Available
"[878, 12, 9648]",152,Star Trek: The Motion Picture,en,Star Trek: The Motion Picture,9.8752,1979-12-07,6.481,2000,Available
"[10751, 35, 12]",499701,Dora and the Lost City of Gold,en,Dora and the Lost City of Gold,10.3553,2019-08-08,6.618,1863,Available
"[12, 16, 35, 10751, 14]",228165,The SpongeBob Movie: Sponge Out of Water,en,The SpongeBob Movie: Sponge Out of Water,11.0196,2015-01-28,6.115,2596,Available
"[80, 53]",276907,Legend,en,Legend,10.2835,2015-09-09,7.05,4390,Available
"[27, 53, 28]",1556321,Death Whisperer: Saming the Werebeast,th,ธี่หยด: สมิงเขาขวาง,10.3523,2026-09-30,0.0,0,Available
"[10751, 14, 35, 12]",10137,Stuart Little,en,Stuart Little,9.8325,1999-12-17,6.079,4747,Available
"[18, 35]",542178,"The French Dispatch of the Liberty, Kansas Evening Sun",en,"The French Dispatch of the Liberty, Kansas Evening Sun",9.6027,2021-10-21,7.006,3082,Available
"[35, 18]",1245859,Savage House,en,Savage House,9.894,2026-06-05,6.9,36,Available
"[18, 35]",269495,No Thank You,fi,Ei kiitos,10.034,2014-01-10,4.5,15,Available
"[878, 28, 53]",929,Godzilla,en,Godzilla,10.5228,1998-05-20,5.658,4344,Available
[10751],414947,Assume Yourself,hu,Vállald önmagadat,12.2624,1975-02-20,8.5,2,Available
[37],391,A Fistful of Dollars,it,Per un pugno di dollari,10.2072,1964-09-12,7.823,4851,Available
"[28, 53]",4909,The Day of the Jackal,en,The Day of the Jackal,10.6037,1973-05-16,7.528,708,Available
"[27, 53]",13207,Friday the 13th,en,Friday the 13th,11.7051,2009-02-11,5.773,2928,Available
"[35, 14, 878]",75,Mars Attacks!,en,Mars Attacks!,10.1132,1996-12-13,6.434,6034,Available
"[37, 35, 80]",648878,Eddington,en,Eddington,10.8147,2025-07-16,6.477,937,Available
"[18, 80, 36]",261023,Black Mass,en,Black Mass,10.2894,2015-09-17,6.524,3668,Available
"[18, 53]",235271,Addicted,en,Addicted,10.3486,2014-10-10,5.923,459,Available
"[10751, 16, 878, 14, 35]",2300,Space Jam,en,Space Jam,10.707,1996-11-15,6.808,6548,Available
"[16, 35, 10749]",820067,The Quintessential Quintuplets Movie,ja,映画 五等分の花嫁,10.8832,2022-05-20,8.282,455,Available
"[27, 53]",238636,The Purge: Anarchy,en,The Purge: Anarchy,10.8825,2014-07-17,6.618,6803,Available
"[16, 10751, 10402, 14, 35, 12]",901362,Trolls Band Together,en,Trolls Band Together,10.8796,2023-10-12,7.243,1028,Available
"[18, 36]",310307,The Founder,en,The Founder,10.8564,2016-11-24,7.152,5520,Available
"[53, 80, 28]",560016,Monkey Man,en,Monkey Man,10.8528,2024-04-03,6.856,1499,Available
"[16, 35, 10751]",22794,Cloudy with a Chance of Meatballs,en,Cloudy with a Chance of Meatballs,10.8513,2009-09-17,6.666,6615,Available
"[35, 27]",184345,A Haunted House 2,en,A Haunted House 2,10.8456,2014-04-17,6.194,1629,Available
"[28, 53, 878]",20504,The Book of Eli,en,The Book of Eli,10.8424,2010-01-14,6.807,6874,Available
"[28, 53, 18]",522938,Rambo: Last Blood,en,Rambo: Last Blood,10.8418,2019-09-18,6.537,4321,Available
[27],1422096,Good Boy,en,Good Boy,10.8399,2025-10-01,6.611,726,Available
"[35, 18, 10749]",449176,"Love, Simon",en,"Love, Simon",10.8245,2018-02-16,7.961,6327,Available
"[27, 18, 53]",332567,The Shallows,en,The Shallows,10.8222,2016-06-24,6.356,5422,Available
[35],274167,Daddy's Home,en,Daddy's Home,10.8189,2015-12-25,6.295,3506,Available
"[28, 53]",117263,Olympus Has Fallen,en,Olympus Has Fallen,10.8178,2013-03-20,6.416,7196,Available
"[35, 10751, 14]",2758,Addams Family Values,en,Addams Family Values,10.8169,1993-11-19,7.0,3401,Available
"[35, 10749]",41630,No Strings Attached,en,No Strings Attached,10.8167,2011-01-21,6.296,5070,Available
[18],1476453,Kirot,tl,Kirot,10.8164,2025-09-30,5.5,2,Available
"[53, 28]",578701,Those Who Wish Me Dead,en,Those Who Wish Me Dead,10.8118,2021-05-05,6.595,1902,Available
"[18, 36]",9453,Caligula,it,Caligola,10.8098,1979-08-14,5.981,1009,Available
"[12, 35, 10751, 14]",62764,Mirror Mirror,en,Mirror Mirror,9.9012,2012-03-15,5.92,3322,Available
[],1167880,The Scandalous History of the Empress,zh,一代女皇艳史,9.6831,1987-10-10,0.0,0,Available
"[878, 27]",19483,It Came from Outer Space,en,It Came from Outer Space,9.8903,1953-06-05,6.348,257,Available
"[28, 878, 12, 53]",72559,G.I. Joe: Retaliation,en,G.I. Joe: Retaliation,10.1345,2013-03-27,5.664,5872,Available
"[35, 14, 10749]",10096,13 Going on 30,en,13 Going on 30,10.1097,2004-04-13,6.776,5657,Available
[27],521029,Annabelle Comes Home,en,Annabelle Comes Home,10.1615,2019-06-26,6.403,3922,Available
"[27, 18, 53]",1278950,The Ritual,en,The Ritual,10.1645,2025-04-18,5.92,300,Available
"[12, 28, 53]",658,Goldfinger,en,Goldfinger,10.3993,1964-09-20,7.362,4072,Available
"[53, 18, 9648]",1659155,The Truthers,es,Los creyentes,10.1494,2026-07-24,5.76,100,Available
"[18, 28, 53]",11713,Fist of Fury,zh,精武門,9.5001,1972-03-22,7.223,1110,Available
"[28, 14]",634492,Madame Web,en,Madame Web,10.2342,2024-02-14,5.276,2694,Available
[18],334543,Lion,en,Lion,11.6458,2016-11-24,8.037,7057,Available
[18],1033148,Die My Love,en,Die My Love,10.4509,2025-10-06,6.054,631,Available
"[18, 28]",1374,Rocky IV,en,Rocky IV,9.9098,1985-11-21,7.095,4954,Available
"[12, 35, 14]",762,Monty Python and the Holy Grail,en,Monty Python and the Holy Grail,10.1082,1975-04-03,7.802,6596,Available
"[28, 80, 53]",1149167,High Rollers,en,High Rollers,11.3836,2025-03-14,6.5,137,Available
"[28, 14, 27]",72331,Abraham Lincoln: Vampire Hunter,en,Abraham Lincoln: Vampire Hunter,10.2673,2012-06-20,5.773,3636,Available
"[35, 10749]",55721,Bridesmaids,en,Bridesmaids,9.6653,2011-05-13,6.508,4765,Available
"[28, 80, 53, 18]",668489,Havoc,en,Havoc,10.6314,2025-04-25,6.407,1332,Available
[18],255709,Hope,ko,소원,10.0554,2013-10-02,8.392,912,Available
"[18, 10752]",25905,The Shop on Main Street,sk,Obchod na korze,10.7407,1965-06-24,7.108,231,Available
"[10749, 18]",762975,Purple Hearts,en,Purple Hearts,10.7396,2022-07-29,8.042,2932,Available
"[10749, 18]",1312946,The Map That Leads to You,en,The Map That Leads to You,10.7384,2025-08-19,6.665,348,Available
"[28, 80, 53]",1291608,Dhurandhar,hi,धुरंधर,10.7363,2025-12-05,7.3,353,Available
"[35, 10749]",10201,Yes Man,en,Yes Man,10.7355,2008-12-09,6.693,7560,Available
"[27, 53, 80]",300669,Don't Breathe,en,Don't Breathe,10.7277,2016-06-08,7.018,8134,Available
"[12, 14, 28]",9387,Conan the Barbarian,en,Conan the Barbarian,10.726,1982-03-16,6.801,2907,Available
"[12, 14]",283366,Miss Peregrine's Home for Peculiar Children,en,Miss Peregrine's Home for Peculiar Children,10.7207,2016-09-28,6.84,10610,Available
"[28, 12, 16, 35, 10751]",274862,The Lego Ninjago Movie,en,The Lego Ninjago Movie,10.7201,2017-09-21,6.501,1206,Available
"[28, 53, 80]",943,Lethal Weapon 3,en,Lethal Weapon 3,10.7135,1992-05-15,6.726,3355,Available
"[18, 10749]",10995,The Lover,fr,L'Amant,10.7129,1992-01-22,7.0,778,Available
"[10749, 18]",1367642,Reminders of Him,en,Reminders of Him,10.711,2026-03-11,7.804,413,Available
"[10749, 35]",1291335,Solo Mio,en,Solo Mio,10.7109,2026-02-05,7.525,278,Available
"[18, 53, 10752]",2253,Valkyrie,en,Valkyrie,10.7099,2008-12-25,6.96,4200,Available
"[16, 10751, 35, 14, 10749, 12]",550205,Wish Dragon,en,Wish Dragon,10.7088,2021-01-15,7.854,1556,Available
"[80, 53]",187,Sin City,en,Sin City,10.7084,2005-04-01,7.464,9046,Available
"[18, 878, 53]",619264,The Platform,es,El hoyo,10.7056,2019-11-08,6.965,7990,Available
"[27, 878, 9648]",395992,Life,en,Life,10.7037,2017-03-22,6.462,8096,Available
"[53, 878, 18, 27]",333371,10 Cloverfield Lane,en,10 Cloverfield Lane,10.7037,2016-03-10,7.01,8906,Available
"[12, 18]",20766,The Road,en,The Road,10.7034,2009-11-25,7.023,4411,Available
"[878, 12, 28]",1979,Fantastic Four: Rise of the Silver Surfer,en,Fantastic Four: Rise of the Silver Surfer,10.2249,2007-06-13,5.635,8564,Available
"[14, 28]",8960,Hancock,en,Hancock,8.9957,2008-07-01,6.357,10458,Available
"[12, 16, 35, 10751]",11430,The Lion King 1½,en,The Lion King 1½,10.1786,2004-10-28,6.588,3203,Available
"[28, 12, 18, 53]",9619,Dante's Peak,en,Dante's Peak,9.8712,1997-02-07,6.247,2174,Available
"[27, 28, 53, 12]",581392,Peninsula,ko,반도,10.2784,2020-07-15,6.7,2658,Available
"[28, 18, 10749]",619,The Bodyguard,en,The Bodyguard,10.0801,1992-11-25,6.706,3343,Available
"[12, 35, 10751]",516729,Paddington in Peru,en,Paddington in Peru,10.4228,2024-11-08,6.81,746,Available
"[18, 9648, 53]",726209,Leave the World Behind,en,Leave the World Behind,9.5171,2023-11-22,6.376,3405,Available
"[28, 18, 53, 80]",348893,Boyka: Undisputed IV,en,Boyka: Undisputed IV,10.1788,2016-08-01,7.221,1494,Available
"[80, 18, 53]",77016,End of Watch,en,End of Watch,10.6173,2012-09-20,7.361,3761,Available
"[35, 10749]",1418582,Here the Whole Time,pt,Quinze Dias,9.6894,2026-06-18,7.318,77,Available
"[80, 18, 36]",1013601,The Alto Knights,en,The Alto Knights,9.3887,2025-03-19,6.226,466,Available
"[10751, 18]",406997,Wonder,en,Wonder,10.5826,2017-11-13,8.099,8389,Available
"[12, 14, 28]",9543,Prince of Persia: The Sands of Time,en,Prince of Persia: The Sands of Time,9.6094,2010-05-19,6.312,7315,Available
"[18, 10749]",454,Romeo + Juliet,en,Romeo + Juliet,10.8241,1996-11-01,6.779,5443,Available
[99],1205110,ANNA ASTI. Path of the Phoenix,ru,ANNA ASTI. Путь Феникса,11.6578,2023-10-20,0.0,0,Available
"[28, 80]",8292,Four Brothers,en,Four Brothers,10.0434,2005-08-11,6.807,2477,Available
"[18, 36]",7214,Coach Carter,en,Coach Carter,10.2883,2005-01-14,7.584,3390,Available
"[14, 12, 10751, 35]",974262,Descendants: The Rise of Red,en,Descendants: The Rise of Red,10.001,2024-07-11,6.742,528,Available
"[28, 53, 80]",645788,The Protégé,en,The Protégé,9.8723,2021-08-19,6.551,1185,Available
"[12, 28, 53, 878]",14869,G.I. Joe: The Rise of Cobra,en,G.I. Joe: The Rise of Cobra,9.5459,2009-08-03,5.783,5018,Available
[18],4561,The Story of O,fr,Histoire d'O,10.5329,1975-08-27,5.497,189,Available
"[27, 9648]",41446,Scream 4,en,Scream 4,10.3303,2011-04-13,6.482,4290,Available
"[27, 53, 10749]",1417285,The Stain,th,ราคี,10.3305,2026-02-26,4.7,3,Available
[18],263354,The Secret,it,Il segreto,9.7878,1990-02-16,4.0,2,Available
"[18, 35, 10749]",82693,Silver Linings Playbook,en,Silver Linings Playbook,9.8877,2012-11-16,7.154,12832,Available
"[10751, 878, 28, 35]",1094556,The Thundermans Return,en,The Thundermans Return,9.9251,2024-03-07,6.885,318,Available
"[35, 27]",273477,Scouts Guide to the Zombie Apocalypse,en,Scouts Guide to the Zombie Apocalypse,10.8813,2015-10-23,6.598,2193,Available
"[35, 10749]",9655,She's the Man,en,She's the Man,10.4156,2006-03-17,6.802,3362,Available
[35],9377,Ferris Bueller's Day Off,en,Ferris Bueller's Day Off,10.1255,1986-06-11,7.6,5552,Available
"[9648, 53, 18]",617,Wild Things,en,Wild Things,9.4221,1998-03-20,6.384,2050,Available
"[18, 10749]",9587,Little Women,en,Little Women,9.5767,1994-12-21,7.268,1370,Available
"[18, 53, 10752]",12162,The Hurt Locker,en,The Hurt Locker,9.535,2008-10-10,7.249,6352,Available
[27],437342,The First Omen,en,The First Omen,10.0594,2024-04-03,6.789,1384,Available
"[35, 10402]",254470,Pitch Perfect 2,en,Pitch Perfect 2,10.796,2015-05-07,6.84,5580,Available
"[28, 12, 53]",484641,Anna,en,Anna,10.6028,2019-06-19,6.72,3084,Available
[18],10802,Showgirls,en,Showgirls,9.3234,1995-09-22,5.562,1433,Available
"[36, 18, 12]",975511,The Return,en,The Return,9.647,2024-11-28,6.585,529,Available
"[35, 14, 27]",9374,Death Becomes Her,en,Death Becomes Her,9.9126,1992-07-30,6.78,3065,Available
"[18, 53]",552178,Dark Waters,en,Dark Waters,9.7696,2019-11-22,7.525,2609,Available
"[18, 27]",858017,I Saw the TV Glow,en,I Saw the TV Glow,9.4616,2024-05-03,6.202,789,Available
"[35, 12, 14]",1493859,Pizza Movie,en,Pizza Movie,10.715,2026-03-13,6.352,152,Available
[18],24186,The Safety of Objects,en,The Safety of Objects,4.9168,2002-10-25,6.482,57,Available
"[35, 80]",9072,Little Man,en,Little Man,10.158,2006-08-31,5.947,1951,Available
"[28, 53, 10749]",37710,The Tourist,en,The Tourist,10.4012,2010-12-08,6.188,5849,Available
"[10751, 35, 12, 16, 28]",774370,Dog Man,en,Dog Man,11.2132,2025-01-24,7.39,394,Available
"[27, 9648, 10749, 18, 53]",201085,Crimson Peak,en,Crimson Peak,10.3764,2015-10-13,6.662,5346,Available
"[28, 35, 53]",509967,6 Underground,en,6 Underground,10.4426,2019-12-10,6.33,5293,Available
[27],949423,Pearl,en,Pearl,9.7598,2022-09-16,7.2,2723,Available
"[28, 80, 18, 53]",9631,The Negotiator,en,The Negotiator,9.932,1998-07-29,7.113,2478,Available
"[12, 28, 53]",707,A View to a Kill,en,A View to a Kill,9.4269,1985-05-24,6.255,2267,Available
[18],367056,"Blow, Wind!",lv,"Pūt, vējiņi!",11.334,1973-09-01,4.0,3,Available
"[53, 878]",8645,The Happening,en,The Happening,10.1089,2008-06-11,5.409,4084,Available
"[35, 18]",937278,A Man Called Otto,en,A Man Called Otto,10.416,2022-12-28,7.747,3750,Available
"[12, 28, 14]",1735,The Mummy: Tomb of the Dragon Emperor,en,The Mummy: Tomb of the Dragon Emperor,10.3064,2008-07-01,5.521,4922,Available
"[16, 10751, 12, 14, 35]",529203,The Croods: A New Age,en,The Croods: A New Age,9.7993,2020-11-25,7.44,4232,Available
"[12, 10751, 14]",13597,Labyrinth,en,Labyrinth,9.8238,1986-06-27,7.285,2839,Available
"[28, 18, 878]",530254,The Witch: Part 1. The Subversion,ko,마녀,9.6483,2018-06-27,7.917,792,Available
"[18, 53, 80]",473033,Uncut Gems,en,Uncut Gems,10.1085,2019-08-30,7.171,5557,Available
"[10402, 36, 18, 35]",1299655,Blue Moon,en,Blue Moon,10.7199,2025-10-17,6.632,329,Available
"[14, 27, 28, 12]",456740,Hellboy,en,Hellboy,10.5389,2019-04-10,5.575,3795,Available
"[18, 35, 27]",329505,Lola's Secret,it,Il peccato di Lola,10.5383,1984-05-04,7.049,71,Available
[18],858476,Anticipation,ja,焦燥,10.534,2019-04-06,8.2,4,Available
"[10751, 35, 14, 12]",448119,Dolittle,en,Dolittle,10.5334,2020-01-02,6.571,3949,Available
"[28, 53, 80]",2019,Hard Target,en,Hard Target,10.5312,1993-04-27,6.512,1385,Available
"[16, 12, 28, 10751, 14]",560057,The Sea Beast,en,The Sea Beast,10.5294,2022-06-24,7.33,1770,Available
"[878, 28, 12]",1452,Superman Returns,en,Superman Returns,10.5205,2006-06-28,5.823,4692,Available
[18],11321,Seven Pounds,en,Seven Pounds,10.5192,2008-12-18,7.6,7377,Available
[99],1599192,KEIN FREUND - KEIN HELFER: Lorenz & die Einzelfälle,de,KEIN FREUND - KEIN HELFER: Lorenz & die Einzelfälle,10.5188,2026-04-20,0.0,0,Available
"[53, 28]",1005331,Carry-On,en,Carry-On,10.5186,2024-12-05,6.877,2904,Available
[99],1584072,Vocation,en,Vocation,10.5147,2013-01-01,0.0,0,Available
"[35, 28]",10661,You Don't Mess with the Zohan,en,You Don't Mess with the Zohan,10.5079,2008-06-05,5.721,4167,Available
"[53, 28, 18, 10752]",8963,Crimson Tide,en,Crimson Tide,10.5069,1995-05-12,7.185,2063,Available
"[53, 12, 28]",80785,Amazon Jail,pt,Curral de Mulheres,10.5064,1982-01-01,4.352,27,Available
"[18, 10749]",12163,The Wrestler,en,The Wrestler,10.4938,2008-12-17,7.545,4126,Available
"[18, 10749, 14]",24420,The Time Traveler's Wife,en,The Time Traveler's Wife,10.4919,2009-08-14,6.953,2774,Available
[],487339,"Adyós, General",pt,"Adyós, General",10.4897,1986-01-01,0.0,0,Available
"[28, 53]",423204,Angel Has Fallen,en,Angel Has Fallen,10.4892,2019-08-21,6.612,3963,Available
"[12, 28, 35]",9486,Johnny English,en,Johnny English,10.4851,2003-03-14,6.3,3912,Available
"[27, 53]",13510,Eden Lake,en,Eden Lake,9.7684,2008-09-12,6.828,2182,Available
"[35, 18, 10749]",4564,Sex and the City,en,Sex and the City,10.3952,2008-05-12,6.542,2314,Available
"[28, 878, 12, 35, 10751]",88751,Journey to the Center of the Earth,en,Journey to the Center of the Earth,10.9208,2008-07-10,6.098,5282,Available
[18],371893,The Classic,ku,El Clásico,11.4898,2015-10-17,4.5,5,Available
"[28, 53]",1571,Live Free or Die Hard,en,Live Free or Die Hard,9.897,2007-06-20,6.643,6501,Available
"[35, 80, 18]",2322,Sneakers,en,Sneakers,10.7607,1992-09-09,6.9,1096,Available
[10749],1461238,Deep in My Heart,cn,長相憶,9.7376,1967-12-10,0.0,0,Available
"[27, 53]",630586,Wrong Turn,en,Wrong Turn,10.2938,2021-01-26,5.956,1380,Available
"[18, 10749]",1135873,GGS - Ganteng-Ganteng Sange,id,GGS - Ganteng-Ganteng Sange,9.5737,2023-05-28,6.1,7,Available
[35],193893,Let's Be Cops,en,Let's Be Cops,9.9232,2014-08-13,6.466,3033,Available
"[10751, 35]",11674,101 Dalmatians,en,101 Dalmatians,10.5519,1996-11-27,5.947,3717,Available
"[878, 18]",840,Close Encounters of the Third Kind,en,Close Encounters of the Third Kind,9.9366,1977-12-14,7.358,4831,Available
"[80, 53, 18]",97698,Raping!,ja,暴る！,9.8479,1978-11-18,4.9,7,Available
"[28, 12, 37]",1411773,The Last Stand of Ellen Cole,en,The Last Stand of Ellen Cole,9.4292,2024-10-18,8.287,75,Available
"[14, 28, 53]",277,Underworld,en,Underworld,9.6954,2003-09-19,6.858,6772,Available
"[28, 12, 9648]",6637,National Treasure: Book of Secrets,en,National Treasure: Book of Secrets,10.0326,2007-12-19,6.383,5668,Available
"[28, 12, 80, 53]",257088,Point Break,en,Point Break,10.032,2015-12-03,5.952,2484,Available
"[18, 28]",1367,Rocky II,en,Rocky II,9.9965,1979-06-15,7.3,4951,Available
"[18, 10752, 27, 36]",25237,Come and See,ru,Иди и смотри,9.5575,1985-10-17,8.2,1947,Available
"[28, 18, 53]",9798,Enemy of the State,en,Enemy of the State,9.2833,1998-11-20,7.08,4411,Available
"[18, 878]",1553969,Sheep in the Box,ja,箱の中の羊,9.4498,2026-05-29,6.5,19,Available
"[14, 18]",842924,The Life of Chuck,en,The Life of Chuck,9.1081,2025-06-02,7.283,1278,Available
"[16, 10751]",11360,Dumbo,en,Dumbo,9.5643,1941-10-31,6.992,5382,Available
"[28, 12, 18]",290595,The Huntsman: Winter's War,en,The Huntsman: Winter's War,11.2578,2016-04-06,6.295,5120,Available
[27],4488,Friday the 13th,en,Friday the 13th,10.2107,1980-05-09,6.401,3443,Available
"[27, 9648]",397243,The Autopsy of Jane Doe,en,The Autopsy of Jane Doe,10.3071,2016-12-21,6.843,4871,Available
"[53, 18]",884,Crash,en,Crash,9.9664,1996-07-17,6.5,1423,Available
"[16, 10751]",77950,Turbo,en,Turbo,9.9693,2013-07-11,6.3,3779,Available
"[16, 878, 53]",4977,Paprika,ja,パプリカ,9.8813,2006-10-01,7.812,2974,Available
"[28, 80, 53]",26389,From Paris with Love,en,From Paris with Love,10.2336,2010-02-04,6.467,2445,Available
"[12, 14, 18]",58595,Snow White and the Huntsman,en,Snow White and the Huntsman,8.4346,2012-05-30,5.983,8355,Available
[27],1400837,Other Mommy,en,Other Mommy,11.0437,2026-10-07,0.0,0,Available
"[53, 18, 9648, 10749, 36]",2057,Original Sin,en,Original Sin,11.1515,2001-05-08,6.135,923,Available
"[14, 18]",7980,The Lovely Bones,en,The Lovely Bones,9.9174,2009-12-26,7.057,5059,Available
"[28, 12, 37]",57201,The Lone Ranger,en,The Lone Ranger,9.455,2013-07-03,6.13,6269,Available
"[12, 16, 35, 10751]",1384758,Ice Age: Boiling Point,en,Ice Age: Boiling Point,9.7371,2027-02-03,0.0,0,Available
"[16, 10751, 12, 35]",1146058,The Pout-Pout Fish,en,The Pout-Pout Fish,9.8568,2026-01-01,5.2,16,Available
"[28, 10749, 80]",11220,Fallen Angels,cn,墮落天使,9.6029,1995-09-06,7.7,1362,Available
"[18, 36, 80]",3131,Gangs of New York,en,Gangs of New York,9.8681,2002-12-14,7.317,7404,Available
"[16, 10751, 12, 14, 878]",877269,Strange World,en,Strange World,9.6893,2022-11-23,6.216,1462,Available
"[12, 18]",407436,Mowgli: Legend of the Jungle,en,Mowgli: Legend of the Jungle,9.4641,2018-11-25,6.472,2643,Available
[35],4257,Scary Movie 4,en,Scary Movie 4,10.474,2006-04-12,5.497,3729,Available
"[27, 53]",1010755,The Strangers: Chapter 3,en,The Strangers: Chapter 3,10.5581,2026-02-05,5.876,283,Available
"[28, 80, 53]",241554,Run All Night,en,Run All Night,10.0996,2015-03-11,6.439,3038,Available
"[35, 18, 10749]",8488,Hitch,en,Hitch,9.0118,2005-02-11,6.582,6363,Available
"[18, 35]",674324,The Banshees of Inisherin,en,The Banshees of Inisherin,10.5527,2022-10-20,7.463,3527,Available
"[10749, 35]",544,There's Something About Mary,en,There's Something About Mary,9.292,1998-07-15,6.636,5497,Available
"[27, 9648]",508642,Gonjiam: Haunted Asylum,ko,곤지암,9.3189,2018-03-28,7.3,995,Available
"[10749, 35]",9767,The Break-Up,en,The Break-Up,10.2787,2006-06-01,5.902,2898,Available
[18],617569,Youngest Aunt,ko,막내 이모,6.8043,2019-07-18,8.5,2,Available
"[12, 16, 10751, 10749]",10530,Pocahontas,en,Pocahontas,8.9425,1995-06-16,6.913,6189,Available
[35],497036,Les Grecs,fr,Les Grecs,12.8569,2006-04-21,0.0,0,Available
"[18, 36, 10752]",467244,The Zone of Interest,en,The Zone of Interest,9.5656,2023-12-15,7.011,2740,Available
"[28, 53]",9208,Broken Arrow,en,Broken Arrow,10.8151,1996-02-09,6.068,1733,Available
"[27, 878, 28, 12]",443791,Underwater,en,Underwater,10.2254,2020-01-08,6.3,3599,Available
"[10751, 35, 12, 16, 878]",379686,Space Jam: A New Legacy,en,Space Jam: A New Legacy,10.2245,2021-07-08,6.621,4284,Available
"[16, 10751, 12, 35]",7484,Open Season,en,Open Season,9.5217,2006-09-27,6.191,3072,Available
"[53, 28, 80, 18]",9594,Double Impact,en,Double Impact,9.6062,1991-07-31,6.226,1250,Available
"[18, 37, 36, 12]",384680,Hostiles,en,Hostiles,9.9341,2017-12-22,6.953,2577,Available
"[12, 18, 35]",1878,Fear and Loathing in Las Vegas,en,Fear and Loathing in Las Vegas,10.3249,1998-05-22,7.201,5164,Available
"[27, 9648]",619778,Malignant,en,Malignant,9.3774,2021-09-01,6.751,2731,Available
"[14, 12, 28]",57165,Wrath of the Titans,en,Wrath of the Titans,10.037,2012-03-28,5.773,4598,Available
"[28, 878, 53]",9383,Hollow Man,en,Hollow Man,9.7544,2000-08-04,5.978,2918,Available
[35],87428,That's My Boy,en,That's My Boy,9.8575,2012-06-14,5.8,2196,Available
"[53, 12, 16, 35, 14, 878]",340357,April and the Extraordinary World,fr,Avril et le monde truqué,7.7436,2015-11-04,7.066,365,Available
"[18, 10749]",8055,The Reader,en,The Reader,10.3925,2008-12-10,7.462,3467,Available
"[18, 36, 10752]",387,Das Boot,de,Das Boot,10.6719,1981-09-17,8.083,2625,Available
"[10749, 18, 35]",200727,"Love, Rosie",en,"Love, Rosie",10.8286,2014-10-16,7.812,6560,Available
"[27, 53]",616820,Halloween Ends,en,Halloween Ends,9.4532,2022-10-12,6.02,2080,Available
"[99, 10770, 36]",384261,Operación Palace,es,Operación Palace,6.9673,2014-02-23,6.2,5,Available
"[14, 16, 10751]",51739,The Secret World of Arrietty,ja,借りぐらしのアリエッティ,8.9789,2010-07-16,7.678,3266,Available
"[28, 80, 12, 53]",146198,Triple 9,en,Triple 9,7.7764,2016-02-19,5.977,2336,Available
"[9648, 53, 80]",793,Blue Velvet,en,Blue Velvet,9.4029,1986-09-19,7.609,3939,Available
"[10402, 18]",799766,Better Man,en,Better Man,9.2739,2024-12-06,7.617,917,Available
"[53, 878, 28, 12]",869,Planet of the Apes,en,Planet of the Apes,10.1917,2001-07-26,5.779,4540,Available
"[12, 28, 53]",36643,The World Is Not Enough,en,The World Is Not Enough,9.2632,1999-11-17,6.288,3362,Available
"[18, 878]",21259,Testament,en,Testament,5.9258,1983-11-04,6.4,144,Available
"[16, 28, 14]",810693,Jujutsu Kaisen 0,ja,劇場版 呪術廻戦 0,9.5831,2021-12-24,8.101,1833,Available
[27],663712,Terrifier 2,en,Terrifier 2,10.7995,2022-10-06,6.658,2573,Available
"[10749, 18]",4478,Indecent Proposal,en,Indecent Proposal,10.5752,1993-04-07,6.41,1664,Available
"[18, 36]",6844,The Ten Commandments,en,The Ten Commandments,9.5804,1956-10-05,7.794,1927,Available
"[10749, 18]",1128879,Mil Kilómetros,es,Mil Kilómetros,7.0823,,0.0,0,Unknown
"[18, 80, 53]",401469,Widows,en,Widows,9.2897,2018-11-06,6.477,2534,Available
[99],899082,Harry Potter 20th Anniversary: Return to Hogwarts,en,Harry Potter 20th Anniversary: Return to Hogwarts,8.8434,2022-01-01,7.308,3565,Available
"[35, 878, 28]",9397,Evolution,en,Evolution,8.5028,2001-06-08,6.118,2580,Available
"[28, 12, 35]",458897,Charlie's Angels,en,Charlie's Angels,9.2511,2019-11-14,6.362,3204,Available
"[18, 53]",9008,The Insider,en,The Insider,8.3817,1999-10-28,7.463,2144,Available
"[28, 35, 53]",507241,The Killer's Game,en,The Killer's Game,9.8168,2024-09-12,6.429,593,Available
"[35, 10749]",232672,Blended,en,Blended,9.1115,2014-05-21,6.897,3885,Available
"[28, 9648, 53]",9268,Eraser,en,Eraser,10.2442,1996-06-21,6.102,2113,Available
[35],9472,DodgeBall: A True Underdog Story,en,DodgeBall: A True Underdog Story,9.355,2004-06-18,6.367,3952,Available
"[28, 80, 53]",9874,Cobra,en,Cobra,9.3514,1986-05-22,6.164,2026,Available
"[18, 10402]",786,Almost Famous,en,Almost Famous,9.2898,2000-09-15,7.504,3218,Available
"[35, 10749]",1597,Meet the Parents,en,Meet the Parents,9.9253,2000-10-06,6.7,6546,Available
"[27, 14]",501170,Doctor Sleep,en,Doctor Sleep,10.276,2019-10-30,7.145,5036,Available
"[80, 18, 53]",184,Jackie Brown,en,Jackie Brown,8.811,1997-12-25,7.358,7105,Available
"[35, 14, 10751]",35019,Nanny McPhee and the Big Bang,en,Nanny McPhee and the Big Bang,9.0734,2010-03-26,6.328,1990,Available
"[16, 10751, 14, 12]",9444,Anastasia,en,Anastasia,10.361,1997-11-20,7.604,5689,Available
"[12, 14, 18]",14784,The Fall,en,The Fall,10.0047,2006-09-09,7.628,1604,Available
"[28, 12, 53]",22832,Ninja Assassin,en,Ninja Assassin,10.1447,2009-09-29,6.748,1863,Available
"[28, 53]",59961,Safe House,en,Safe House,9.2428,2012-02-08,6.491,4017,Available
"[16, 10751]",45772,Gnomeo & Juliet,en,Gnomeo & Juliet,10.1741,2011-01-13,5.903,2115,Available
"[53, 18, 80]",1900,Traffic,en,Traffic,9.4075,2000-12-27,7.088,2493,Available
"[12, 28, 53]",660,Thunderball,en,Thunderball,9.2131,1965-12-11,6.669,2714,Available
"[28, 35]",109414,This Is the End,en,This Is the End,9.4766,2013-06-12,6.232,7013,Available
"[53, 878, 27]",570670,The Invisible Man,en,The Invisible Man,9.5494,2020-02-26,7.086,6439,Available
"[28, 18, 878, 53]",6950,Outbreak,en,Outbreak,9.8647,1995-03-10,6.585,2574,Available
[18],393850,Senza vergogna,it,Senza vergogna,9.143,1986-03-19,4.75,14,Available
"[18, 10749]",4584,Sense and Sensibility,en,Sense and Sensibility,9.8264,1995-12-13,7.416,1885,Available
"[18, 10749]",341174,Fifty Shades Darker,en,Fifty Shades Darker,10.1661,2017-02-08,6.47,8003,Available
"[14, 35, 10751]",2698,Evan Almighty,en,Evan Almighty,9.8827,2007-06-09,5.588,4651,Available
"[35, 18, 10751, 10749]",11130,The Princess Diaries 2: Royal Engagement,en,The Princess Diaries 2: Royal Engagement,9.3013,2004-08-06,6.716,3465,Available
"[53, 80, 9648]",9437,Kiss the Girls,en,Kiss the Girls,9.8511,1997-09-29,6.544,1952,Available
"[18, 53, 10752]",7445,Brothers,en,Brothers,9.2496,2009-12-02,7.315,4025,Available
"[99, 10402]",1447853,Oasis: Don't Look Back in Anger,en,Oasis: Don't Look Back in Anger,11.1804,2026-09-09,7.0,3,Available
"[14, 28]",11253,Hellboy II: The Golden Army,en,Hellboy II: The Golden Army,8.9109,2008-07-11,6.769,5736,Available
"[28, 12, 878]",305470,Power Rangers,en,Power Rangers,10.3919,2017-03-23,6.245,4719,Available
"[14, 53, 28, 80]",47327,Drive Angry,en,Drive Angry,9.4703,2011-02-24,5.547,2108,Available
"[16, 28, 878, 18]",283566,Evangelion: 3.0+1.0 Thrice Upon a Time,ja,シン・エヴァンゲリオン劇場版:||,9.5469,2021-03-08,8.219,989,Available
"[80, 18, 53]",597208,Nightmare Alley,en,Nightmare Alley,9.5513,2021-12-02,6.94,3482,Available
"[28, 35, 10752]",9595,Hot Shots!,en,Hot Shots!,9.3099,1991-07-31,6.587,2537,Available
[18],60308,Moneyball,en,Moneyball,9.5858,2011-09-23,7.299,5972,Available
"[80, 18, 9648, 53]",169917,A Walk Among the Tombstones,en,A Walk Among the Tombstones,10.1379,2014-09-18,6.339,3090,Available
"[80, 28, 35]",58233,Johnny English Reborn,en,Johnny English Reborn,9.0035,2011-09-15,6.248,3666,Available
"[18, 36, 10752]",613,Downfall,de,Der Untergang,9.2726,2004-09-16,7.864,4440,Available
"[35, 12]",11153,National Lampoon's Vacation,en,National Lampoon's Vacation,9.7597,1983-07-29,7.108,1801,Available
"[35, 14]",16996,17 Again,en,17 Again,9.8686,2009-03-11,6.319,5516,Available
"[28, 53, 878]",8810,Mad Max 2,en,Mad Max 2,9.4372,1981-12-24,7.392,4301,Available
"[16, 10751, 14, 35]",1040148,"Ruby Gillman, Teenage Kraken",en,"Ruby Gillman, Teenage Kraken",9.4068,2023-06-28,7.143,1138,Available
"[18, 10749, 10752]",409,The English Patient,en,The English Patient,11.2103,1996-11-14,7.131,2458,Available
"[16, 10751, 35]",109451,Cloudy with a Chance of Meatballs 2,en,Cloudy with a Chance of Meatballs 2,10.1115,2013-09-26,6.454,3568,Available
"[27, 14, 35]",1153714,Death of a Unicorn,en,Death of a Unicorn,9.2329,2025-03-17,6.386,904,Available
"[35, 10751, 10402]",1584,The School of Rock,en,The School of Rock,9.8072,2003-10-03,7.089,6358,Available
"[28, 35, 14]",899112,Violent Night,en,Violent Night,10.256,2022-11-30,7.213,2625,Available
"[35, 878]",85877,The 33D Invader,cn,蜜桃成熟時33D,10.9031,2011-10-06,5.606,33,Available
"[18, 28]",1686940,GCW: One Night Only 2026 (Philadelphia),en,GCW: One Night Only 2026 (Philadelphia),8.2252,2026-05-02,7.0,1,Available
"[12, 878, 28]",339964,Valerian and the City of a Thousand Planets,en,Valerian and the City of a Thousand Planets,9.9403,2017-07-19,6.654,8201,Available
"[18, 878]",19,Metropolis,de,Metropolis,9.9267,1927-01-10,8.085,3188,Available
"[878, 28, 12]",8536,Superman II,en,Superman II,9.3775,1980-12-04,6.761,2604,Available
"[28, 80, 18, 53]",136797,Need for Speed,en,Need for Speed,9.4951,2014-03-12,6.451,4812,Available
"[53, 27]",328688,Orang Minyak,ms,Orang Minyak,12.4107,2007-11-15,0.0,0,Available
[99],262024,Arabian Coffee,es,Coffea arábiga,9.5834,1968-01-01,5.25,8,Available
"[28, 18, 53]",634528,The Marksman,en,The Marksman,8.9359,2021-01-15,6.768,1771,Available
"[18, 35]",4370,The Lady Banker,fr,La Banquière,9.1624,1980-08-27,5.349,43,Available
"[18, 80]",97367,The Place Beyond the Pines,en,The Place Beyond the Pines,9.2023,2013-03-20,6.981,5309,Available
"[28, 53, 80]",9257,S.W.A.T.,en,S.W.A.T.,8.8499,2003-08-08,6.16,2782,Available
"[18, 9648, 53, 80]",11560,High Crimes,en,High Crimes,9.9632,2002-04-05,6.337,909,Available
"[27, 10749, 18]",791177,Bones and All,en,Bones and All,9.5387,2022-11-18,6.985,1694,Available
"[878, 28, 12, 35, 10751]",1498,Teenage Mutant Ninja Turtles,en,Teenage Mutant Ninja Turtles,8.7067,1990-03-30,6.704,2015,Available
"[35, 10402, 10749]",114150,Pitch Perfect,en,Pitch Perfect,9.1178,2012-09-28,7.265,6983,Available
"[80, 18, 53]",1645,A Time to Kill,en,A Time to Kill,9.0815,1996-07-24,7.4,3078,Available
[18],627725,The Banker,en,The Banker,9.8006,2020-03-06,7.625,1150,Available
"[80, 99]",1132687,Devil in the Ozarks,en,Devil in the Ozarks,3.9644,2023-05-17,6.7,3,Available
"[28, 18, 36]",11645,Ran,ja,乱,8.7254,1985-06-01,8.016,1900,Available
"[14, 10751, 35, 16]",77931,The Smurfs 2,en,The Smurfs 2,9.6685,2013-07-30,5.747,2411,Available
"[35, 18, 10749]",529301,Jigsaw Puzzle,bg,Пъзел,9.4218,2012-10-05,0.0,0,Available
"[10749, 18]",43949,Flipped,en,Flipped,9.5837,2010-08-06,8.016,3403,Available
"[53, 80, 18]",582014,Promising Young Woman,en,Promising Young Woman,10.0763,2020-12-13,7.37,3829,Available
"[28, 27, 53]",602223,The Forever Purge,en,The Forever Purge,10.037,2021-06-30,6.855,2729,Available
"[35, 10749]",27594,The Best Man,en,The Best Man,10.0363,2005-07-09,5.412,78,Available
"[18, 9648, 80]",37257,Witness for the Prosecution,en,Witness for the Prosecution,10.033,1957-12-17,8.2,1759,Available
"[14, 12, 28]",27022,The Sorcerer's Apprentice,en,The Sorcerer's Apprentice,10.032,2010-07-13,6.144,5373,Available
"[80, 53, 18, 9648]",9481,The Bone Collector,en,The Bone Collector,10.0296,1999-11-04,6.793,3988,Available
"[12, 28, 14]",1995,Lara Croft: Tomb Raider,en,Lara Croft: Tomb Raider,10.0286,2001-06-15,5.916,6659,Available
"[16, 14, 12, 18]",555604,Guillermo del Toro's Pinocchio,en,Guillermo del Toro's Pinocchio,10.0226,2022-11-09,7.996,3450,Available
"[12, 10751, 18]",481848,The Call of the Wild,en,The Call of the Wild,10.0207,2020-02-19,7.507,4008,Available
[35],9352,EuroTrip,en,EuroTrip,10.0207,2004-02-20,6.625,3084,Available
"[12, 14, 28]",18823,Clash of the Titans,en,Clash of the Titans,10.0192,2010-03-26,5.923,6830,Available
"[80, 18, 53]",6075,Carlito's Way,en,Carlito's Way,10.0188,1993-11-10,7.827,3572,Available
"[35, 18, 14, 10749]",9889,Shallow Hal,en,Shallow Hal,10.0179,2001-11-01,6.18,3250,Available
"[27, 53, 9648]",1083433,I Know What You Did Last Summer,en,I Know What You Did Last Summer,10.0152,2025-07-16,5.629,863,Available
"[28, 12, 80, 9648, 53]",34813,The Losers,en,The Losers,10.011,2010-04-23,6.261,2046,Available
"[28, 27, 878]",8914,Deep Blue Sea,en,Deep Blue Sea,10.0093,1999-07-28,5.997,2733,Available
"[12, 14, 18]",587,Big Fish,en,Big Fish,10.0025,2003-12-10,7.745,7931,Available
"[28, 878, 53, 27]",440,Aliens vs Predator: Requiem,en,Aliens vs Predator: Requiem,9.9992,2007-12-25,5.157,3428,Available
"[12, 28, 18]",2119,Days of Thunder,en,Days of Thunder,9.9942,1990-06-27,6.4,1788,Available
"[12, 16, 35, 10751]",533,Wallace & Gromit: The Curse of the Were-Rabbit,en,Wallace & Gromit: The Curse of the Were-Rabbit,9.9909,2005-09-15,7.138,3173,Available
"[28, 12, 878]",8247,Jumper,en,Jumper,14.5279,2008-02-13,6.172,6409,Available
"[10751, 35, 12, 16, 878]",870360,The Day the Earth Blew Up: A Looney Tunes Movie,en,The Day the Earth Blew Up: A Looney Tunes Movie,9.7255,2024-08-01,7.563,238,Available
"[12, 35, 878]",39513,Paul,en,Paul,9.9619,2011-02-14,6.747,6459,Available
"[10749, 18, 35]",323260,The Gigolo,cn,鴨王,9.1591,2015-01-29,5.411,45,Available
"[16, 35, 10751, 878, 12]",1267,Meet the Robinsons,en,Meet the Robinsons,10.5732,2007-03-23,6.946,3225,Available
"[80, 9648, 53]",829,Chinatown,en,Chinatown,9.3739,1974-06-20,7.905,4388,Available
"[27, 53]",256274,"As Above, So Below",en,"As Above, So Below",9.4492,2014-08-14,6.756,3973,Available
"[53, 80, 9648]",10398,Double Jeopardy,en,Double Jeopardy,8.6168,1999-09-24,6.638,1548,Available
"[28, 12, 35, 10751, 878]",308531,Teenage Mutant Ninja Turtles: Out of the Shadows,en,Teenage Mutant Ninja Turtles: Out of the Shadows,9.5583,2016-05-30,6.063,3876,Available
"[35, 18]",1013850,A Real Pain,en,A Real Pain,9.3946,2024-11-01,6.787,1511,Available
"[28, 80, 53, 18]",10428,Hackers,en,Hackers,9.2928,1995-09-14,6.382,1540,Available
"[28, 18, 53]",117251,White House Down,en,White House Down,8.761,2013-06-27,6.465,5216,Available
"[878, 12, 53]",9341,The Core,en,The Core,9.6585,2003-03-28,5.844,2242,Available
"[53, 18]",972533,Last Breath,en,Last Breath,9.8639,2025-02-24,6.873,696,Available
"[12, 28, 35, 53]",10159,The Rundown,en,The Rundown,8.599,2003-09-26,6.448,2235,Available
"[28, 12, 35]",463272,Johnny English Strikes Again,en,Johnny English Strikes Again,9.7668,2018-08-30,6.286,2837,Available
"[14, 18, 35]",2280,Big,en,Big,8.7272,1988-06-03,7.191,4158,Available
"[35, 80]",936,The Pink Panther,en,The Pink Panther,8.9211,1963-12-18,6.844,1220,Available
"[35, 878]",68,Brazil,en,Brazil,8.6631,1985-02-20,7.659,3817,Available
"[35, 10749, 18]",639,When Harry Met Sally...,en,When Harry Met Sally...,8.2767,1989-07-12,7.406,4733,Available
[18],349092,Lewd Family: Stepmother's Bedroom,ja,いんらん家族　義母の寝室,9.1522,1991-01-12,3.4,5,Available
"[99, 18]",549765,Friendship of Men,de,Männerfreundschaften,10.8322,2018-12-13,4.333,3,Available
[35],100042,Dumb and Dumber To,en,Dumb and Dumber To,9.409,2014-11-12,5.56,3494,Available
"[28, 53]",1562642,Ghost Soldier,en,Ghost Soldier,9.8478,2026-11-04,0.0,0,Available
"[18, 36]",964980,Air,en,Air,8.9871,2023-04-05,7.275,2425,Available
"[10749, 18, 10751]",14624,The Ultimate Gift,en,The Ultimate Gift,10.4507,2007-03-09,7.713,548,Available
"[18, 53]",1314786,Agent Zeta,es,Zeta,10.2006,2026-03-20,6.677,184,Available
"[27, 53]",4513,30 Days of Night,en,30 Days of Night,9.0585,2007-10-17,6.438,3164,Available
"[18, 28]",296524,Deepwater Horizon,en,Deepwater Horizon,9.1429,2016-09-28,6.902,5029,Available
"[16, 10751, 14]",228326,The Book of Life,en,The Book of Life,9.2145,2014-10-01,7.534,3007,Available
"[28, 80, 18, 53]",1266,Street Kings,en,Street Kings,9.7512,2008-04-10,6.666,1802,Available
"[27, 9648]",1404791,Dollhouse,ja,ドールハウス,8.9245,2025-06-13,7.67,138,Available
"[18, 10749]",19173,Diary of a Nymphomaniac,es,Diario de una ninfómana,9.3525,2008-10-17,5.647,371,Available
"[28, 53]",6623,The Peacemaker,en,The Peacemaker,8.5663,1997-09-26,6.055,1156,Available
"[27, 9648]",55779,Final Destination 5,en,Final Destination 5,9.9932,2011-08-12,6.157,4220,Available
"[28, 12]",990140,Sakra,cn,天龍八部之喬峰傳,8.9831,2023-01-16,6.5,204,Available
"[53, 80, 18]",1213,The Talented Mr. Ripley,en,The Talented Mr. Ripley,8.5431,1999-12-25,7.197,4279,Available
"[28, 18, 53]",104,Run Lola Run,de,Lola rennt,9.6789,1998-08-20,7.305,2649,Available
"[18, 10749, 35]",37247,The Graduate,en,The Graduate,9.4405,1967-12-21,7.632,3795,Available
"[35, 10751, 10749]",11247,A Cinderella Story,en,A Cinderella Story,9.3648,2004-07-16,6.595,3435,Available
[99],734724,The Last Scene,es,Escena final,13.4437,2019-03-13,0.0,0,Available
[27],250546,Annabelle,en,Annabelle,9.11,2014-10-01,5.791,6649,Available
"[35, 27, 878]",9362,Tremors,en,Tremors,8.852,1990-01-19,6.947,3685,Available
[99],417555,Intolerância.doc,pt,Intolerância.doc,11.6508,2016-10-06,6.0,4,Available
[35],1589248,"My Best Friend, His Girlfriend and Me",de,"Mein bester Freund, seine Freundin und ich",9.5218,2026-08-14,6.154,39,Available
"[28, 80, 53]",9705,Swordfish,en,Swordfish,9.2432,2001-06-08,6.266,3049,Available
"[28, 53, 80]",11782,Hard Boiled,cn,辣手神探,9.0373,1992-04-16,7.521,980,Available
"[18, 10749]",713,The Piano,en,The Piano,8.6511,1993-05-18,7.372,1685,Available
"[28, 14, 53]",23629,Sucker Punch,en,Sucker Punch,9.7369,2011-03-24,6.205,5219,Available
"[10402, 35, 80]",525,The Blues Brothers,en,The Blues Brothers,9.2488,1980-06-16,7.716,4662,Available
"[35, 10751]",14306,Marley & Me,en,Marley & Me,9.8162,2008-12-25,7.173,4870,Available
"[18, 10751, 80]",683420,Border Pursuit,zh,Border Pursuit,7.0666,2019-01-01,0.0,0,Available
"[28, 14, 27]",22894,Legion,en,Legion,8.9549,2010-01-21,5.909,2952,Available
"[53, 18]",227700,Anna,en,Anna,9.5671,2013-10-13,6.462,733,Available
[18],334541,Manchester by the Sea,en,Manchester by the Sea,8.6462,2016-11-17,7.549,6555,Available
"[18, 80, 53, 9648]",12493,High and Low,ja,天国と地獄,9.568,1963-03-01,8.38,1189,Available
"[878, 18, 53]",76726,Chronicle,en,Chronicle,9.2005,2012-02-01,6.867,5919,Available
"[36, 18]",369972,First Man,en,First Man,8.1873,2018-10-10,7.039,5792,Available
"[18, 53, 9648]",399057,The Killing of a Sacred Deer,en,The Killing of a Sacred Deer,9.3388,2017-10-20,7.002,4565,Available
[18],853670,A Boy Like That,en,A Boy Like That,9.2373,2021-04-30,4.0,5,Available
"[35, 878, 12]",926,Galaxy Quest,en,Galaxy Quest,9.4121,1999-12-25,7.1,2632,Available
[35],587158,Stepdaddy,en,Stepdaddy,9.2327,2019-03-09,0.0,0,Available
"[28, 12]",568620,Snake Eyes: G.I. Joe Origins,en,Snake Eyes: G.I. Joe Origins,9.189,2021-07-22,6.424,1767,Available
"[35, 10751, 14]",10719,Elf,en,Elf,9.5363,2003-11-07,6.667,4672,Available
"[14, 27, 28]",60304,Hansel & Gretel: Witch Hunters,en,Hansel & Gretel: Witch Hunters,9.5648,2013-01-17,6.111,7219,Available
"[18, 9648, 35]",171274,Inherent Vice,en,Inherent Vice,9.2275,2014-12-12,6.543,2787,Available
"[10749, 18]",527641,Five Feet Apart,en,Five Feet Apart,8.615,2019-03-14,8.213,5981,Available
"[10749, 18]",93685,Swingers,nl,Swingers,9.3393,2002-10-01,5.938,81,Available
"[53, 28, 878]",9349,Universal Soldier,en,Universal Soldier,9.2356,1992-07-10,6.351,1989,Available
"[28, 53, 878]",1103,Escape from New York,en,Escape from New York,9.0638,1981-05-23,7.045,3635,Available
"[18, 27, 9648, 53]",63311,The Skin I Live In,es,La piel que habito,9.2066,2011-08-17,7.478,4731,Available
"[28, 12, 878]",777443,The Electric State,en,The Electric State,9.563,2025-02-24,6.468,1792,Available
"[12, 18, 14]",559907,The Green Knight,en,The Green Knight,9.2613,2021-07-29,6.591,2290,Available
"[10749, 35, 18]",138697,Don Jon,en,Don Jon,9.0036,2013-09-12,6.019,4669,Available
"[28, 35, 10749]",868759,Ghosted,en,Ghosted,9.4238,2023-04-18,6.872,2268,Available
"[35, 27]",1462861,Spider Island,en,Spider Island,8.187,2026-08-28,5.4,14,Available
"[35, 18, 10749]",7326,Juno,en,Juno,9.0727,2007-12-05,7.064,7802,Available
"[12, 28, 53]",682,The Man with the Golden Gun,en,The Man with the Golden Gun,8.3833,1974-12-04,6.46,2347,Available
"[28, 53, 12]",667,You Only Live Twice,en,You Only Live Twice,8.8755,1967-06-13,6.589,2556,Available
"[35, 10751, 28]",10022,The Pacifier,en,The Pacifier,10.0782,2005-03-04,6.076,3321,Available
[35],12133,Step Brothers,en,Step Brothers,8.4613,2008-07-25,6.557,3504,Available
"[12, 16, 35, 10751, 14]",1280282,Gabby's Dollhouse: The Movie,en,Gabby's Dollhouse: The Movie,9.5777,2025-09-13,6.6,95,Available
[18],1442976,Exposed,en,Exposed,9.2395,2024-12-25,6.0,1,Available
"[28, 878, 53]",1738,Next,en,Next,9.2957,2007-04-25,6.14,3377,Available
"[18, 53, 9648]",4176,Murder on the Orient Express,en,Murder on the Orient Express,8.718,1974-11-22,7.147,1619,Available
"[53, 28, 18, 80]",763285,Ambulance,en,Ambulance,9.8283,2022-03-16,6.627,2538,Available
[35],9614,Happy Gilmore,en,Happy Gilmore,9.6229,1996-02-16,6.677,3453,Available
"[35, 12, 10751]",116149,Paddington,en,Paddington,9.9889,2014-11-24,7.125,4343,Available
"[28, 14, 35]",43074,Ghostbusters,en,Ghostbusters,10.1138,2016-07-14,5.343,6892,Available
"[18, 9648, 10749]",682507,Where the Crawdads Sing,en,Where the Crawdads Sing,9.1496,2022-07-14,7.509,2379,Available
"[27, 53]",9792,The Hills Have Eyes,en,The Hills Have Eyes,9.23,2006-03-10,6.485,3460,Available
"[27, 9648, 53]",9645,Ghost Ship,en,Ghost Ship,9.2882,2002-10-25,6.014,2761,Available
"[53, 878, 9648]",619730,Don't Worry Darling,en,Don't Worry Darling,9.8714,2022-09-21,6.761,3067,Available
"[35, 10749, 18]",10184,He's Just Not That Into You,en,He's Just Not That Into You,9.0429,2009-02-06,6.6,4111,Available
"[35, 80, 28]",1493,Miss Congeniality,en,Miss Congeniality,9.5306,2000-12-22,6.533,4326,Available
"[18, 9648, 53]",489999,Searching,en,Searching,9.0614,2018-08-24,7.565,4353,Available
"[12, 18, 10751]",44826,Hugo,en,Hugo,9.237,2011-11-22,7.173,7807,Available
"[27, 9648]",19912,The Final Destination,en,The Final Destination,9.6698,2009-08-26,5.61,4032,Available
"[80, 53, 9648, 27]",372343,The Snowman,en,The Snowman,9.0449,2017-08-24,5.212,2416,Available
"[28, 878, 53]",7299,Equilibrium,en,Equilibrium,8.7208,2002-12-06,7.059,5201,Available
"[28, 12, 878]",188927,Star Trek Beyond,en,Star Trek Beyond,9.6313,2016-07-07,6.791,7246,Available
[18],388375,Se Não...,pt,Se Não...,12.2178,2015-04-25,10.0,1,Available
"[27, 53]",21208,Orphan,en,Orphan,9.4016,2009-07-24,6.99,5755,Available
[27],1309083,Dolly,en,Dolly,9.3798,2026-03-06,5.702,225,Available
"[35, 10749, 18]",4964,Knocked Up,en,Knocked Up,8.8289,2007-06-01,6.303,4415,Available
"[35, 14, 10749]",297021,"Recently, My Sister Is Unusual",ja,最近、妹のようすがちょっとおかしいんだが,8.0831,2014-05-17,6.897,78,Available
"[18, 35]",313846,Madame Bamboo,cn,竹夫人,10.2407,1991-03-10,4.25,6,Available
[18],10950,I Am Sam,en,I Am Sam,9.4659,2001-12-28,7.561,2573,Available
"[18, 36]",399404,Darkest Hour,en,Darkest Hour,9.2243,2017-11-22,7.355,5636,Available
"[12, 16, 14, 10751]",309809,The Little Prince,en,The Little Prince,10.3398,2015-07-29,7.62,3028,Available
[18],1640,Crash,en,Crash,8.638,2005-05-06,7.214,3996,Available
"[28, 14, 10752]",856289,Creation of the Gods I: Kingdom of Storms,zh,封神第一部：朝歌风云,9.6916,2023-07-15,7.087,498,Available
"[28, 878, 53]",97020,RoboCop,en,RoboCop,9.0585,2014-01-30,5.889,5988,Available
"[28, 12, 80]",385128,F9,en,F9,9.1177,2021-05-19,6.986,7844,Available
"[80, 18]",10673,Wall Street,en,Wall Street,8.86,1987-12-10,7.163,2318,Available
[35],9493,Twins,en,Twins,9.1136,1988-12-09,6.054,2606,Available
"[16, 35, 10751]",8916,Antz,en,Antz,9.7547,1998-10-02,6.19,4851,Available
"[16, 35, 10751, 12, 14]",12222,Horton Hears a Who!,en,Horton Hears a Who!,9.4915,2008-03-03,6.524,3620,Available
"[18, 10751]",345938,The Shack,en,The Shack,9.2573,2017-03-02,7.517,2292,Available
"[80, 18, 53]",1082195,The Order,en,The Order,9.0028,2024-12-05,6.56,954,Available
"[35, 10751, 10402, 12]",64328,The Muppets,en,The Muppets,8.7987,2011-11-23,6.667,1737,Available
[35],37735,Easy A,en,Easy A,9.4349,2010-09-16,6.8,7531,Available
"[35, 53]",1198654,Bad Apples,en,Bad Apples,8.8389,2026-09-10,7.2,2,Available
"[35, 10751, 14]",3050,Doctor Dolittle,en,Doctor Dolittle,8.5277,1998-06-26,5.73,3376,Available
[53],576530,Just Like a Cat,it,Gatta alla pari,10.6662,1993-01-01,4.667,6,Available
"[27, 18]",718833,Bokshi,hi,Bokshi,8.8738,2026-10-09,0.0,0,Available
"[28, 878]",49049,Dredd,en,Dredd,9.9619,2012-09-07,6.86,5702,Available
"[28, 35, 80, 10749]",9262,My Mom's New Boyfriend,en,My Mom's New Boyfriend,8.1823,2008-04-30,5.369,268,Available
"[9648, 878, 53]",846,The X-Files,en,The X-Files,8.9731,1998-06-19,6.912,1889,Available
[99],463329,Hotel Sunrise,sk,Hotel Úsvit,10.4218,2016-11-18,0.0,0,Available
"[18, 53]",55,Amores Perros,es,Amores perros,9.0322,2000-06-16,7.646,3000,Available
[18],1592768,One Gram of Life,bg,Един грам живот,9.1635,2025-11-14,0.0,0,Available
"[18, 10749]",613504,After We Collided,en,After We Collided,9.3216,2020-09-02,7.151,5500,Available
"[18, 10749, 35]",660120,The Worst Person in the World,no,Verdens verste menneske,8.814,2021-10-13,7.4,1957,Available
"[28, 12, 35]",458428,Operación Cannabis,es,Operación Cannabis,11.2778,2009-11-01,0.0,0,Available
"[18, 9648, 27]",1923,Twin Peaks: Fire Walk with Me,en,Twin Peaks: Fire Walk with Me,9.056,1992-06-03,7.4,2346,Available
"[35, 10749]",9522,Wedding Crashers,en,Wedding Crashers,9.6391,2005-07-13,6.501,4823,Available
"[28, 53, 80, 18]",11636,New Police Story,cn,新警察故事,9.4857,2004-09-23,7.163,851,Available
"[53, 18]",97630,Zero Dark Thirty,en,Zero Dark Thirty,9.2156,2012-12-19,6.993,5004,Available
[],826046,Ramon Alvarado,en,Ramon Alvarado,10.7915,,0.0,0,Unknown
"[53, 27]",1742458,Confinement,en,Confinement,8.364,2026-09-01,6.364,11,Available
"[28, 12, 35, 80, 53]",146216,RED 2,en,RED 2,8.6048,2013-07-18,6.53,4419,Available
"[16, 18, 36, 10749]",149870,The Wind Rises,ja,風立ちぬ,8.7364,2013-07-20,7.785,3468,Available
"[18, 53]",867,Sliver,en,Sliver,8.9391,1993-05-21,5.576,836,Available
[27],1631506,The Hanged Woman,es,La ahorcada,9.4388,2026-04-22,5.5,56,Available
[10749],698343,I Don't Like Younger Men 5,ko,딸의 친구 5,9.6118,2020-04-23,7.1,9,Available
[18],381138,Political Animal,pt,Animal Político,11.2349,2017-05-31,4.692,13,Available
"[35, 10749]",10761,Made of Honor,en,Made of Honor,9.1008,2008-04-30,6.47,1842,Available
"[53, 18, 80]",1426776,STRAW,en,STRAW,9.4985,2025-06-05,7.684,1003,Available
"[28, 53, 80, 18]",38234,Undisputed III: Redemption,en,Undisputed III: Redemption,8.7949,2010-04-17,7.599,1067,Available
"[878, 28, 12]",934632,Rebel Moon - Part Two: The Scargiver,en,Rebel Moon - Part Two: The Scargiver,8.5437,2024-04-19,6.067,1575,Available
"[53, 80]",1817,Phone Booth,en,Phone Booth,9.1895,2003-01-06,6.879,4318,Available
"[878, 12, 28]",406759,Moonfall,en,Moonfall,9.9954,2022-02-02,6.282,3786,Available
"[53, 878]",220289,Coherence,en,Coherence,9.1447,2014-04-06,7.208,3585,Available
[18],171713,Killing Strangers,es,Matar extraños,9.3802,2013-02-23,5.2,5,Available
"[37, 80, 18]",338766,Hell or High Water,en,Hell or High Water,8.9773,2016-08-11,7.305,4988,Available
"[35, 12, 14]",798286,Beau Is Afraid,en,Beau Is Afraid,9.9471,2023-04-14,6.739,1398,Available
"[35, 28, 878]",11918,Superhero Movie,en,Superhero Movie,8.9492,2008-03-28,5.331,2081,Available
[18],1074074,The Beloved,es,El ser querido,9.8363,2026-05-16,7.0,73,Available
"[80, 53]",181283,Child 44,en,Child 44,9.4807,2015-03-15,6.279,1856,Available
[35],49520,The Change-Up,en,The Change-Up,9.7915,2011-08-05,6.16,3045,Available
"[28, 80, 53, 18]",395990,Death Wish,en,Death Wish,9.007,2018-03-01,6.237,2878,Available
"[14, 35, 10751]",11283,Nanny McPhee,en,Nanny McPhee,9.1629,2005-10-21,6.688,3275,Available
"[10751, 12, 14, 18]",8204,The Spiderwick Chronicles,en,The Spiderwick Chronicles,9.4284,2008-02-14,6.704,2938,Available
"[10749, 18]",1468683,Heartstopper Forever,en,Heartstopper Forever,9.5299,2026-07-14,7.209,261,Available
"[12, 35, 10751]",11774,Lemony Snicket's A Series of Unfortunate Events,en,Lemony Snicket's A Series of Unfortunate Events,8.3551,2004-12-16,6.819,5385,Available
[99],580012,Lakeside Suite,fr,Lakeside Suite,12.4851,2019-01-27,5.5,3,Available
"[18, 80, 53]",602269,The Little Things,en,The Little Things,9.4085,2021-01-28,6.362,2918,Available
"[18, 10749]",370663,Below Her Mouth,en,Below Her Mouth,9.3573,2017-02-10,6.812,1319,Available
"[10402, 18, 53]",1102883,Mother Mary,en,Mother Mary,9.6066,2026-04-16,5.6,184,Available
"[27, 878]",9276,The Faculty,en,The Faculty,9.3164,1998-12-25,6.572,2352,Available
"[28, 14, 27, 35, 53]",755566,Day Shift,en,Day Shift,9.5872,2022-08-05,6.738,2272,Available
"[16, 12, 14]",11621,Porco Rosso,ja,紅の豚,8.9629,1992-07-18,7.792,3805,Available
"[18, 10402, 36]",277216,Straight Outta Compton,en,Straight Outta Compton,8.9559,2015-08-11,7.769,4290,Available
"[878, 27, 53]",1125510,The Platform 2,es,El hoyo 2,10.0381,2024-09-27,5.562,1482,Available
"[53, 9648]",8740,The Vanishing,nl,Spoorloos,11.176,1988-10-27,7.404,865,Available
"[10752, 36, 18]",522162,Midway,en,Midway,9.478,2019-11-06,7.098,2799,Available
"[14, 28]",1487,Hellboy,en,Hellboy,9.0495,2004-04-02,6.676,7602,Available
[99],1451867,Ghost Elephants,en,Ghost Elephants,7.1115,2026-02-27,7.656,61,Available
"[27, 35, 14]",765,Evil Dead II,en,Evil Dead II,9.6046,1987-03-13,7.529,3641,Available
"[18, 10749]",292431,Love,fr,Love,9.6026,2015-07-15,6.46,2717,Available
"[18, 53, 28, 80]",2924,Backdraft,en,Backdraft,9.5986,1991-05-24,6.663,1622,Available
"[878, 28, 12, 53, 18]",453405,Gemini Man,en,Gemini Man,9.5985,2019-10-02,6.256,5570,Available
"[16, 12, 10402, 14, 10751]",1451567,Coco 2,en,Coco 2,9.5967,2029-11-21,0.0,0,Available
"[28, 12, 53]",75174,The Grey,en,The Grey,9.5963,2012-01-26,6.579,4237,Available
"[18, 53]",974950,Emilia Pérez,fr,Emilia Pérez,9.5961,2024-08-21,6.417,2035,Available
"[16, 10751, 12, 35]",335777,The Nut Job 2: Nutty by Nature,en,The Nut Job 2: Nutty by Nature,9.5955,2017-08-11,6.156,483,Available
"[12, 14, 28, 35, 10751]",18360,Night at the Museum: Battle of the Smithsonian,en,Night at the Museum: Battle of the Smithsonian,9.5933,2009-05-20,6.157,7437,Available
"[27, 53]",710295,Wolf Man,en,Wolf Man,9.592,2025-01-15,6.137,1052,Available
[99],1760262,Instadocs: The Decoy Plane,en,Instadocs: The Decoy Plane,9.5875,2026-09-04,6.8,4,Available
[35],583,Life of Brian,en,Life of Brian,9.5874,1979-08-17,7.762,5085,Available
"[10751, 12, 14, 10770]",277217,Descendants,en,Descendants,9.5868,2015-07-31,7.183,2578,Available
[18],107852,Ça brûle,fr,Ça brûle,9.5864,2006-08-16,7.25,4,Available
"[16, 35, 10751, 9648]",385103,Scoob!,en,Scoob!,9.5849,2020-07-08,7.0,1841,Available
"[18, 36]",1578,Raging Bull,en,Raging Bull,9.5846,1980-11-14,7.896,4880,Available
"[35, 80, 28]",134374,Pain & Gain,en,Pain & Gain,9.5835,2013-04-18,6.295,4897,Available
"[28, 35, 878]",338969,The Toxic Avenger Unrated,en,The Toxic Avenger Unrated,9.582,2025-08-28,5.935,436,Available
"[28, 12, 16, 35, 10751]",9904,The Wild,en,The Wild,9.5796,2006-04-06,5.549,1165,Available
"[28, 14]",547016,The Old Guard,en,The Old Guard,9.5787,2020-07-09,7.089,4949,Available
"[878, 28, 12]",581726,Infinite,en,Infinite,9.6021,2021-09-09,6.557,2209,Available
"[12, 878]",428078,Mortal Engines,en,Mortal Engines,8.791,2018-11-27,6.25,5317,Available
"[35, 18]",9428,The Royal Tenenbaums,en,The Royal Tenenbaums,8.3095,2001-10-05,7.455,5181,Available
"[35, 9648]",270487,"Hail, Caesar!",en,"Hail, Caesar!",8.9436,2016-02-05,5.942,4075,Available
[27],420634,Terrifier,en,Terrifier,9.172,2018-01-25,6.3,3057,Available
"[35, 18, 10749]",532794,Sex Plate 17,ko,성판17: 남자들의 17가지 성적 판타지,9.6585,2017-11-13,5.786,14,Available
"[14, 12, 10751]",68728,Oz the Great and Powerful,en,Oz the Great and Powerful,9.4646,2013-03-07,5.94,6900,Available
"[35, 10752]",935,Dr. Strangelove or: How I Learned to Stop Worrying and Love the Bomb,en,Dr. Strangelove or: How I Learned to Stop Worrying and Love the Bomb,8.4148,1964-01-29,8.121,6311,Available
"[12, 35, 80]",134,"O Brother, Where Art Thou?",en,"O Brother, Where Art Thou?",8.5253,2000-08-30,7.326,4738,Available
"[27, 35]",338967,Zombieland: Double Tap,en,Zombieland: Double Tap,8.9696,2019-10-09,6.89,6417,Available
"[10749, 18, 14]",2044,The Lake House,en,The Lake House,8.9192,2006-06-16,7.036,3063,Available
"[35, 27, 14]",814,An American Werewolf in London,en,An American Werewolf in London,9.1962,1981-08-21,7.388,2786,Available
"[35, 80]",818,Austin Powers in Goldmember,en,Austin Powers in Goldmember,8.8354,2002-07-26,6.019,3533,Available
[18],869548,The Envelope of Grief,id,Ngiring belasungkawa,9.8388,2018-07-13,8.0,1,Available
"[35, 18, 10402, 10749]",6282,Coyote Ugly,en,Coyote Ugly,9.0878,2000-07-30,6.258,2324,Available
"[80, 18, 53, 14]",9411,Fallen,en,Fallen,8.3354,1998-01-16,6.813,1679,Available
[27],21484,Possession,en,Possession,9.5218,1981-05-27,7.319,1417,Available
"[27, 9648, 53]",522681,Escape Room,en,Escape Room,9.4202,2019-01-03,6.544,5151,Available
"[28, 80, 53]",1582770,Dhurandhar: The Revenge,hi,धुरंधर: द रिवेंज,8.8417,2026-03-18,7.3,159,Available
"[12, 35, 10749, 16, 10751]",15789,A Goofy Movie,en,A Goofy Movie,8.9471,1995-04-05,7.04,1962,Available
"[16, 18, 10751, 14]",17979,A Christmas Carol,en,A Christmas Carol,9.1729,2009-11-04,6.91,4982,Available
"[28, 12, 878]",166424,Fantastic Four,en,Fantastic Four,9.2993,2015-08-05,4.433,6526,Available
"[18, 10749]",852257,Seven Lacs,ur,Saat Lakh,11.0528,1957-10-11,0.0,0,Available
"[27, 53]",71672,Wrong Turn 4: Bloody Beginnings,en,Wrong Turn 4: Bloody Beginnings,9.2721,2011-10-17,5.75,1260,Available
[18],334,Magnolia,en,Magnolia,8.7412,1999-12-17,7.725,4146,Available
"[28, 12, 36, 10749, 18]",76649,Pompeii,en,Pompeii,8.273,2014-02-18,5.547,3450,Available
"[28, 27, 14]",9946,End of Days,en,End of Days,9.6225,1999-11-24,6.1,2131,Available
"[35, 10749, 80]",239,Some Like It Hot,en,Some Like It Hot,8.8947,1959-03-19,8.1,3987,Available
"[53, 27]",460019,Truth or Dare,en,Truth or Dare,9.318,2018-04-12,5.933,4261,Available
[18],655,"Paris, Texas",en,"Paris, Texas",8.5322,1984-07-16,8.1,2311,Available
"[878, 12, 28]",2157,Lost in Space,en,Lost in Space,10.2563,1998-04-03,5.449,1368,Available
"[27, 53, 18]",1140535,Presence,en,Presence,8.5081,2025-01-17,6.104,806,Available
"[28, 16, 878, 27]",1083862,Resident Evil: Death Island,ja,バイオハザード：デスアイランド,9.2084,2023-06-22,7.261,1137,Available
"[18, 28, 80]",7347,Elite Squad,pt,Tropa de Elite,9.4043,2007-10-05,8.061,2803,Available
"[80, 35, 18]",30157,Amateur,en,Amateur,8.196,1994-08-05,6.2,111,Available
"[27, 53]",758323,The Pope's Exorcist,en,The Pope's Exorcist,9.1276,2023-04-05,6.91,3268,Available
"[10749, 80, 53]",14864,The Hot Spot,en,The Hot Spot,9.2726,1990-10-12,6.288,312,Available
[18],1049443,Dead Flies,pt,Dead Flies,10.7108,2023-03-25,0.0,0,Available
[53],6145,Fracture,en,Fracture,9.1782,2007-04-19,7.259,4442,Available
"[28, 878, 53]",513310,Boss Level,en,Boss Level,9.3388,2021-02-19,6.878,2005,Available
"[18, 12, 10749, 10770]",115290,Blue Lagoon: The Awakening,en,Blue Lagoon: The Awakening,8.2581,2012-06-16,6.5,1516,Available
"[18, 12]",86834,Noah,en,Noah,9.7987,2014-03-07,5.679,6725,Available
"[27, 53]",1198984,We Bury the Dead,en,We Bury the Dead,9.5806,2026-01-01,6.131,373,Available
"[16, 10751, 12, 35]",151960,Planes,en,Planes,8.7425,2013-08-09,5.935,1873,Available
"[12, 16, 18, 10751]",10567,Dinosaur,en,Dinosaur,8.671,2000-05-19,6.588,2813,Available
"[16, 35, 10751, 14]",170687,The Boxtrolls,en,The Boxtrolls,9.4904,2014-09-10,6.723,1853,Available
"[80, 28, 18]",535292,21 Bridges,en,21 Bridges,9.1933,2019-10-24,6.789,2229,Available
"[9648, 12, 35]",9637,Scooby-Doo,en,Scooby-Doo,9.0198,2002-06-14,6.1,4877,Available
"[35, 18]",14926,Uptown Girls,en,Uptown Girls,9.3154,2003-08-15,7.048,1207,Available
"[53, 80, 28]",11808,U.S. Marshals,en,U.S. Marshals,8.6837,1998-03-06,6.553,1862,Available
"[27, 53]",776797,The Sadness,zh,哭悲,9.6064,2021-01-22,6.839,1222,Available
"[53, 18]",1290159,A House of Dynamite,en,A House of Dynamite,9.643,2025-10-02,6.406,1381,Available
[35],9398,Zoolander,en,Zoolander,8.1644,2001-09-28,6.233,5077,Available
[18],1627792,Sagaran,tl,Sagaran,9.7316,2026-02-06,4.5,2,Available
"[28, 12, 14]",9334,The Scorpion King,en,The Scorpion King,9.0711,2002-04-18,5.584,3452,Available
"[18, 14, 878, 53]",198287,After the Dark,en,After the Dark,7.2557,2013-07-06,6.007,745,Available
"[878, 28, 12, 53]",16320,Serenity,en,Serenity,8.2762,2005-09-25,7.358,3987,Available
"[28, 14]",9312,Mortal Kombat,en,Mortal Kombat,9.2969,1995-08-18,5.912,2650,Available
"[27, 53]",23823,Wrong Turn 3: Left for Dead,en,Wrong Turn 3: Left for Dead,8.6288,2009-10-08,5.715,1318,Available
[99],450182,Grandma Maria,pt,Vó Maria,11.3738,2011-04-02,6.5,2,Available
"[12, 18, 28]",9550,House of Flying Daggers,zh,十面埋伏,8.9049,2004-07-16,7.27,1843,Available
"[28, 9648, 53]",27576,Salt,en,Salt,9.1616,2010-07-21,6.417,6059,Available
"[80, 18, 9648]",548,Rashomon,ja,羅生門,8.2397,1950-08-26,8.033,2596,Available
"[878, 12, 18]",982843,The Great Flood,ko,대홍수,8.9493,2025-09-18,5.987,764,Available
[18],166666,3096 Days,de,3096 Tage,9.2431,2013-02-21,7.398,1022,Available
[18],1127628,The Thing with Feathers,en,The Thing with Feathers,9.5814,2025-10-17,6.5,44,Available
"[14, 10751, 16, 12]",11319,The Rescuers,en,The Rescuers,8.8666,1977-06-22,6.793,2722,Available
"[27, 28, 53]",1992,Planet Terror,en,Planet Terror,9.3471,2007-04-06,6.691,3957,Available
"[18, 80, 53]",505192,Shoplifters,ja,万引き家族,8.2598,2018-06-02,7.828,2362,Available
[18],839369,May December,en,May December,9.2806,2023-11-16,6.568,1077,Available
"[18, 10402, 10749]",69,Walk the Line,en,Walk the Line,10.1788,2005-09-13,7.499,3211,Available
"[16, 10751, 18, 14]",110420,Wolf Children,ja,おおかみこどもの雨と雪,8.9786,2012-07-21,8.214,2533,Available
"[28, 14, 80]",314,Catwoman,en,Catwoman,8.3115,2004-07-22,4.6,3689,Available
"[878, 28, 12]",97,Tron,en,Tron,8.3681,1982-07-09,6.625,2856,Available
"[18, 36]",3175,Barry Lyndon,en,Barry Lyndon,9.5233,1975-12-16,7.998,3276,Available
"[28, 53, 35, 80]",4141,Shoot 'Em Up,en,Shoot 'Em Up,8.0691,2007-07-26,6.508,2180,Available
"[35, 80]",10607,Don't Be a Menace to South Central While Drinking Your Juice in the Hood,en,Don't Be a Menace to South Central While Drinking Your Juice in the Hood,8.7031,1996-01-12,7.054,1562,Available
"[12, 10751, 14]",267935,The BFG,en,The BFG,9.2006,2016-06-01,6.286,3703,Available
"[18, 36]",3480,The Old Gun,fr,Le Vieux Fusil,9.2201,1975-08-20,7.5,296,Available
"[10751, 28, 35]",592834,My Spy,en,My Spy,9.0359,2020-01-09,6.862,1423,Available
"[12, 28, 14]",6278,Reign of Fire,en,Reign of Fire,8.9945,2002-07-09,6.214,2537,Available
"[28, 878, 53]",8452,The 6th Day,en,The 6th Day,8.6461,2000-11-17,6.0,2346,Available
"[12, 35, 10751]",11459,Sky High,en,Sky High,8.9977,2005-07-29,6.266,2528,Available
"[18, 28, 80]",5289,Chaos,en,Chaos,8.1646,2005-01-17,6.318,1179,Available
"[878, 27, 28]",1381071,Godzilla Minus Zero,ja,ゴジラ-0.0,14.828,2026-11-03,0.0,0,Available
"[53, 27]",49797,I Saw the Devil,ko,악마를 보았다,8.6668,2010-08-12,7.806,3141,Available
"[28, 53, 878]",865,The Running Man,en,The Running Man,9.3157,1987-11-13,6.54,2965,Available
[99],1407936,ZAAD,nl,ZAAD,9.7363,2025-12-08,0.0,0,Available
"[14, 35, 10751]",8839,Casper,en,Casper,8.7355,1995-05-26,6.3,5039,Available
"[27, 53]",1010600,The Strangers: Chapter 1,en,The Strangers: Chapter 1,8.7001,2024-05-15,5.67,834,Available
"[10749, 18, 9648]",1844,Entrapment,en,Entrapment,9.9295,1999-04-29,6.234,2298,Available
"[10751, 10402]",766319,Mariah Carey's Magical Christmas Special,en,Mariah Carey's Magical Christmas Special,9.0178,2020-12-03,6.219,73,Available
"[80, 35, 28]",112205,The Family,en,The Family,8.9878,2013-09-13,6.36,3166,Available
"[12, 35, 37]",8584,Shanghai Noon,en,Shanghai Noon,9.3239,2000-05-26,6.42,2853,Available
"[27, 18, 53]",9539,Martyrs,fr,Martyrs,8.1209,2008-06-12,7.3,3117,Available
"[35, 14, 10751]",1125257,Freakier Friday,en,Freakier Friday,9.1229,2025-08-06,6.757,794,Available
"[10751, 16, 12, 35]",77174,ParaNorman,en,ParaNorman,8.6076,2012-08-03,7.051,2858,Available
[35],740985,Borat Subsequent Moviefilm: Delivery of Prodigious Bribe to American Regime for Make Benefit Once Glorious Nation of Kazakhstan,en,Borat Subsequent Moviefilm: Delivery of Prodigious Bribe to American Regime for Make Benefit Once Glorious Nation of Kazakhstan,7.953,2020-10-23,6.434,2951,Available
[],960346,Apartment Wife: Night of the Rape,ja,団地妻　奪われた夜,8.8136,1973-01-13,9.0,2,Available
"[16, 35, 10751]",9408,Surf's Up,en,Surf's Up,8.5598,2007-06-08,6.523,2824,Available
[99],1140700,The Platypus Guardian,en,The Platypus Guardian,14.5332,2023-06-13,10.0,1,Available
"[80, 18]",36463,Miami Exposé,en,Miami Exposé,11.4705,1956-09-01,6.0,7,Available
"[878, 28]",9482,Judge Dredd,en,Judge Dredd,8.8222,1995-06-30,5.851,2835,Available
"[28, 12, 35]",9471,Charlie's Angels: Full Throttle,en,Charlie's Angels: Full Throttle,9.7011,2003-06-25,5.484,3364,Available
"[12, 9648, 80]",829280,Enola Holmes 2,en,Enola Holmes 2,9.2199,2022-11-03,7.404,3156,Available
"[18, 27]",13885,Sweeney Todd: The Demon Barber of Fleet Street,en,Sweeney Todd: The Demon Barber of Fleet Street,8.762,2007-12-21,7.177,6476,Available
"[18, 36, 80]",338803,The Treacherous,ko,간신,9.4719,2015-05-21,6.092,92,Available
"[10749, 18]",758330,"Good Luck to You, Leo Grande",en,"Good Luck to You, Leo Grande",8.9587,2022-06-16,7.008,716,Available
"[35, 80, 18]",2757,Adaptation.,en,Adaptation.,8.3544,2002-12-06,7.326,2871,Available
"[27, 9648]",745881,The Medium,th,ร่างทรง,8.5179,2021-07-14,7.009,768,Available
"[10749, 35, 18]",1272149,Bridget Jones: Mad About the Boy,en,Bridget Jones: Mad About the Boy,8.875,2025-02-12,6.362,570,Available
"[36, 10752, 18]",9361,The Last of the Mohicans,en,The Last of the Mohicans,8.5465,1992-08-26,7.382,3533,Available
"[35, 80, 53]",1149504,Honey Don't!,en,Honey Don't!,8.9957,2025-08-21,5.549,476,Available
"[16, 18, 35, 878]",838240,Robot Dreams,es,Robot Dreams,9.4897,2023-12-06,7.942,839,Available
"[18, 10749]",11012,Damage,en,Damage,7.9102,1992-12-02,6.6,721,Available
"[18, 53, 9648]",49517,Tinker Tailor Soldier Spy,en,Tinker Tailor Soldier Spy,7.9428,2011-09-16,6.619,2998,Available
"[35, 10751, 10402, 10770]",1548113,The Muppet Show,en,The Muppet Show,9.5277,2026-02-03,7.192,120,Available
[35],9506,Anger Management,en,Anger Management,8.4599,2003-04-11,6.16,3550,Available
"[10749, 18, 80]",664413,365 Days,pl,365 dni,9.3016,2020-02-07,6.99,9582,Available
"[28, 80, 53]",10431,War,en,War,9.2956,2007-08-24,6.417,2115,Available
"[28, 80, 53, 12]",278924,Mechanic: Resurrection,en,Mechanic: Resurrection,9.294,2016-08-25,6.068,3748,Available
"[35, 12, 14, 878, 28]",11551,Small Soldiers,en,Small Soldiers,9.2939,1998-07-10,6.563,2399,Available
"[28, 53]",49040,The Bourne Legacy,en,The Bourne Legacy,9.2932,2012-08-08,6.253,6267,Available
[18],1401459,Fjord,ro,Fjord,9.2836,2026-06-13,7.1,61,Available
[],414287,Trót Yêu,vi,Trót Yêu,9.2836,2015-10-16,0.0,0,Available
[27],938614,Late Night with the Devil,en,Late Night with the Devil,9.2805,2024-03-19,7.094,2255,Available
"[35, 12]",9285,Road Trip,en,Road Trip,9.2803,2000-05-19,6.254,2272,Available
"[14, 35]",224141,Into the Woods,en,Into the Woods,9.2799,2014-12-24,5.758,4467,Available
"[18, 27, 9648, 53]",2655,What Lies Beneath,en,What Lies Beneath,9.2797,2000-07-21,6.436,2085,Available
"[16, 10751, 12, 14]",13179,Tinker Bell,en,Tinker Bell,9.2778,2008-09-11,6.957,1621,Available
"[53, 27]",10543,Fear,en,Fear,9.2764,1996-04-12,6.66,1119,Available
"[28, 53, 18]",1620,Hitman,en,Hitman,9.2723,2007-11-21,6.172,3757,Available
"[10751, 12, 16, 35, 14]",10501,The Road to El Dorado,en,The Road to El Dorado,9.2713,2000-03-31,7.303,4212,Available
"[53, 9648]",87516,Oldboy,en,Oldboy,9.2688,2013-11-14,5.925,2185,Available
"[18, 53, 80, 9648]",10731,The Client,en,The Client,9.2686,1994-07-20,6.691,1433,Available
[99],594075,The Guru,es,El Guru,9.2674,2019-04-10,0.0,0,Available
"[10749, 18]",744276,After Ever Happy,en,After Ever Happy,9.2673,2022-08-24,6.8,1399,Available
"[10751, 35]",12139,Dennis the Menace,en,Dennis the Menace,9.267,1993-06-09,5.883,1643,Available
"[80, 28, 27]",503736,Army of the Dead,en,Army of the Dead,8.8227,2021-05-14,6.189,4525,Available
"[18, 10749, 36]",585032,Sa Bang-ji,ko,사방지,9.0988,1988-10-29,6.6,5,Available
"[18, 35]",448772,A Great Love,it,Un grande amore,5.4211,1995-01-01,5.0,5,Available
"[80, 53, 18]",241,Natural Born Killers,en,Natural Born Killers,9.4344,1994-08-26,7.0,3902,Available
"[80, 36, 18]",11322,Public Enemies,en,Public Enemies,8.7687,2009-07-01,6.687,4953,Available
"[99, 36]",874517,Death in Amara,es,Muerte en Amara,12.9801,2024-04-19,0.0,0,Available
"[878, 53, 9648, 28]",406990,What Happened to Monday,en,What Happened to Monday,8.6616,2017-08-18,7.142,6555,Available
"[18, 10749, 878]",2277,Bicentennial Man,en,Bicentennial Man,8.3966,1999-12-17,7.273,4035,Available
"[53, 18]",1042834,Eden,en,Eden,8.9171,2025-04-03,6.685,740,Available
[37],288,High Noon,en,High Noon,7.1246,1952-06-09,7.657,1625,Available
"[28, 878, 35]",507244,Afterburn,en,Afterburn,9.1901,2025-08-20,6.2,339,Available
[18],862163,Antarvasna,mr,Antarvasna,11.5817,2021-03-20,0.0,0,Available
"[18, 10402]",661539,A Complete Unknown,en,A Complete Unknown,9.3427,2024-12-25,7.063,1552,Available
"[53, 28, 18]",4614,The Sum of All Fears,en,The Sum of All Fears,8.0835,2002-05-31,6.373,2031,Available
"[28, 9648, 53]",48138,Unknown,en,Unknown,8.8979,2011-02-16,6.693,4277,Available
"[28, 35]",302699,Central Intelligence,en,Central Intelligence,8.9742,2016-06-15,6.415,6474,Available
"[12, 35, 10751]",346648,Paddington 2,en,Paddington 2,8.9323,2017-11-09,7.487,2889,Available
"[35, 12]",296099,Vacation,en,Vacation,11.4337,2015-07-28,6.3,4068,Available
"[18, 10752]",293767,Billy Lynn's Long Halftime Walk,en,Billy Lynn's Long Halftime Walk,8.9552,2016-11-10,6.021,647,Available
"[28, 80, 53]",9679,Gone in Sixty Seconds,en,Gone in Sixty Seconds,8.6785,2000-06-09,6.473,5022,Available
"[27, 53]",9003,Hellraiser,en,Hellraiser,9.0859,1987-09-11,6.887,2978,Available
"[28, 12, 53]",49021,Killer Elite,en,Killer Elite,9.2249,2011-09-22,6.3,2392,Available
"[28, 80, 53]",72387,Safe,en,Safe,9.1476,2012-04-16,6.5,2762,Available
"[28, 53]",646207,The Ice Road,en,The Ice Road,9.3515,2021-06-24,6.745,1958,Available
"[18, 53]",11329,Runaway Jury,en,Runaway Jury,8.6804,2003-10-17,6.944,1600,Available
"[28, 12, 53]",9350,Cliffhanger,en,Cliffhanger,9.1306,1993-05-28,6.521,2728,Available
"[12, 18, 53]",9753,Three,en,Three,8.4657,2005-11-16,5.575,300,Available
"[28, 35, 80]",955916,Lift,en,Lift,8.4812,2024-01-10,6.439,1501,Available
"[10752, 28, 18]",9289,The Longest Day,en,The Longest Day,8.6534,1962-09-25,7.604,1051,Available
"[878, 12, 10751]",6795,Zathura: A Space Adventure,en,Zathura: A Space Adventure,8.2893,2005-11-06,6.453,3700,Available
"[9648, 53, 28]",207932,Inferno,en,Inferno,8.2331,2016-10-13,6.101,6766,Available
"[28, 53, 878, 12]",46529,I Am Number Four,en,I Am Number Four,9.2478,2011-02-18,6.207,5116,Available
"[12, 10752, 36, 28, 18]",9477,King Arthur,en,King Arthur,8.5849,2004-07-07,6.3,3001,Available
"[12, 28, 14]",13494,Red Sonja,en,Red Sonja,8.1324,2025-07-31,5.614,272,Available
[27],1023922,MaXXXine,en,MaXXXine,8.1954,2024-07-04,6.265,1608,Available
[18],1291659,The Wizard of the Kremlin,fr,Le Mage du Kremlin,8.541,2026-01-21,6.496,244,Available
"[16, 28, 12, 878]",1159311,My Hero Academia: You're Next,ja,僕のヒーローアカデミア THE MOVIE ユアネクスト,8.9739,2024-08-02,7.259,241,Available
"[18, 10749]",387848,Buddy's Mom,ko,친구엄마,8.6616,2015-11-12,5.7,15,Available
"[28, 80, 53]",604685,Den of Thieves 2: Pantera,en,Den of Thieves 2: Pantera,9.0635,2025-01-08,6.602,852,Available
"[16, 18, 14, 10749]",568160,Weathering with You,ja,天気の子,8.6154,2019-07-19,7.971,2703,Available
"[28, 12, 14]",350312,Bāhubali 2: The Conclusion,te,బాహుబలి 2: ది కన్ క్లూజన్,7.0144,2017-04-27,7.494,881,Available
"[18, 10751, 10749]",35690,The Last Song,en,The Last Song,11.2304,2010-03-31,7.23,3415,Available
"[53, 18, 9648]",9315,Flightplan,en,Flightplan,8.0213,2005-09-22,6.443,3056,Available
"[53, 878, 9648]",37686,Super 8,en,Super 8,7.8128,2011-06-09,6.783,7262,Available
"[28, 35, 80, 12]",2330,Taxi,fr,Taxi,8.9838,1998-04-08,6.729,2800,Available
[53],26388,Buried,en,Buried,9.3041,2010-09-24,6.636,3136,Available
"[28, 80, 53]",984,Dirty Harry,en,Dirty Harry,8.2103,1971-12-23,7.454,2833,Available
"[28, 80, 9648, 53]",334074,Survivor,en,Survivor,8.4343,2015-05-21,5.703,1108,Available
"[10751, 16, 35, 14]",481084,The Addams Family,en,The Addams Family,8.8304,2019-10-10,6.598,2532,Available
"[28, 14, 37, 12, 27]",324544,In the Lost Lands,en,In the Lost Lands,8.347,2025-02-27,6.346,878,Available
[18],76025,Shame,en,Shame,9.3836,2011-10-02,6.9,3506,Available
[18],146889,The Factory,pt,A Fábrica,9.9671,2011-09-19,6.02,25,Available
"[18, 80]",396371,Molly's Game,en,Molly's Game,9.183,2017-12-07,7.155,4110,Available
"[35, 80, 53]",891621,Wild Horse Nine,en,Wild Horse Nine,8.5492,2026-11-04,0.0,0,Available
"[18, 53, 80]",59,A History of Violence,en,A History of Violence,8.5686,2005-09-23,7.166,3865,Available
"[18, 36, 10752]",826,The Bridge on the River Kwai,en,The Bridge on the River Kwai,8.2693,1957-10-11,7.82,2440,Available
[37],938,For a Few Dollars More,it,Per qualche dollaro in più,9.562,1965-12-18,8.029,4595,Available
"[28, 80, 53]",10753,Police Story 2,cn,警察故事續集,8.9523,1988-08-13,7.093,658,Available
"[28, 80, 53, 37]",1601243,Oscar Shaw,en,Oscar Shaw,8.9608,2026-01-09,6.684,38,Available
"[28, 35]",993710,Back in Action,en,Back in Action,9.2727,2025-01-15,6.429,1571,Available
"[16, 35, 28, 878]",614930,Teenage Mutant Ninja Turtles: Mutant Mayhem,en,Teenage Mutant Ninja Turtles: Mutant Mayhem,8.3994,2023-07-31,7.222,1661,Available
"[35, 14, 10751, 27]",531219,Roald Dahl's The Witches,en,Roald Dahl's The Witches,9.7627,2020-10-26,6.333,3037,Available
"[80, 18, 9648]",4771,Gone Baby Gone,en,Gone Baby Gone,8.6053,2007-09-18,7.305,4308,Available
"[18, 10749]",1391,Y Tu Mamá También,es,Y tu mamá también,8.8862,2001-06-08,7.434,1819,Available
"[10749, 18]",851644,20th Century Girl,ko,20세기 소녀,8.8039,2022-10-06,8.179,861,Available
"[12, 18, 10749]",5689,The Blue Lagoon,en,The Blue Lagoon,7.7568,1980-07-05,6.135,2085,Available
"[28, 53]",1991,Death Proof,en,Death Proof,9.7329,2007-05-22,6.839,5785,Available
"[18, 10749, 53]",116,Match Point,en,Match Point,8.2789,2005-10-26,7.359,4462,Available
"[35, 27]",1405742,Portal to Hell,en,Portal to Hell,9.3774,2025-02-22,4.714,7,Available
"[14, 35, 12]",1832,Dogma,en,Dogma,9.0148,1999-10-04,6.942,2960,Available
"[10749, 18, 35]",818647,Through My Window,es,A través de mi ventana,8.4066,2022-02-04,7.347,3380,Available
"[53, 28, 878]",218043,Left Behind,en,Left Behind,10.6116,2014-10-03,4.306,1429,Available
[10749],1163974,The Karma of Sex,zh,玉蒲团之极乐宝鉴,8.4272,1999-09-25,6.5,4,Available
[18],45317,The Fighter,en,The Fighter,8.767,2010-12-10,7.379,4829,Available
[10749],657654,Senior Couple and Exchange Sex,ko,선배부부와 교환섹스,8.7964,2019-12-23,6.1,8,Available
"[18, 35, 80]",9291,The Longest Yard,en,The Longest Yard,8.8807,2005-05-27,6.678,3779,Available
"[28, 35, 12]",1169516,Welcome To The Jungle,hi,Welcome To The Jungle,6.8052,2026-06-25,5.026,38,Available
"[27, 9648]",3021,1408,en,1408,9.1254,2007-06-22,6.692,5053,Available
"[12, 14, 16, 18, 10751]",15370,The Cat Returns,ja,猫の恩返し,9.1248,2002-07-19,7.135,2523,Available
"[27, 9648]",417384,Scary Stories to Tell in the Dark,en,Scary Stories to Tell in the Dark,9.124,2019-08-08,6.488,2923,Available
[27],11351,Jeepers Creepers 2,en,Jeepers Creepers 2,9.1227,2003-08-08,6.194,1878,Available
"[10749, 18]",1587,What's Eating Gilbert Grape,en,What's Eating Gilbert Grape,9.122,1993-12-17,7.658,4379,Available
[99],1739202,Untold Raygun: Breaking Badly,en,Untold Raygun: Breaking Badly,9.1199,2026-09-01,6.0,11,Available
[53],233651,Sex Rider: Wet Highway,ja,セックス・ライダー　濡れたハイウェイ,9.119,1971-12-29,4.9,13,Available
"[28, 53, 9648]",399035,The Commuter,en,The Commuter,9.1177,2018-01-11,6.369,4733,Available
[35],291870,Dirty Grandpa,en,Dirty Grandpa,9.1177,2016-01-20,5.94,4667,Available
"[18, 80]",168672,American Hustle,en,American Hustle,9.1104,2013-12-12,6.852,7896,Available
"[28, 12, 80, 53]",11679,xXx: State of the Union,en,xXx: State of the Union,9.1098,2005-04-27,5.098,2088,Available
"[35, 12, 10749]",13523,Sex Drive,en,Sex Drive,9.1089,2008-10-16,6.397,1521,Available
"[80, 18]",1008409,The Bikeriders,en,The Bikeriders,9.1077,2024-06-19,6.684,1220,Available
"[878, 53]",1272,Sunshine,en,Sunshine,9.1055,2007-04-05,6.972,4417,Available
[18],3782,Ikiru,ja,生きる,9.1047,1952-10-09,8.312,1385,Available
"[35, 18, 36]",6538,Charlie Wilson's War,en,Charlie Wilson's War,9.1039,2007-12-19,6.543,1700,Available
[99],375631,João Ninguém,pt,João Ninguém,9.1019,2016-12-20,0.0,0,Available
"[28, 53]",347375,Mile 22,en,Mile 22,9.1005,2018-08-16,6.27,2509,Available
"[99, 10402]",913845,Nothing Compares,en,Nothing Compares,9.1,2022-09-23,7.782,62,Available
"[35, 28]",619725,Thievery,pt,Gatunagem,9.0969,2018-09-04,0.0,0,Available
[27],16307,The Wicker Man,en,The Wicker Man,8.3112,1973-12-06,7.331,1715,Available
"[10749, 18]",1759123,Between Us,en,Entre Dos,11.4199,2026-09-01,0.0,0,Available
[27],2082,Halloween,en,Halloween,8.5275,2007-08-31,6.241,2622,Available
"[18, 36]",614917,King Richard,en,King Richard,9.1018,2021-11-18,7.6,2935,Available
[18],9800,Philadelphia,en,Philadelphia,8.3834,1993-12-22,7.703,4750,Available
"[28, 53, 80]",15092,Crank: High Voltage,en,Crank: High Voltage,9.1071,2009-04-16,6.094,3250,Available
"[14, 27, 12]",9954,The Covenant,en,The Covenant,7.7874,2006-09-07,5.6,1131,Available
[18],17903,A Frozen Flower,ko,쌍화점,9.009,2008-12-30,6.9,164,Available
"[10402, 36, 18]",614934,Elvis,en,Elvis,8.7415,2022-06-22,7.442,4004,Available
"[27, 9648, 53]",986097,HIM,en,HIM,8.2666,2025-09-18,5.623,453,Available
"[18, 10749, 14, 35]",1484222,In the Name of Love,th,อัศจรรย์วันทอง,9.1858,2026-09-03,0.0,0,Available
"[35, 80, 28, 18]",399170,Logan Lucky,en,Logan Lucky,9.2522,2017-08-17,6.734,3936,Available
"[53, 80, 9648]",8224,8MM,en,8MM,8.4963,1999-02-26,6.512,2370,Available
"[28, 18, 53]",109424,Captain Phillips,en,Captain Phillips,8.8293,2013-10-10,7.538,7667,Available
"[53, 9648]",181886,Enemy,en,Enemy,8.3364,2014-03-14,6.838,6596,Available
"[80, 28]",1036081,Khalifa: The Ruler,ml,ഖലീഫ: The Ruler,8.9447,2026-08-20,7.1,4,Available
[],363358,Reduit,sv,Värn,11.8785,2014-10-10,0.0,0,Available
"[28, 18]",11690,Bloodsport,en,Bloodsport,8.5897,1988-02-26,7.1,2258,Available
"[16, 10751, 12, 14, 28]",10228,Pokémon: The First Movie,ja,劇場版ポケットモンスター ミュウツーの逆襲,8.6395,1998-07-18,7.0,1627,Available
"[10749, 35, 28, 12]",9326,Romancing the Stone,en,Romancing the Stone,7.5453,1984-03-30,6.774,2115,Available
[18],295964,Burnt,en,Burnt,8.0693,2015-10-02,6.525,3629,Available
"[18, 10749]",400617,Phantom Thread,en,Phantom Thread,8.2382,2017-12-25,7.3,3862,Available
"[18, 12, 10749, 53]",1907,The Beach,en,The Beach,9.3637,2000-02-03,6.486,4814,Available
[18],7974,The Match Factory Girl,fi,Tulitikkutehtaan tyttö,12.556,1990-01-12,7.412,306,Available
"[99, 36, 10752, 27]",41264,Africa Blood and Guts,it,Africa Addio,8.7698,1966-02-11,6.222,54,Available
[27],157433,Pet Sematary,en,Pet Sematary,8.5336,2019-04-04,5.739,3497,Available
[99],709817,Amidst Boundaries,pt,Entre Fronteiras,6.5281,2019-11-22,0.0,0,Available
[35],421186,Almoço Executivo,pt,Almoço Executivo,12.2801,1996-01-01,7.0,1,Available
[27],480414,The Curse of La Llorona,en,The Curse of La Llorona,7.6542,2019-04-17,5.646,2730,Available
[35],287414,Tersine Dünya,tr,Tersine Dünya,11.8138,1994-01-07,5.6,8,Available
[27],18334,Guinea Pig: Devil's Experiment,ja,ギニーピッグ 悪魔の実験,8.0562,1985-09-04,4.78,166,Available
"[18, 35]",7350,The Bucket List,en,The Bucket List,8.7432,2007-12-25,7.19,4209,Available
[],1753010,Outlaw,ja,無法者,8.5964,1953-11-23,0.0,0,Available
"[53, 18]",1081422,Kunwari Dulhan,hi,Kunwari Dulhan,8.5746,1991-01-01,0.0,0,Available
"[80, 28, 18]",438650,Cold Pursuit,en,Cold Pursuit,8.8112,2019-02-07,5.875,2843,Available
[27],11838,Ju-on: The Grudge,ja,呪怨,8.7725,2002-10-18,6.761,994,Available
"[35, 12]",912908,Strays,en,Strays,7.9807,2023-08-17,7.185,1045,Available
"[18, 28, 10752]",456327,The Last Mountain Pass,az,Axırıncı aşırım,8.2318,1971-07-18,1.0,2,Available
"[28, 12, 16, 35, 10751]",280217,The Lego Movie 2: The Second Part,en,The Lego Movie 2: The Second Part,9.0217,2019-02-06,6.644,2509,Available
"[80, 18]",227,The Outsiders,en,The Outsiders,9.0238,1983-03-25,7.168,1605,Available
"[28, 80, 53]",1017163,The Roundup: Punishment,ko,범죄도시 4,9.0235,2024-04-24,7.248,268,Available
"[28, 12, 53]",267860,London Has Fallen,en,London Has Fallen,9.0231,2016-03-02,6.226,5203,Available
"[18, 53, 878]",339988,The Circle,en,The Circle,9.0225,2017-04-27,5.522,4647,Available
"[80, 18, 53]",504172,The Mule,en,The Mule,9.0204,2018-12-14,6.87,5470,Available
[18],884063,Sex Demons: Ghosts Obsessed With Sex,ko,섹귀 : 섹스에 미친 귀신들,9.0174,2021-01-06,10.0,1,Available
"[12, 16, 10751]",297270,Tinker Bell and the Legend of the NeverBeast,en,Tinker Bell and the Legend of the NeverBeast,9.017,2014-12-12,7.418,1241,Available
"[878, 18, 14]",592831,Megalopolis,en,Megalopolis,9.0148,2024-09-25,5.158,1051,Available
"[18, 53]",582,The Lives of Others,de,Das Leben der Anderen,9.0144,2006-03-23,8.038,4247,Available
"[27, 9648, 53]",17111,Shutter,th,ชัตเตอร์ กดติดวิญญาณ,9.0089,2004-09-09,7.3,1442,Available
[27],1645603,Night of the Living Dead,en,Night of the Living Dead,9.006,2026-07-03,4.903,72,Available
"[36, 18]",1321179,The King's Warden,ko,왕과 사는 남자,9.0056,2026-02-04,7.145,31,Available
"[12, 14, 28, 35, 53]",4442,The Brothers Grimm,en,The Brothers Grimm,9.005,2005-08-26,5.867,3039,Available
"[16, 35, 80, 10751, 9648]",10982,Hoodwinked!,en,Hoodwinked!,8.9999,2005-12-16,6.308,1976,Available
"[12, 14]",2268,The Golden Compass,en,The Golden Compass,8.9996,2007-12-04,6.085,4927,Available
"[28, 18, 36, 10752]",724495,The Woman King,en,The Woman King,8.9994,2022-09-16,7.56,2422,Available
"[27, 53]",610253,Halloween Kills,en,Halloween Kills,8.9993,2021-10-14,6.399,2976,Available
"[28, 18, 53]",1088166,Relay,en,Relay,8.9979,2025-08-21,7.017,515,Available
"[9648, 53]",1283515,Verity,en,Verity,8.997,2026-09-30,0.0,0,Available
"[53, 18, 12, 28, 36]",205775,In the Heart of the Sea,en,In the Heart of the Sea,8.9967,2015-12-03,6.786,4496,Available
"[28, 53]",882209,Terrorist Command,es,Comando Terrorista,11.0897,1992-10-08,6.0,1,Available
[18],1757000,Gorgeous Grandmother,tl,Gandang Lola,7.9649,,0.0,0,Unknown
[12],485030,Der Fremdenlegionär,de,Der Fremdenlegionär,9.6716,1928-03-01,10.0,1,Available
"[27, 53]",1029281,Strange Darling,en,Strange Darling,7.5523,2024-08-22,6.861,1018,Available
"[18, 35, 10402]",5528,The Chorus,fr,Les Choristes,8.8503,2004-03-17,7.746,2663,Available
[27],36239,Slaughtered Vomit Dolls,en,Slaughtered Vomit Dolls,6.6273,2006-02-14,3.942,121,Available
"[35, 10749]",9778,Serendipity,en,Serendipity,8.3456,2001-10-05,6.968,2199,Available
"[28, 80]",1327688,One Mile: Chapter One,en,One Mile: Chapter One,8.8231,2026-02-20,6.761,140,Available
"[18, 53, 80]",9303,Bound,en,Bound,9.0876,1996-09-13,7.2,1143,Available
"[27, 9648]",937941,Shelby Oaks,en,Shelby Oaks,8.765,2025-10-02,5.7,306,Available
"[35, 27]",576004,Porno,en,Porno,9.0213,2019-06-28,5.986,433,Available
[18],463570,Lisbon-Province,pt,Lisboa-Província,11.51,2010-06-26,5.0,2,Available
"[28, 80, 53]",446807,The Girl in the Spider's Web,en,The Girl in the Spider's Web,8.5235,2018-10-25,6.164,1557,Available
"[28, 12, 14]",274854,The Last Witch Hunter,en,The Last Witch Hunter,8.8033,2015-10-21,6.026,3939,Available
"[35, 80]",445466,Idiots,en,Idiots,8.8991,2026-08-20,5.2,5,Available
"[28, 80, 53, 9648, 18]",11371,The Score,en,The Score,8.2986,2001-07-13,6.703,1939,Available
"[27, 878]",820609,No One Will Save You,en,No One Will Save You,8.12,2023-09-21,6.712,1589,Available
"[18, 35]",1205515,"Sorry, Baby",en,"Sorry, Baby",8.6909,2025-06-27,6.876,346,Available
"[18, 10770]",691492,Critical Choices,en,Critical Choices,3.7942,1996-12-08,6.333,3,Available
"[16, 10751, 35, 10749]",1076364,Carl's Date,en,Carl's Date,8.6248,2023-06-15,7.433,462,Available
"[12, 28, 35, 53]",8697,Who Am I?,cn,我是誰,8.3155,1998-01-17,7.171,1038,Available
"[18, 28, 27]",1118031,Apocalypse Z: The Beginning of the End,es,Apocalipsis Z: el principio del fin,8.9379,2024-10-04,6.758,1287,Available
"[28, 18, 53]",137094,Jack Ryan: Shadow Recruit,en,Jack Ryan: Shadow Recruit,8.783,2014-01-15,6.125,3177,Available
"[18, 10749]",5203,Wild Orchid,en,Wild Orchid,9.0912,1989-12-22,5.268,306,Available
"[27, 878, 9648]",60935,The Thing,en,The Thing,8.4627,2011-10-12,6.254,3326,Available
[],739277,A Lustful Night,zh,飛鳳春宵,11.1727,1993-08-13,4.667,3,Available
"[10752, 36, 18]",57212,War Horse,en,War Horse,8.2051,2011-12-25,7.303,3760,Available
[27],745048,The Mummy,fr,La Momie,9.2274,2014-11-22,0.0,0,Available
[18],11978,Men of Honor,en,Men of Honor,8.2712,2000-09-13,7.496,2575,Available
"[18, 53]",567748,The Guilty,en,The Guilty,8.5307,2021-09-24,6.426,3247,Available
"[16, 10751, 12, 35, 10402]",21793,The Chipmunk Adventure,en,The Chipmunk Adventure,10.2251,1987-05-22,6.972,125,Available
"[80, 18]",524369,The Many Saints of Newark,en,The Many Saints of Newark,8.5224,2021-09-22,6.298,781,Available
"[16, 28, 18, 878]",1406657,Scarlet,ja,果てしなきスカーレット,8.2096,2025-11-21,7.008,131,Available
"[10749, 18]",820525,After Everything,en,After Everything,8.356,2023-09-13,6.889,1018,Available
"[16, 10751]",1627824,Rocky's Cat-astrophe,en,Rocky's Cat-astrophe,8.693,2026-02-27,7.8,24,Available
"[28, 12, 35, 878, 37]",8487,Wild Wild West,en,Wild Wild West,8.157,1999-06-30,5.317,3681,Available
"[28, 35, 80]",136400,2 Guns,en,2 Guns,8.7809,2013-08-02,6.537,4608,Available
"[35, 27]",246403,Tusk,en,Tusk,8.7365,2014-09-19,5.544,1711,Available
"[80, 18, 37]",82633,Lawless,en,Lawless,9.5753,2012-08-29,7.068,3410,Available
"[27, 9648, 878, 53]",4858,The Invasion,en,The Invasion,8.8255,2007-08-17,6.076,1798,Available
"[80, 10749, 53]",948549,Love Lies Bleeding,en,Love Lies Bleeding,8.9394,2024-03-07,6.548,1019,Available
"[10749, 14, 18]",293863,The Age of Adaline,en,The Age of Adaline,8.9391,2015-04-16,7.467,7187,Available
"[35, 10749, 18]",634,Bridget Jones's Diary,en,Bridget Jones's Diary,7.7375,2001-04-13,6.739,5617,Available
"[53, 878]",4437,2010,en,2010,9.1438,1984-12-06,6.662,1114,Available
[27],807172,The Exorcist: Believer,en,The Exorcist: Believer,8.9365,2023-10-04,5.8,1325,Available
[18],406,La Haine,fr,La Haine,7.6388,1995-05-31,8.083,4692,Available
"[35, 10751]",850,A Christmas Story,en,A Christmas Story,8.4258,1983-11-18,7.237,1465,Available
"[12, 18, 10752]",8619,Master and Commander: The Far Side of the World,en,Master and Commander: The Far Side of the World,8.4046,2003-11-14,7.204,3653,Available
"[12, 35]",9671,Crocodile Dundee,en,Crocodile Dundee,7.8947,1986-09-26,6.444,2197,Available
"[28, 53, 80]",94329,The Raid,id,Serbuan Maut,8.9319,2012-03-22,7.412,4023,Available
[18],10637,Remember the Titans,en,Remember the Titans,8.2391,2000-09-29,7.663,3057,Available
"[27, 9648]",632357,The Unholy,en,The Unholy,8.5076,2021-03-31,6.545,2286,Available
"[18, 35]",1196668,Blue Sky Jo,fr,La petite et le vieux,8.9239,2024-10-04,5.4,5,Available
"[35, 10749]",11000,The Birdcage,en,The Birdcage,8.4145,1996-03-03,7.0,1416,Available
"[28, 35]",897087,Freelance,en,Freelance,8.9218,2023-10-05,6.393,1200,Available
[99],254881,Kosovar Diary,en,Kosovar Diary,8.9154,2009-05-10,0.0,0,Available
"[35, 80, 18]",9879,Striptease,en,Striptease,7.8503,1996-06-28,5.559,1207,Available
"[37, 28, 12, 18]",11967,Young Guns,en,Young Guns,8.1037,1988-08-12,6.688,1077,Available
"[14, 28, 53]",12437,Underworld: Rise of the Lycans,en,Underworld: Rise of the Lycans,8.5672,2009-01-22,6.538,4047,Available
"[878, 53, 12, 28]",1196470,Survive,fr,Survivre,8.9101,2024-06-19,5.893,416,Available
"[878, 28, 12]",842675,The Wandering Earth II,zh,流浪地球2,8.2989,2023-01-22,7.319,754,Available
[35],1700944,"Love, Ngo",tl,"Love, Ngo",7.959,2026-06-03,9.5,2,Available
"[18, 27]",949734,Hādo reipu,ja,ハードレイプ,8.5637,1987-01-05,0.0,0,Available
"[35, 10749]",10030,Good Luck Chuck,en,Good Luck Chuck,7.9875,2007-09-21,5.936,1722,Available
"[53, 80]",1285669,LifeHack,en,LifeHack,8.252,2026-05-15,7.2,20,Available
"[28, 12, 53]",646389,Plane,en,Plane,8.5851,2023-01-11,6.9,2735,Available
"[28, 18, 36, 10752]",11422,Midway,en,Midway,8.2658,1976-06-18,6.609,338,Available
[27],37169,The Human Centipede (First Sequence),en,The Human Centipede (First Sequence),9.3911,2009-10-31,5.169,2463,Available
[99],1739206,Untold Mr. T: I Pity the Fool,en,Untold Mr. T: I Pity the Fool,9.7139,2026-09-08,7.9,12,Available
"[28, 18]",1702400,School Bus,ta,School Bus,9.0324,,0.0,0,Unknown
"[35, 80]",816,Austin Powers: International Man of Mystery,en,Austin Powers: International Man of Mystery,8.1079,1997-05-02,6.601,3920,Available
"[18, 10749]",86331,Desire,fr,Q,8.3935,2011-10-06,6.32,1391,Available
"[14, 28, 53, 878, 27]",346672,Underworld: Blood Wars,en,Underworld: Blood Wars,8.3462,2016-11-24,5.923,4013,Available
[18],414453,Columbus,en,Columbus,4.8444,2017-08-04,7.094,501,Available
"[18, 36, 53]",612,Munich,en,Munich,8.355,2005-12-23,7.132,3088,Available
"[27, 53, 80]",214,Saw III,en,Saw III,7.7343,2006-10-26,6.417,5073,Available
"[18, 36]",446354,The Post,en,The Post,8.2284,2017-12-22,7.006,5015,Available
"[28, 14, 878]",11649,Masters of the Universe,en,Masters of the Universe,7.6136,1987-08-07,5.917,1166,Available
"[35, 18, 10749]",712,Four Weddings and a Funeral,en,Four Weddings and a Funeral,8.3686,1994-03-09,6.771,3065,Available
"[53, 878, 28]",937249,57 Seconds,en,57 Seconds,8.1154,2023-09-29,6.164,709,Available
"[28, 12, 80]",59859,Kick-Ass 2,en,Kick-Ass 2,9.0649,2013-07-17,6.404,6705,Available
"[53, 9648, 80, 18]",446021,Bad Times at the El Royale,en,Bad Times at the El Royale,7.7864,2018-10-04,6.843,3964,Available
[35],485681,Bécassine,fr,Bécassine,11.0749,1940-09-03,6.0,2,Available
"[99, 10402]",1744876,Fito Páez: The World Within a Song,es,Fito Páez: El mundo cabe en una canción,8.4126,2026-09-03,5.111,9,Available
"[10749, 35]",1014590,Upgraded,en,Upgraded,8.1159,2024-02-07,7.183,1052,Available
"[28, 35]",59108,Tower Heist,en,Tower Heist,8.3371,2011-11-02,6.119,3262,Available
"[18, 53]",1236470,The Lost Bus,en,The Lost Bus,8.4012,2025-09-19,7.024,817,Available
"[28, 35, 53, 12]",457332,Hidden Strike,en,Hidden Strike,8.3527,2023-07-06,6.887,1099,Available
"[14, 18]",490,The Seventh Seal,sv,Det sjunde inseglet,7.8931,1957-02-16,8.14,3443,Available
[18],1319522,Gohan,th,โกฮัง..หัวใจโกโฮม,8.6982,2026-04-02,7.143,14,Available
"[10751, 35, 16, 12]",387592,Early Man,en,Early Man,8.3339,2018-01-26,6.142,895,Available
[27],9373,The Texas Chainsaw Massacre,en,The Texas Chainsaw Massacre,8.0444,2003-05-21,6.312,3009,Available
"[35, 80, 18]",9277,The Sting,en,The Sting,8.3645,1973-12-25,8.016,3088,Available
"[35, 28]",1094138,Jackpot!,en,Jackpot!,8.3576,2024-08-13,6.348,837,Available
"[18, 36]",395991,Only the Brave,en,Only the Brave,9.1087,2017-09-22,7.5,1939,Available
[],415227,Emberrabló lányok,hu,Emberrabló lányok,8.7238,1990-01-01,0.0,0,Available
[28],12481,The Big Boss,zh,唐山大兄,7.9636,1971-10-23,7.074,866,Available
"[28, 35]",323675,Ride Along 2,en,Ride Along 2,8.2812,2016-01-14,6.255,1832,Available
"[10751, 16, 12, 35, 14]",431580,Abominable,en,Abominable,8.8441,2019-09-19,7.451,2222,Available
[27],445761,On Dark Paths,fi,Pimeällä polulla,8.843,2014-01-01,7.0,4,Available
"[10751, 14]",163011,Lala the Magician,hu,Tündér Lala,8.8422,1981-12-24,9.0,1,Available
"[878, 28, 53]",19959,Surrogates,en,Surrogates,8.8418,2009-09-24,6.162,3536,Available
"[18, 35]",452244,La Leçon,fr,La Leçon,8.8368,2016-08-01,0.0,0,Available
"[36, 35, 18]",375262,The Favourite,en,The Favourite,8.8332,2018-11-23,7.479,6033,Available
[18],1390382,Couture,fr,Coutures,8.8329,2026-02-18,6.185,62,Available
"[35, 10749]",4806,Runaway Bride,en,Runaway Bride,8.8289,1999-07-30,6.097,2214,Available
[35],11397,Not Another Teen Movie,en,Not Another Teen Movie,8.8287,2001-12-07,5.823,2370,Available
"[27, 53]",9378,Thir13en Ghosts,en,Thir13en Ghosts,8.8199,2001-10-25,6.302,2445,Available
"[28, 53, 12]",657,From Russia with Love,en,From Russia with Love,8.8193,1963-10-10,7.064,3454,Available
"[27, 28, 35]",1423253,Korean Kanakaraju,te,కొరియన్ కనకరాజు,8.8135,2026-08-06,7.0,4,Available
"[16, 28, 12, 18]",1333100,Attack on Titan: THE LAST ATTACK,ja,劇場版「進撃の巨人」完結編 THE LAST ATTACK,8.8122,2024-03-20,8.7,252,Available
[35],376659,Bad Moms,en,Bad Moms,8.8119,2016-07-28,6.479,4321,Available
"[16, 10751, 35, 12, 9648]",420821,Chip 'n Dale: Rescue Rangers,en,Chip 'n Dale: Rescue Rangers,8.8104,2022-05-20,6.975,1423,Available
"[16, 10751, 12, 878]",10865,Atlantis: The Lost Empire,en,Atlantis: The Lost Empire,8.8042,2001-06-02,7.049,5249,Available
"[35, 10749]",1034716,People We Meet on Vacation,en,People We Meet on Vacation,8.8036,2026-01-06,6.971,718,Available
"[10749, 18, 37]",698508,Redeeming Love,en,Redeeming Love,8.801,2022-01-21,7.864,775,Available
"[53, 9648, 10749]",705996,Decision to Leave,ko,헤어질 결심,8.8003,2022-06-29,7.321,1610,Available
"[14, 18, 53, 10749]",1491,The Illusionist,en,The Illusionist,8.4741,2006-08-18,7.301,5466,Available
"[16, 27, 28, 878]",13648,Resident Evil: Degeneration,ja,バイオハザード：ディジェネレーション,9.3578,2008-02-13,6.804,1197,Available
"[18, 10749]",10068,Nine 1/2 Weeks,en,Nine 1/2 Weeks,8.2652,1986-02-09,6.122,1160,Available
"[12, 28, 18]",9313,The Man in the Iron Mask,en,The Man in the Iron Mask,8.5284,1998-03-12,6.655,4224,Available
"[14, 35]",642885,Hocus Pocus 2,en,Hocus Pocus 2,8.6152,2022-09-27,7.131,1858,Available
"[27, 9648]",2667,The Blair Witch Project,en,The Blair Witch Project,10.1277,1999-07-14,6.372,5641,Available
"[80, 53, 28]",1447971,Scare Out,zh,惊蛰无声,9.2112,2026-02-17,6.625,20,Available
"[35, 10751]",8920,Garfield,en,Garfield,9.4842,2004-06-10,5.722,4317,Available
[16],581462,Ostrich Politic,en,Ostrich Politic,9.8458,2018-11-15,7.375,8,Available
"[12, 18, 10751]",9036,Eight Below,en,Eight Below,9.6489,2006-02-17,7.039,1862,Available
"[878, 18, 12]",522402,Finch,en,Finch,7.1978,2021-11-04,7.816,4179,Available
"[80, 53, 27, 18]",18405,The Last House on the Left,en,The Last House on the Left,7.7649,2009-03-13,6.5,2010,Available
"[18, 36, 10752]",504949,The King,en,The King,7.9044,2019-10-11,7.157,3657,Available
[99],594347,The House,fr,La Maison,8.269,2019-04-07,6.9,4,Available
"[10751, 35, 12, 16]",137116,Smurfs: The Lost Village,en,Smurfs: The Lost Village,9.0449,2017-03-23,6.363,1592,Available
"[18, 10749]",261776,The Third One,es,El tercero,8.1743,2014-03-27,6.674,224,Available
"[27, 878, 53]",931349,Ash,en,Ash,7.0629,2025-03-20,5.155,480,Available
"[28, 53, 80]",539885,Ava,en,Ava,7.8588,2020-07-02,5.827,2800,Available
[10749],401741,Crème Caramel,en,Crème Caramel,9.9325,2014-05-20,5.0,2,Available
"[35, 18]",497828,Triangle of Sadness,en,Triangle of Sadness,7.5797,2022-09-18,7.002,3002,Available
"[10749, 18, 35]",50727,The Servant,ko,방자전,8.1283,2010-06-02,5.671,41,Available
"[28, 35, 80, 53]",7516,Smokin' Aces,en,Smokin' Aces,8.3693,2006-12-09,6.477,1886,Available
"[28, 12, 9648, 878, 53]",9620,Paycheck,en,Paycheck,7.3891,2003-12-25,6.222,2110,Available
"[27, 9648]",433808,The Ritual,en,The Ritual,8.6503,2017-10-11,6.303,3561,Available
"[27, 35]",11932,Bride of Chucky,en,Bride of Chucky,8.2062,1998-10-15,6.136,2157,Available
"[28, 12, 53]",415842,American Assassin,en,American Assassin,8.1605,2017-07-14,6.413,3315,Available
"[16, 35]",1012201,HAIKYU!! The Dumpster Battle,ja,劇場版ハイキュー!! ゴミ捨て場の決戦,8.1505,2024-02-16,7.824,272,Available
"[16, 10751, 35]",378236,The Emoji Movie,en,The Emoji Movie,8.9038,2017-07-23,5.367,3382,Available
"[14, 28, 27]",1043197,Dust Bunny,en,Dust Bunny,8.1356,2025-12-11,6.705,403,Available
"[12, 10751, 14]",1140521,The Magic Faraway Tree,en,The Magic Faraway Tree,9.2892,2026-03-26,6.2,64,Available
"[16, 35, 10751, 12]",12242,Mulan II,en,Mulan II,8.6804,2004-11-03,6.528,2561,Available
"[28, 80, 53]",955555,The Roundup: No Way Out,ko,범죄도시 3,8.2398,2023-05-31,7.233,566,Available
"[16, 12, 35, 10751]",172385,Rio 2,en,Rio 2,8.2756,2014-03-19,6.514,3851,Available
"[35, 80]",13161,Big Stan,en,Big Stan,8.5197,2007-11-03,6.663,1099,Available
"[28, 18, 80, 53]",2112,Payback,en,Payback,7.8625,1999-02-05,6.836,2079,Available
"[35, 10749]",466282,To All the Boys I've Loved Before,en,To All the Boys I've Loved Before,8.5315,2018-08-17,7.589,8768,Available
"[10749, 18]",1100099,We Live in Time,en,We Live in Time,7.7098,2024-10-10,7.226,1383,Available
"[10749, 35]",6877,Failure to Launch,en,Failure to Launch,8.546,2006-03-10,5.853,1861,Available
[35],8277,American Pie Presents: Beta House,en,American Pie Presents: Beta House,8.1921,2007-12-06,5.644,2066,Available
"[35, 9648, 80, 12, 10751]",12096,The Pink Panther,en,The Pink Panther,8.2032,2006-02-10,5.878,2200,Available
"[53, 27, 18, 14]",52137,The Little Apocalypse,tr,Küçük Kıyamet,7.7282,2006-12-22,5.3,10,Available
"[27, 9648]",1071215,Thanksgiving,en,Thanksgiving,8.2044,2023-11-16,6.463,1649,Available
"[28, 27, 53]",442249,The First Purge,en,The First Purge,8.7642,2018-07-04,5.997,4293,Available
"[14, 35, 10751]",888,The Flintstones,en,The Flintstones,8.7748,1994-05-27,5.379,2676,Available
"[878, 28, 12]",82700,After Earth,en,After Earth,8.6129,2013-05-30,5.178,6966,Available
"[35, 10749]",8273,American Wedding,en,American Wedding,8.4146,2003-08-01,6.228,4500,Available
"[27, 53]",1079485,Winnie-the-Pooh: Blood and Honey 2,en,Winnie-the-Pooh: Blood and Honey 2,8.3471,2024-03-26,5.8,497,Available
"[28, 35, 14]",11667,Street Fighter,en,Street Fighter,8.7325,1994-12-23,4.678,1691,Available
"[18, 10402]",10376,The Legend of 1900,it,La leggenda del pianista sull'oceano,9.5203,1998-10-28,8.235,2491,Available
[18],754220,Waves,ms,Gelombang,8.3724,2019-11-25,10.0,1,Available
[],854053,RAmén,es,RAmén,9.1989,2019-06-24,0.0,0,Available
[],947424,Apartment Wife: Unforgettable Night,ja,団地妻　忘れ得ぬ夜,8.0488,1972-07-08,7.0,1,Available
"[53, 12]",213,North by Northwest,en,North by Northwest,7.6174,1959-08-06,7.961,4627,Available
"[35, 18]",1049471,Outcome,en,Outcome,9.241,2026-04-06,5.423,253,Available
"[878, 18, 10749]",31011,Mr. Nobody,en,Mr. Nobody,8.4366,2009-11-06,7.787,6350,Available
"[28, 10749, 16]",317442,The Last: Naruto the Movie,ja,THE LAST -NARUTO THE MOVIE-,8.6934,2014-12-06,7.477,2421,Available
"[27, 53]",16871,Drag Me to Hell,en,Drag Me to Hell,8.693,2009-05-27,6.488,4205,Available
[18],33194,Xiu Xiu: The Sent-Down Girl,en,Xiu Xiu: The Sent-Down Girl,8.6902,1998-02-19,7.2,50,Available
[18],1168719,Silent Friend,de,Silent Friend,8.6888,2026-01-15,6.979,47,Available
[],306215,Mr. Plant,en,Mr. Plant,8.6881,2014-11-04,6.0,3,Available
"[28, 80]",9604,Red Heat,en,Red Heat,8.6858,1988-06-17,6.235,1671,Available
"[28, 18, 36]",980026,The Promised Land,da,Bastarden,8.6829,2023-10-05,7.662,632,Available
"[27, 53]",646683,The Exorcism,en,The Exorcism,8.6809,2024-05-30,5.047,457,Available
"[35, 18, 14]",492,Being John Malkovich,en,Being John Malkovich,8.6804,1999-10-29,7.42,4941,Available
"[14, 878, 12]",412656,Chaos Walking,en,Chaos Walking,8.6801,2021-02-24,6.544,2679,Available
[],1325389,Cold Feet,en,Cold Feet,8.6768,2024-08-24,6.0,1,Available
"[10749, 18, 53, 80]",43539,The Next Three Days,en,The Next Three Days,8.6766,2010-11-18,7.088,3182,Available
"[878, 12]",830,Forbidden Planet,en,Forbidden Planet,8.6743,1956-03-23,7.262,1096,Available
"[28, 35, 878]",10679,Iron Sky,en,Iron Sky,8.6737,2012-04-04,5.748,1839,Available
"[16, 10751]",13700,Home on the Range,en,Home on the Range,8.6715,2004-04-02,6.07,2206,Available
"[28, 53]",1326891,Ananthan Kaadu,ml,അനന്തൻ കാട്,8.6703,2026-06-25,4.0,1,Available
"[28, 53]",3512,Under Siege 2: Dark Territory,en,Under Siege 2: Dark Territory,8.668,1995-07-13,5.864,1057,Available
"[28, 878, 53]",1035048,Elevation,en,Elevation,8.665,2024-11-07,6.427,1053,Available
"[53, 80, 9648]",2252,Eastern Promises,en,Eastern Promises,8.6649,2007-09-14,7.348,3830,Available
[27],748230,Salem's Lot,en,Salem's Lot,8.6646,2024-10-03,5.965,733,Available
"[53, 878, 18]",97370,Under the Skin,en,Under the Skin,7.8291,2014-03-14,6.137,3933,Available
"[35, 80, 53]",9013,Midnight Run,en,Midnight Run,8.4642,1988-07-20,7.184,1332,Available
"[10751, 18, 35]",13374,Ice Princess,en,Ice Princess,8.3331,2005-03-17,6.43,963,Available
"[18, 36]",837881,She Said,en,She Said,7.4879,2022-11-17,7.163,748,Available
"[35, 18]",580175,Another Round,da,Druk,8.243,2020-09-24,7.628,3905,Available
"[18, 10749]",913851,A Love Song,en,A Love Song,7.9592,2022-07-29,6.614,57,Available
"[53, 18, 10749]",279677,Secret Sharer,en,Secret Sharer,8.5183,2014-06-27,4.2,5,Available
[35],11453,Deuce Bigalow: European Gigolo,en,Deuce Bigalow: European Gigolo,8.7452,2005-08-12,5.305,1051,Available
"[878, 28, 18, 53]",10357,Volcano,en,Volcano,8.0566,1997-04-25,5.98,1755,Available
"[12, 35, 878]",7453,The Hitchhiker's Guide to the Galaxy,en,The Hitchhiker's Guide to the Galaxy,8.1726,2005-04-28,6.691,4357,Available
"[18, 10749]",22947,Up in the Air,en,Up in the Air,8.2852,2009-12-04,6.9,4134,Available
"[28, 12, 35, 14]",6978,Big Trouble in Little China,en,Big Trouble in Little China,8.1958,1986-05-30,7.21,3486,Available
"[878, 28, 12]",1300968,The Hunger Games: Sunrise on the Reaping,en,The Hunger Games: Sunrise on the Reaping,8.6401,2026-11-18,0.0,0,Available
"[28, 80, 53]",619803,The Roundup,ko,범죄도시 2,8.0326,2022-05-18,7.33,459,Available
"[53, 18, 10749]",287649,Scarlet Innocence,ko,마담 뺑덕,7.9793,2014-10-02,6.1,71,Available
"[35, 14, 878, 10749]",11814,Weird Science,en,Weird Science,7.7629,1985-08-01,6.531,1598,Available
"[16, 35, 12, 10751]",218836,Planes: Fire & Rescue,en,Planes: Fire & Rescue,8.67,2014-07-17,6.2,949,Available
"[16, 18, 14, 10749]",533514,Violet Evergarden: The Movie,ja,劇場版 ヴァイオレット・エヴァーガーデン,8.5065,2020-09-18,8.294,541,Available
"[28, 53]",1228834,The Fix,en,The Fix,8.0038,2026-09-11,10.0,1,Available
"[16, 10751, 28, 12, 14]",1147416,"Miraculous World: London, at the Edge of Time",fr,"Miraculous World : Londres, la course contre le temps",8.0583,2024-11-14,7.52,322,Available
"[18, 53]",441282,Night Hunter,en,Night Hunter,8.4126,2019-08-08,6.574,1105,Available
"[10402, 35]",6279,Sister Act 2: Back in the Habit,en,Sister Act 2: Back in the Habit,7.9633,1993-12-09,6.369,2004,Available
"[37, 28, 18, 53]",12106,The Quick and the Dead,en,The Quick and the Dead,8.9941,1995-02-09,6.551,2030,Available
[35],1516724,Good Vibes Only,fr,Pour le plaisir,8.4895,2026-05-06,6.2,44,Available
"[35, 10749, 14]",9007,Just Like Heaven,en,Just Like Heaven,8.9353,2005-09-16,6.974,2640,Available
"[12, 16, 35, 10751, 14]",400160,The SpongeBob Movie: Sponge on the Run,en,The SpongeBob Movie: Sponge on the Run,8.5168,2020-08-14,7.39,3028,Available
"[35, 80]",37137,The Naked Gun 2½: The Smell of Fear,en,The Naked Gun 2½: The Smell of Fear,8.2293,1991-06-28,6.821,2864,Available
"[27, 53]",511987,Crawl,en,Crawl,13.7982,2019-07-10,6.334,3457,Available
"[12, 28, 53]",253,Live and Let Die,en,Live and Let Die,7.4057,1973-06-27,6.504,2359,Available
"[18, 35]",1069905,Jay Kelly,en,Jay Kelly,8.0546,2025-11-14,6.131,467,Available
[35],1261825,Oh. What. Fun.,en,Oh. What. Fun.,8.0726,2025-12-03,5.64,261,Available
"[35, 28, 10751]",9353,Nacho Libre,en,Nacho Libre,7.5499,2006-06-16,6.537,1920,Available
"[28, 53, 27, 80]",799379,Project Wolf Hunting,ko,늑대사냥,8.0277,2022-09-21,6.473,460,Available
"[28, 80, 35]",796499,Army of Thieves,en,Army of Thieves,8.2408,2021-10-29,6.8,2345,Available
"[12, 10751, 14]",13600,City of Ember,en,City of Ember,8.2376,2008-10-07,6.377,1948,Available
"[36, 99, 9648]",273186,Industrial Revolution,pt,Revolução Industrial,10.9887,2014-04-01,5.0,2,Available
[35],330477,Baby Love,it,Baby Love,9.8131,1979-01-01,3.0,7,Available
"[28, 53, 10752]",567189,Tom Clancy's Without Remorse,en,Tom Clancy's Without Remorse,8.4342,2021-04-30,6.938,2788,Available
"[35, 18, 10749]",112160,Sexual Chronicles of a French Family,fr,Chroniques sexuelles d'une famille d'aujourd'hui,8.7294,2012-05-09,5.38,412,Available
"[10749, 18, 14]",11845,Intimacy,en,Intimacy,8.6132,2001-01-20,6.205,561,Available
"[35, 18, 10751]",196867,Annie,en,Annie,8.6131,2014-12-18,6.238,1378,Available
"[53, 35, 9648]",484247,A Simple Favor,en,A Simple Favor,8.613,2018-09-13,6.637,4688,Available
[28],9399,Lionheart,en,Lionheart,8.612,1990-06-07,6.634,1200,Available
"[35, 18]",10312,Patch Adams,en,Patch Adams,8.6098,1998-12-25,7.31,3516,Available
"[12, 28, 35]",10974,Armour of God,cn,龍兄虎弟,8.6092,1986-08-16,7.049,680,Available
"[10751, 16, 10749, 14]",14128,Cinderella II: Dreams Come True,en,Cinderella II: Dreams Come True,8.6079,2002-02-23,6.116,1557,Available
"[28, 35, 80]",11001,Blue Streak,en,Blue Streak,8.6047,1999-09-17,6.525,1697,Available
"[35, 10749]",957119,Sidelined: The QB and Me,en,Sidelined: The QB and Me,8.6018,2025-02-06,6.42,261,Available
[35],52449,Bad Teacher,en,Bad Teacher,8.6008,2011-05-16,5.612,5031,Available
[18],1241983,Train Dreams,en,Train Dreams,8.6007,2025-11-05,7.315,1167,Available
"[18, 53]",7442,Sleeping with the Enemy,en,Sleeping with the Enemy,8.5948,1991-01-13,6.52,1268,Available
"[28, 80, 53]",9316,Ong-Bak,th,องค์บาก,8.5947,2003-01-31,7.162,1962,Available
"[18, 10749, 10402]",824,Moulin Rouge!,en,Moulin Rouge!,8.5939,2001-05-18,7.52,4941,Available
[35],227159,Horrible Bosses 2,en,Horrible Bosses 2,8.5937,2014-11-12,6.175,4479,Available
"[28, 12]",308504,Last Knights,en,Last Knights,8.591,2015-04-03,6.375,1183,Available
"[28, 80, 53]",180299,The Raid 2,id,The Raid 2: Berandal,8.5908,2014-03-27,7.617,2687,Available
"[80, 18, 53]",1124142,The Rivals of Amziah King,en,The Rivals of Amziah King,8.5907,2026-08-13,6.571,35,Available
"[9648, 53, 28]",241848,The Guest,en,The Guest,8.5889,2014-09-05,6.6,2203,Available
"[35, 27]",43593,Piranha 3D,en,Piranha 3D,8.588,2010-08-20,5.426,2454,Available
"[35, 18]",10634,Friday,en,Friday,7.6311,1995-04-26,7.151,2093,Available
"[35, 878, 12]",774752,The Guardians of the Galaxy Holiday Special,en,The Guardians of the Galaxy Holiday Special,7.9752,2022-11-24,7.083,2465,Available
[27],1691,Hostel: Part II,en,Hostel: Part II,8.5126,2007-06-07,5.856,2274,Available
"[28, 53]",136418,Hummingbird,en,Hummingbird,9.3323,2013-05-07,6.176,1923,Available
"[18, 53]",1050390,Confinement Escape: Beautiful Prey,ja,監禁逃亡　美しき獲物たち,8.3807,1993-12-24,7.0,2,Available
"[28, 27, 53]",316727,The Purge: Election Year,en,The Purge: Election Year,8.5158,2016-06-29,6.379,5579,Available
"[35, 10749]",458423,Mamma Mia! Here We Go Again,en,Mamma Mia! Here We Go Again,8.4531,2018-07-18,7.069,3632,Available
[27],1567187,A Mother's Recall,es,Memoria de una madre,8.4223,2025-10-21,5.5,4,Available
"[35, 18]",1309725,The Richest Woman in the World,fr,La Femme la plus riche du monde,8.1185,2025-10-29,6.153,144,Available
"[10749, 18]",30112,Lost in Beijing,zh,苹果,8.5021,2007-11-08,6.5,68,Available
"[18, 53]",1380316,Is God Is,en,Is God Is,8.4188,2026-05-14,5.904,125,Available
"[12, 35, 18, 10751]",371645,Hunt for the Wilderpeople,en,Hunt for the Wilderpeople,7.9468,2016-01-22,7.645,2386,Available
"[27, 878, 53]",667216,Infinity Pool,en,Infinity Pool,7.6504,2023-01-27,6.039,1103,Available
"[28, 80]",9462,The Way of the Dragon,cn,猛龍過江,8.2831,1972-12-30,7.391,1330,Available
"[18, 36, 10752]",205,Hotel Rwanda,en,Hotel Rwanda,7.3843,2004-12-22,7.719,3266,Available
"[18, 53, 80, 9648]",186,Lucky Number Slevin,en,Lucky Number Slevin,8.5803,2006-02-24,7.477,4609,Available
[18],436279,The Citizen,hu,Az állampolgár,9.4302,2017-01-26,6.7,9,Available
"[18, 10751]",1278101,Big World,zh,小小的我,8.9426,2024-12-27,8.641,128,Available
"[35, 18, 10749]",858,Sleepless in Seattle,en,Sleepless in Seattle,8.3301,1993-06-24,6.7,2681,Available
"[14, 18, 35, 10751]",9598,Babe,en,Babe,7.4338,1995-07-18,6.294,3202,Available
"[27, 53]",744857,When Evil Lurks,es,Cuando acecha la maldad,7.6036,2023-10-05,7.159,1536,Available
"[28, 16, 878]",303857,Dragon Ball Z: Resurrection 'F',ja,ドラゴンボールZ 復活の「F」,8.7671,2015-04-18,6.899,2073,Available
"[878, 12, 28]",2135,The Time Machine,en,The Time Machine,8.4004,2002-03-04,6.352,2653,Available
"[80, 53, 18]",429200,Good Time,en,Good Time,7.4403,2017-08-11,7.205,3226,Available
"[12, 10751]",437899,Cápsulas,en,Cápsulas,10.6827,2012-02-17,6.0,2,Available
"[28, 18, 14]",1494,Curse of the Golden Flower,zh,滿城盡帶黃金甲,7.3991,2006-12-14,6.876,848,Available
"[18, 80, 53]",470,21 Grams,en,21 Grams,7.3737,2003-11-18,7.319,3479,Available
"[80, 28, 12]",452026,El víbora,es,El víbora,9.4027,2002-01-01,0.0,0,Available
"[35, 10751, 16, 14, 10402]",23398,Alvin and the Chipmunks: The Squeakquel,en,Alvin and the Chipmunks: The Squeakquel,8.0458,2009-12-21,5.656,3186,Available
"[28, 35, 80]",18764,Twin Dragons,cn,双龙会,7.7979,1992-01-15,6.884,470,Available
"[28, 53, 80]",1196573,She Rides Shotgun,en,She Rides Shotgun,7.1237,2025-07-31,7.025,330,Available
"[28, 80, 53, 18]",15255,Undisputed II: Last Man Standing,en,Undisputed II: Last Man Standing,8.4824,2006-04-11,7.406,963,Available
"[18, 12, 28, 53]",2133,The Perfect Storm,en,The Perfect Storm,8.2377,2000-06-29,6.489,2652,Available
"[18, 53]",340666,Nocturnal Animals,en,Nocturnal Animals,7.7242,2016-11-04,7.404,8425,Available
"[35, 18, 10751]",2616,Uncle Buck,en,Uncle Buck,7.8577,1989-08-16,6.815,1404,Available
"[16, 35, 10751]",227973,The Peanuts Movie,en,The Peanuts Movie,8.2123,2015-11-05,6.984,1839,Available
"[18, 36, 28]",760329,The Smashing Machine,en,The Smashing Machine,7.6621,2025-10-01,6.4,701,Available
"[18, 80, 36]",522212,Just Mercy,en,Just Mercy,8.3116,2019-12-25,7.844,2545,Available
"[18, 10749]",2623,An Officer and a Gentleman,en,An Officer and a Gentleman,7.9421,1982-07-28,7.029,1235,Available
"[878, 28, 12]",848326,Rebel Moon - Part One: A Child of Fire,en,Rebel Moon - Part One: A Child of Fire,7.6866,2023-12-15,6.219,2686,Available
"[28, 35, 80]",10189,Pineapple Express,en,Pineapple Express,9.081,2008-08-06,6.64,4320,Available
"[28, 53, 80]",5820,The Sentinel,en,The Sentinel,8.0511,2006-04-19,6.067,932,Available
[27],1690,Hostel,en,Hostel,7.7367,2006-01-06,5.964,4055,Available
"[18, 28]",8456,Never Back Down,en,Never Back Down,8.0212,2008-03-04,6.781,2550,Available
"[18, 28, 53, 80]",10632,The Hunted,en,The Hunted,7.5745,2003-03-11,6.172,948,Available
"[28, 18]",1825,Over the Top,en,Over the Top,8.5224,1987-02-13,6.466,1917,Available
"[27, 35]",11249,Seed of Chucky,en,Seed of Chucky,7.197,2004-11-12,5.505,1797,Available
"[35, 10749, 18]",1633263,Wonderful Nightmare,tl,Wonderful Nightmare,8.5558,2026-04-04,8.078,32,Available
"[16, 878, 12]",342610,Labyrinth,fr,Le labyrinthe,7.9816,1969-07-17,7.3,3,Available
[18],723562,Actresses: Sex Audition,ko,여배우들: 섹스 오디션,9.0295,2020-07-03,5.75,4,Available
"[28, 18, 53]",12113,Body of Lies,en,Body of Lies,8.4619,2008-10-09,6.628,3420,Available
"[28, 35]",8393,The Gods Must Be Crazy,en,The Gods Must Be Crazy,7.5527,1980-09-10,7.278,1363,Available
"[27, 53, 878]",1400940,Clayface,en,Clayface,8.4738,2026-10-21,0.0,0,Available
[27],1072342,Night Swim,en,Night Swim,8.3032,2024-01-03,5.493,897,Available
"[18, 28]",637997,Rom,vi,Ròm,9.3262,2020-07-31,6.9,15,Available
"[53, 18, 80]",376290,Miss Sloane,en,Miss Sloane,7.8099,2016-11-25,7.403,2022,Available
[],337772,Until It's Too Late...,lt,Kol nevėlu...,5.9804,1957-02-07,0.0,0,Available
"[16, 10751, 35, 878, 12]",16866,Planet 51,en,Planet 51,7.9914,2009-11-19,5.925,2221,Available
"[28, 80, 53]",76640,The Last Stand,en,The Last Stand,8.3523,2013-01-12,6.097,3062,Available
"[16, 10751, 14, 12]",75258,Secret of the Wings,en,Secret of the Wings,8.5093,2012-08-17,7.3,1414,Available
[35],1263256,Happy Gilmore 2,en,Happy Gilmore 2,7.4667,2025-07-25,6.5,1049,Available
"[27, 53]",11281,Halloween II,en,Halloween II,8.2974,1981-10-30,6.594,2307,Available
"[12, 35, 10751, 878]",9354,"Honey, I Shrunk the Kids",en,"Honey, I Shrunk the Kids",8.0742,1989-06-23,6.334,3427,Available
"[28, 18]",678512,Sound of Freedom,en,Sound of Freedom,8.6696,2023-07-03,7.95,2831,Available
"[35, 12, 80]",817,Austin Powers: The Spy Who Shagged Me,en,Austin Powers: The Spy Who Shagged Me,7.9732,1999-06-08,6.322,3791,Available
"[12, 28, 16]",2310,Beowulf,en,Beowulf,7.7115,2007-11-05,5.924,3153,Available
[],198545,Petőfi '73,hu,Petőfi '73,9.6194,1973-06-16,5.75,4,Available
[35],1542,Office Space,en,Office Space,8.2962,1999-02-19,7.383,3517,Available
[99],781150,In Paradisum,et,In Paradisum,7.7918,1993-09-15,0.0,0,Available
"[28, 14, 12]",458576,Monster Hunter,en,Monster Hunter,8.4611,2020-12-03,6.512,3649,Available
"[28, 14, 27]",38321,Priest,en,Priest,8.6751,2011-05-05,5.912,2623,Available
[99],1126720,The Everwarm Bed,tr,Sıcak Yatak,9.116,2021-11-04,0.0,0,Available
"[28, 12, 27, 53, 18]",760741,Beast,en,Beast,7.5345,2022-08-11,6.533,1805,Available
"[16, 12, 10751]",313297,Kubo and the Two Strings,en,Kubo and the Two Strings,7.3525,2016-08-18,7.639,3911,Available
"[28, 14, 53]",1180831,Troll 2,no,Troll 2,8.2614,2025-11-30,6.327,524,Available
"[35, 18]",1037113,Snack Shack,en,Snack Shack,7.5804,2024-03-15,7.313,294,Available
"[35, 10749]",271718,Trainwreck,en,Trainwreck,7.203,2015-07-17,5.779,2761,Available
"[28, 18, 53]",2100,The Last Castle,en,The Last Castle,8.0441,2001-10-19,7.165,1481,Available
"[12, 28]",662707,Starbright,en,Starbright,8.8673,2026-02-27,5.7,20,Available
"[18, 10752]",143,All Quiet on the Western Front,en,All Quiet on the Western Front,8.6598,1930-04-29,7.758,963,Available
"[9648, 878, 53]",579047,Reminiscence,en,Reminiscence,8.3427,2021-08-18,6.5,2001,Available
"[35, 10749]",10358,Zack and Miri Make a Porno,en,Zack and Miri Make a Porno,7.4913,2008-09-18,6.333,2752,Available
[35],17824,Private Resort,en,Private Resort,7.8569,1985-05-03,5.716,243,Available
"[9648, 18, 53]",491584,Burning,ko,버닝,7.5745,2018-05-17,7.379,1883,Available
"[18, 27, 9648]",4552,A Tale of Two Sisters,ko,"장화, 홍련",7.5068,2003-06-13,7.105,1387,Available
"[28, 53, 80]",49527,Man on a Ledge,en,Man on a Ledge,9.0131,2012-01-13,6.439,2877,Available
"[80, 35, 12]",9273,Ace Ventura: When Nature Calls,en,Ace Ventura: When Nature Calls,7.8658,1995-11-10,6.345,4691,Available
"[18, 10751]",770156,Lucy Shimmers and the Prince of Peace,en,Lucy Shimmers and the Prince of Peace,8.3286,2020-10-19,8.4,374,Available
"[80, 53]",1248230,Splash City,en,Splash City,6.9193,2026-07-20,6.0,5,Available
[18],1103621,How to Make Millions Before Grandma Dies,th,หลานม่า,8.2615,2024-04-04,8.105,439,Available
[99],1443646,Fuji,en,Fuji,3.6246,2021-09-25,0.0,0,Available
"[18, 10749]",23169,Remember Me,en,Remember Me,8.0984,2010-03-11,7.097,3792,Available
"[18, 53, 35]",265195,Wild Tales,es,Relatos salvajes,7.5169,2014-08-21,7.868,3858,Available
[18],1160360,If I Had Legs I'd Kick You,en,If I Had Legs I'd Kick You,7.1636,2025-10-10,6.333,412,Available
"[27, 878, 53]",8843,The Cell,en,The Cell,7.5216,2000-08-18,6.283,1785,Available
"[18, 36]",152532,Dallas Buyers Club,en,Dallas Buyers Club,8.3107,2013-11-01,7.905,9257,Available
"[16, 35, 18, 10751, 878]",539745,Animal Farm,en,Animal Farm,7.9671,2026-04-30,6.4,110,Available
"[12, 16, 18, 10751]",10948,The Fox and the Hound,en,The Fox and the Hound,7.3892,1981-07-10,7.174,3581,Available
[18],254981,Tolerância,pt,Tolerância,10.1493,2000-10-01,5.158,19,Available
"[53, 28, 12]",1280450,Stolen Girl,en,Stolen Girl,8.0785,2025-09-04,6.359,202,Available
[37],336,"Duck, You Sucker",it,Giù la testa,9.4804,1971-10-29,7.667,1217,Available
"[27, 9648, 878]",384521,The Cloverfield Paradox,en,The Cloverfield Paradox,7.4232,2018-02-04,5.641,3673,Available
"[16, 35, 10751, 12]",774825,The Ice Age Adventures of Buck Wild,en,The Ice Age Adventures of Buck Wild,8.3459,2022-01-28,6.545,1870,Available
"[53, 28, 10749, 878, 12]",10003,The Saint,en,The Saint,8.4158,1997-04-03,6.112,1294,Available
"[16, 35]",9473,"South Park: Bigger, Longer & Uncut",en,"South Park: Bigger, Longer & Uncut",8.1483,1999-06-24,7.285,3034,Available
"[10749, 18]",298094,Hidden Desire,cn,我為卿狂,8.9888,1991-11-15,5.278,27,Available
"[27, 9648, 53]",23437,A Nightmare on Elm Street,en,A Nightmare on Elm Street,8.3942,2010-04-30,5.52,2976,Available
"[9648, 27, 28]",29427,The Crazies,en,The Crazies,7.9755,2010-02-26,6.306,2354,Available
[18],1086268,Three,sr,Тrоје,8.4887,2023-03-01,6.5,2,Available
[18],313534,New Dubai,pt,Nova Dubai,7.7064,2014-10-23,6.167,12,Available
"[10749, 18]",1229343,Bikini Bar: Delicious Service,ko,비키니바: 맛있는서비스,7.5638,2020-11-26,10.0,1,Available
"[12, 35, 10751, 10749]",10603,George of the Jungle,en,George of the Jungle,7.5057,1997-07-15,5.672,2315,Available
"[12, 28, 53]",699,For Your Eyes Only,en,For Your Eyes Only,7.7172,1981-06-24,6.549,2149,Available
"[14, 28]",30421,A Chinese Ghost Story,cn,倩女幽魂,7.6537,1987-07-18,7.311,349,Available
[35],1217584,Torrente for President,es,Torrente presidente,8.0327,2026-03-13,6.131,149,Available
"[35, 18]",491418,Instant Family,en,Instant Family,8.0938,2018-11-13,7.491,3298,Available
"[18, 28]",59440,Warrior,en,Warrior,8.5207,2011-09-09,7.841,5130,Available
"[28, 35, 80]",306,Beverly Hills Cop III,en,Beverly Hills Cop III,7.9858,1994-05-24,5.872,2203,Available
[18],758866,Drive My Car,ja,ドライブ・マイ・カー,7.2991,2021-08-18,7.436,1556,Available
"[36, 18]",72976,Lincoln,en,Lincoln,7.6159,2012-11-09,6.841,4140,Available
[18],809140,Father Stu,en,Father Stu,7.8655,2022-04-13,7.108,760,Available
"[80, 9648, 53]",346685,The Girl on the Train,en,The Girl on the Train,7.4294,2016-10-05,6.436,6142,Available
"[878, 28]",44943,Battle: Los Angeles,en,Battle: Los Angeles,8.158,2011-03-08,5.828,3841,Available
"[28, 27, 878]",1051896,Arcadian,en,Arcadian,7.9302,2024-04-12,6.072,957,Available
"[12, 10752]",11046,Where Eagles Dare,en,Where Eagles Dare,7.2322,1968-12-04,7.522,1027,Available
"[12, 18, 10749, 37]",11259,Far and Away,en,Far and Away,7.5019,1992-05-22,6.8,1346,Available
"[35, 10749]",996821,You're Cordially Invited,en,You're Cordially Invited,7.8727,2025-01-29,5.812,477,Available
"[878, 12]",168,Star Trek IV: The Voyage Home,en,Star Trek IV: The Voyage Home,7.1148,1986-11-26,7.2,1709,Available
"[18, 10749]",522924,The Art of Racing in the Rain,en,The Art of Racing in the Rain,8.1875,2019-08-08,8.156,1719,Available
"[12, 28, 18, 53]",503,Poseidon,en,Poseidon,7.5961,2006-05-03,5.902,2393,Available
"[37, 18, 9648]",11901,High Plains Drifter,en,High Plains Drifter,7.9893,1973-04-19,7.329,1386,Available
"[27, 878, 53]",377264,Morgan,en,Morgan,11.0064,2016-09-01,5.825,1645,Available
"[27, 9648, 53]",1330421,Bone Lake,en,Bone Lake,8.0918,2025-10-02,5.848,247,Available
"[27, 9648]",345911,Lights Out,en,Lights Out,8.4137,2016-07-21,6.381,4220,Available
"[35, 18, 10751, 14, 878]",13688,CJ7,cn,長江七號,7.5343,2008-01-30,7.336,830,Available
"[10749, 35]",50544,Friends with Benefits,en,Friends with Benefits,7.9678,2011-07-21,6.639,8511,Available
"[14, 12, 28]",847,Willow,en,Willow,7.1912,1988-05-20,7.0,2247,Available
"[28, 12, 18]",9433,The Edge,en,The Edge,7.3488,1997-09-06,6.9,1361,Available
"[28, 53, 10752]",717930,Kandahar,en,Kandahar,8.1268,2023-05-25,6.782,1309,Available
"[18, 80, 53]",9559,A Perfect World,en,A Perfect World,8.0204,1993-11-24,7.504,1917,Available
[35],325133,Neighbors 2: Sorority Rising,en,Neighbors 2: Sorority Rising,8.4012,2016-05-04,5.816,4690,Available
"[80, 18, 9648, 53]",12201,Edge of Darkness,en,Edge of Darkness,7.543,2010-01-28,6.46,1797,Available
"[10752, 36, 27]",25998,Men Behind the Sun,cn,黑太陽731,8.3345,1988-12-01,6.277,276,Available
"[27, 53]",794,The Omen,en,The Omen,8.2569,1976-06-25,7.402,2494,Available
"[80, 35, 18, 36]",487558,BlacKkKlansman,en,BlacKkKlansman,7.9939,2018-08-09,7.487,8254,Available
"[10751, 16, 12]",14873,The Jungle Book 2,en,The Jungle Book 2,8.5379,2003-02-07,5.905,1218,Available
"[18, 10749, 80]",511809,West Side Story,en,West Side Story,7.4189,2021-12-08,6.905,1839,Available
"[12, 16, 14]",15283,Pom Poko,ja,平成狸合戦ぽんぽこ,8.2681,1994-07-16,7.173,1233,Available
"[10749, 35]",34016,She's Out of My League,en,She's Out of My League,8.0574,2010-03-11,6.506,2416,Available
"[12, 28, 53]",36670,Never Say Never Again,en,Never Say Never Again,7.3639,1983-10-07,6.083,1672,Available
"[35, 18]",41733,Due Date,en,Due Date,9.0463,2010-11-03,6.393,5962,Available
"[53, 9648, 27]",207933,Stonehearst Asylum,en,Stonehearst Asylum,8.3232,2014-10-23,6.85,1639,Available
"[18, 10749]",1447917,Rapsa,tl,Rapsa,8.1715,2025-05-02,5.0,3,Available
"[10749, 18]",24803,Julie & Julia,en,Julie & Julia,7.6509,2009-08-06,6.712,2255,Available
[18],1481955,Sunshine Women's Choir,zh,陽光女子合唱團,7.6682,2025-12-31,7.4,8,Available
"[27, 878, 53]",9599,The Blob,en,The Blob,7.1041,1988-08-05,6.868,1099,Available
"[35, 18]",439,La Dolce Vita,it,La dolce vita,7.0072,1960-02-05,8.026,2067,Available
"[16, 10751, 14]",756,Fantasia,en,Fantasia,7.3842,1940-11-13,7.351,3389,Available
"[18, 27, 53]",17609,Antichrist,en,Antichrist,7.6057,2009-05-20,6.612,2911,Available
"[878, 28, 12, 53]",201,Star Trek: Nemesis,en,Star Trek: Nemesis,7.6397,2002-12-13,6.302,1643,Available
"[878, 9648, 27]",458305,Vivarium,en,Vivarium,7.3257,2019-09-07,6.073,2728,Available
"[35, 18, 10749]",284,The Apartment,en,The Apartment,8.0733,1960-06-21,8.182,2768,Available
"[10751, 35, 12, 14]",826510,Harold and the Purple Crayon,en,Harold and the Purple Crayon,8.0829,2024-07-31,6.553,388,Available
"[878, 28, 27]",1241470,Osiris,en,Osiris,8.0793,2025-07-25,6.132,310,Available
"[14, 35, 12]",779782,The School for Good and Evil,en,The School for Good and Evil,7.8807,2022-10-19,7.016,1424,Available
"[27, 10752, 878]",438799,Overlord,en,Overlord,7.2129,2018-11-01,6.7,3225,Available
"[18, 28, 53]",13333,Game of Death,cn,死亡遊戲,7.5606,1978-03-23,6.391,756,Available
[18],1110285,Life,fr,Life,9.7121,2002-04-16,6.8,2,Available
"[28, 80, 53, 18]",22164,Blood and Bone,en,Blood and Bone,8.5416,2009-02-07,7.371,922,Available
"[16, 14, 27]",15999,Vampire Hunter D: Bloodlust,ja,バンパイアハンターD,8.2576,2001-04-21,7.716,842,Available
"[27, 35]",551804,Freaky,en,Freaky,7.9669,2020-11-12,6.543,1909,Available
"[10751, 16, 12, 35]",520758,Chicken Run: Dawn of the Nugget,en,Chicken Run: Dawn of the Nugget,8.3297,2023-12-08,6.945,941,Available
"[878, 80, 53]",10559,Frequency,en,Frequency,6.6874,2000-04-28,7.269,2096,Available
"[16, 10751, 12, 35]",364689,Ferdinand,en,Ferdinand,8.1597,2017-12-09,7.21,3157,Available
"[18, 10751]",1186532,The Forge,en,The Forge,7.4451,2024-08-22,8.202,356,Available
[18],1710886,Sugar Mommy,tl,Sugar Mommy,7.7684,2026-06-09,0.0,0,Available
[99],1741201,Chompoo: Lost​ &​ Forgotten​,th,คดีชมพู่:​ เด็กหายที่ถูกลืม,7.1831,2026-08-20,5.75,12,Available
"[18, 80, 36]",644495,House of Gucci,en,House of Gucci,8.3291,2021-11-24,6.56,3514,Available
"[35, 10749]",869227,Super Sharanya,ml,സൂപ്പര്‍ ശരണ്യ,8.5973,2022-01-07,6.6,25,Available
"[35, 10749]",1400336,Focker-in-Law,en,Focker-in-Law,7.6572,2026-11-25,0.0,0,Available
"[28, 12, 878]",9355,Mad Max Beyond Thunderdome,en,Mad Max Beyond Thunderdome,7.9879,1985-06-29,6.221,3363,Available
"[28, 12, 53]",708,The Living Daylights,en,The Living Daylights,8.6072,1987-06-29,6.55,2092,Available
[99],1723460,A Toxic Love Story,en,A Toxic Love Story,7.2052,2026-07-22,6.365,52,Available
"[28, 80, 53]",1424435,Wings of Dread,zh,万米危机,7.1814,2026-07-03,6.4,7,Available
"[16, 35, 14, 12, 10751]",421892,Shrek 5,en,Shrek 5,8.1829,2027-06-30,0.0,0,Available
[],677060,Música Subterrânea,pt,Música Subterrânea,8.5951,2008-10-28,0.0,0,Available
"[80, 53]",179,The Interpreter,en,The Interpreter,7.7718,2005-04-08,6.314,1636,Available
"[80, 9648, 53, 18, 28]",2163,Breakdown,en,Breakdown,7.0606,1997-05-02,6.941,1151,Available
"[35, 18, 10749]",83666,Moonrise Kingdom,en,Moonrise Kingdom,7.8648,2012-05-16,7.677,6465,Available
"[18, 10749]",10229,A Walk to Remember,en,A Walk to Remember,8.081,2002-01-25,7.7,4325,Available
"[28, 35, 37]",9394,They Call Me Trinity,it,Lo chiamavano Trinità...,7.1731,1970-12-22,7.551,1498,Available
"[80, 53]",136835,No Good Deed,en,No Good Deed,7.496,2014-09-10,5.941,696,Available
[35],1759059,Desert Palms,en,Desert Palms,10.4347,2026-09-02,10.0,1,Available
[18],1603780,Raagu Kethu,ta,Raagu Kethu,9.4874,2025-08-08,0.0,0,Available
[35],356305,Why Him?,en,Why Him?,7.5293,2016-12-22,6.387,4475,Available
"[16, 10751, 10749, 12, 35]",10340,Lady and the Tramp,en,Lady and the Tramp,8.0654,1955-06-22,7.127,5738,Available
"[28, 18, 10752, 10749, 53]",369885,Allied,en,Allied,7.0086,2016-11-23,6.8,4877,Available
"[35, 80]",9535,Analyze This,en,Analyze This,7.9314,1999-03-05,6.517,2200,Available
[99],638535,Laughing Matters,en,Laughing Matters,10.0397,2019-10-10,8.0,1,Available
[9648],4192,Death on the Nile,en,Death on the Nile,8.21,1978-09-29,7.151,945,Available
[18],843271,French Film,fr,French Film,5.7959,,0.0,0,Unknown
"[12, 18, 36]",314095,The Lost City of Z,en,The Lost City of Z,7.5625,2017-03-15,6.388,3150,Available
[878],959898,Lady Momoko's Adventure,ja,桃子夫人の冒険,8.7484,1979-12-22,4.333,3,Available
[18],1265063,After the Hunt,en,After the Hunt,7.3612,2025-10-09,5.672,526,Available
"[18, 53]",10734,Escape from Alcatraz,en,Escape from Alcatraz,7.9707,1979-06-22,7.502,3270,Available
"[16, 28, 878]",1326106,Kaiju No. 8: Mission Recon,ja,怪獣８号 第1期総集編／同時上映「保科の休日」,8.0076,2025-03-28,8.048,105,Available
"[27, 80]",41439,Saw 3D,en,Saw 3D,8.2138,2010-10-22,5.973,3386,Available
"[35, 37]",188161,A Million Ways to Die in the West,en,A Million Ways to Die in the West,8.0769,2014-05-22,6.052,4513,Available
"[53, 18]",4553,The Machinist,en,The Machinist,8.1464,2004-09-24,7.52,6330,Available
"[28, 878, 53]",5549,RoboCop 2,en,RoboCop 2,7.7058,1990-06-22,6.04,2201,Available
"[35, 14]",1368881,Ladies First,en,Ladies First,8.6746,2026-05-21,5.948,518,Available
"[10749, 35, 14]",11232,Kate & Leopold,en,Kate & Leopold,7.5578,2001-12-25,6.352,1519,Available
"[12, 18, 36, 28, 10752]",12289,Red Cliff,zh,赤壁,7.4526,2008-07-10,7.11,911,Available
"[28, 53, 12]",447200,Skyscraper,en,Skyscraper,7.8369,2018-07-11,6.304,5440,Available
"[80, 18, 28]",66,Absolute Power,en,Absolute Power,7.5651,1997-02-14,6.659,1288,Available
"[27, 9648]",4234,Scream 3,en,Scream 3,8.5257,2000-02-04,6.009,4165,Available
[27],11187,Child's Play 3,en,Child's Play 3,7.6537,1991-08-30,5.905,1794,Available
"[18, 35, 10749]",2898,As Good as It Gets,en,As Good as It Gets,6.9908,1997-12-19,7.401,4235,Available
"[12, 28, 53]",668,On Her Majesty's Secret Service,en,On Her Majesty's Secret Service,7.4554,1969-12-18,6.558,2213,Available
"[18, 878, 53]",9314,Nineteen Eighty-Four,en,Nineteen Eighty-Four,8.4091,1984-11-09,6.787,1699,Available
"[28, 53, 80]",51608,The Man from Nowhere,ko,아저씨,7.6716,2010-08-04,7.7,1550,Available
"[12, 18, 36]",978,Seven Years in Tibet,en,Seven Years in Tibet,7.5941,1997-09-12,7.166,3195,Available
"[10751, 35, 10402, 12, 16]",258509,Alvin and the Chipmunks: The Road Chip,en,Alvin and the Chipmunks: The Road Chip,7.9998,2015-12-17,6.036,1796,Available
"[12, 16, 35, 10751, 10770]",13690,Open Season 2,en,Open Season 2,8.5538,2008-09-24,5.877,1341,Available
"[16, 10749]",1363979,The Dangers in My Heart: The Movie,ja,劇場版 僕の心のヤバイやつ,8.3245,2026-02-13,8.1,10,Available
[27],283445,Sinister 2,en,Sinister 2,7.4701,2015-08-19,5.893,2352,Available
"[35, 53]",1072876,Self Reliance,en,Self Reliance,7.3275,2024-01-03,5.878,333,Available
"[27, 35, 53]",1547,The Lost Boys,en,The Lost Boys,7.7841,1987-07-31,7.116,2382,Available
"[28, 18, 80]",266396,The Gunman,en,The Gunman,6.4677,2015-02-16,5.756,1059,Available
"[37, 80, 18]",642,Butch Cassidy and the Sundance Kid,en,Butch Cassidy and the Sundance Kid,8.0876,1969-09-23,7.607,2542,Available
"[18, 53, 80, 9648]",1456349,It Was Just an Accident,fr,Un simple accident,6.809,2025-10-01,7.175,670,Available
[18],333464,Sámi Moment,se,Sámi Boddu,5.9441,2013-10-11,0.0,0,Available
"[16, 18, 10751]",242828,When Marnie Was There,ja,思い出のマーニー,7.4789,2014-07-19,7.9,2016,Available
"[28, 12, 35]",10204,Around the World in 80 Days,en,Around the World in 80 Days,8.5309,2004-06-16,5.954,2777,Available
"[878, 28]",614933,Atlas,en,Atlas,8.0076,2024-05-23,6.643,1637,Available
"[35, 18]",207947,Story of White Coat: Indecent Acts,ja,白衣物語 淫す！,8.3166,1984-03-02,4.5,8,Available
"[16, 35, 10751]",1716513,Extreme Makeover: Homer Edition,en,Extreme Makeover: Homer Edition,7.9065,2026-06-17,7.3,71,Available
"[14, 28, 35]",9593,Last Action Hero,en,Last Action Hero,7.8763,1993-06-18,6.485,3097,Available
"[35, 18]",1159206,Father Mother Sister Brother,en,Father Mother Sister Brother,7.1369,2025-12-01,6.381,336,Available
"[9648, 878, 53]",8836,The X-Files: I Want to Believe,en,The X-Files: I Want to Believe,7.684,2008-07-24,5.876,1719,Available
"[27, 9648]",298250,Jigsaw,en,Jigsaw,7.3857,2017-10-25,6.208,4046,Available
"[16, 10751, 12, 14]",441130,Wolfwalkers,en,Wolfwalkers,7.5237,2020-10-26,8.173,1447,Available
"[80, 18, 53]",27579,The American,en,The American,8.3425,2010-08-31,6.012,1561,Available
"[12, 28, 35]",12208,Casino Royale,en,Casino Royale,7.8728,1967-04-18,5.242,852,Available
"[35, 28, 10751, 878]",1401586,Sonic the Hedgehog 4,en,Sonic the Hedgehog 4,8.2163,2027-03-11,0.0,0,Available
"[16, 35, 10751]",1075794,Leo,en,Leo,7.4379,2023-11-17,7.345,1400,Available
[18],199570,The Turning,en,The Turning,4.4214,2013-09-25,5.697,33,Available
"[80, 18, 53]",1263012,Dead Man's Wire,en,Dead Man's Wire,8.0181,2026-01-09,6.484,214,Available
"[18, 10749, 36]",27098,All Things Fair,sv,Lust och fägring stor,7.7849,1995-03-08,6.475,180,Available
"[27, 53, 14]",780609,Men,en,Men,7.855,2022-05-20,6.06,1402,Available
"[18, 10749]",696026,Nice Sister-In-Law,ko,착한처제 2019,7.8944,2019-06-05,8.0,2,Available
[18],3558,"Girl, Interrupted",en,"Girl, Interrupted",7.9835,1999-12-21,7.557,4271,Available
"[16, 14, 28]",1203329,The Witcher: Sirens of the Deep,en,The Witcher: Sirens of the Deep,6.3946,2025-02-10,6.791,289,Available
"[18, 53]",11087,The Hand That Rocks the Cradle,en,The Hand That Rocks the Cradle,7.839,1992-01-10,6.897,1051,Available
"[18, 10749, 53]",130150,Labor Day,en,Labor Day,7.612,2013-12-27,7.1,1381,Available
"[35, 10749]",10521,Bride Wars,en,Bride Wars,7.6447,2009-01-09,6.245,3232,Available
[27],7978,The Wolfman,en,The Wolfman,7.754,2010-02-10,5.899,2240,Available
[],350031,Harvesting the Wasteland,no,Lykkens grøde,8.7465,2008-03-03,0.0,0,Available
[18],357057,The Goodbye,es,El adiós,10.1361,2015-09-13,6.5,2,Available
[18],1057491,Naughty,ru,Непослушная,7.5603,2023-02-14,6.3,114,Available
"[18, 53, 80, 9648]",15472,The Girl with the Dragon Tattoo,sv,Män som hatar kvinnor,7.876,2009-02-27,7.538,3310,Available
"[16, 10751, 12]",11886,Robin Hood,en,Robin Hood,7.5158,1973-11-08,7.311,4737,Available
"[28, 80, 14, 53]",1405338,Demon City,ja,Demon City 鬼ゴロシ,7.7643,2025-02-26,6.828,355,Available
"[10751, 35]",654974,Home Sweet Home Alone,en,Home Sweet Home Alone,7.5327,2021-11-11,4.827,714,Available
"[53, 878, 18, 9648]",157353,Transcendence,en,Transcendence,8.0073,2014-04-16,6.081,5933,Available
"[14, 28, 53]",834,Underworld: Evolution,en,Underworld: Evolution,7.7427,2006-01-12,6.605,4489,Available
"[27, 9648, 53]",1041613,Immaculate,en,Immaculate,8.5897,2024-03-20,6.21,1710,Available
"[35, 10749]",5966,Along Came Polly,en,Along Came Polly,7.423,2004-01-16,6.0,3094,Available
"[27, 53]",10225,Jason Lives - Friday the 13th Part VI,en,Jason Lives - Friday the 13th Part VI,7.8232,1986-08-01,6.287,1399,Available
"[16, 10751, 35, 14, 12]",1139829,Orion and the Dark,en,Orion and the Dark,6.7406,2024-02-01,6.501,683,Available
"[27, 53, 80]",663,Saw IV,en,Saw IV,7.2159,2007-10-25,6.167,4219,Available
"[18, 878]",227156,The Giver,en,The Giver,7.9763,2014-08-13,6.557,4702,Available
"[18, 10749]",535,Flashdance,en,Flashdance,7.7207,1983-04-14,6.489,1653,Available
[99],295400,Cain's Children,hu,Káin gyermekei,8.7661,2014-09-23,9.3,3,Available
"[10751, 35, 16, 878]",268531,Captain Underpants: The First Epic Movie,en,Captain Underpants: The First Epic Movie,7.8267,2017-06-01,6.303,1385,Available
"[16, 12, 14, 35]",1304434,Nobody,zh,浪浪山小妖怪,8.2622,2025-08-02,7.9,87,Available
[],413387,As Três,pt,As Três,7.1819,,0.0,0,Unknown
[27],864370,Incantation,zh,咒,7.856,2022-03-18,6.837,860,Available
"[878, 28, 53]",8202,Æon Flux,en,Æon Flux,7.6493,2005-11-30,5.64,2537,Available
[35],44741,Malicious,it,Malizia,7.7398,1973-03-29,7.32,373,Available
"[28, 27, 53, 18]",467938,Revenge,fr,Revenge,7.3839,2017-11-18,6.512,2162,Available
"[35, 18]",303991,Demolition,en,Demolition,7.8328,2016-04-06,6.857,2608,Available
"[18, 35, 10749]",718032,Licorice Pizza,en,Licorice Pizza,7.8289,2021-11-26,6.942,2770,Available
[18],595,To Kill a Mockingbird,en,To Kill a Mockingbird,7.3337,1962-12-20,8.0,2942,Available
"[28, 53]",44048,Unstoppable,en,Unstoppable,7.2347,2010-11-04,6.626,4007,Available
"[80, 18, 53, 9648]",799876,The Outfit,en,The Outfit,7.5205,2022-02-25,7.094,1429,Available
"[36, 18, 35]",1182047,The Apprentice,en,The Apprentice,8.4721,2024-10-09,6.835,1032,Available
"[35, 10751]",33217,Diary of a Wimpy Kid,en,Diary of a Wimpy Kid,7.8014,2010-03-19,6.282,1826,Available
[35],202658,Bébé apache,en,Bébé apache,8.6562,1910-12-24,8.0,1,Available
"[35, 9648, 80, 28, 12]",638974,Murder Mystery 2,en,Murder Mystery 2,7.7442,2023-03-28,6.358,2027,Available
"[18, 80]",650,Boyz n the Hood,en,Boyz n the Hood,7.5111,1991-07-12,7.644,2343,Available
"[878, 28, 18]",535167,The Wandering Earth,zh,流浪地球,8.1192,2019-02-05,6.634,1202,Available
"[80, 53, 28]",13855,The Chaser,ko,추격자,7.3956,2008-02-14,7.779,1615,Available
"[12, 878, 28, 27]",395,AVP: Alien vs. Predator,en,AVP: Alien vs. Predator,7.4011,2004-08-12,5.958,5120,Available
"[14, 12, 10751]",532639,Pinocchio,en,Pinocchio,8.1315,2022-09-07,6.246,1775,Available
"[18, 35]",389015,"I, Tonya",en,"I, Tonya",7.5548,2017-12-07,7.466,6294,Available
"[9648, 53]",1586,Secret Window,en,Secret Window,7.8306,2004-03-12,6.562,4018,Available
"[27, 878]",985,Eraserhead,en,Eraserhead,7.1176,1977-09-28,7.335,2825,Available
"[53, 12]",38985,Sorcerer,en,Sorcerer,6.7806,1977-06-24,7.475,689,Available
[],470095,Peripatético,pt,Peripatético,8.6378,2017-08-28,0.0,0,Available
"[12, 16, 10751]",11238,Aladdin and the King of Thieves,en,Aladdin and the King of Thieves,8.057,1996-05-20,6.251,2014,Available
"[36, 18]",397691,Tokio,es,Tokío,8.5198,2014-06-21,5.8,4,Available
"[10749, 53]",1300116,Fall for Me,de,Fall for Me,7.5404,2025-08-20,6.14,239,Available
"[12, 80, 18]",433498,Papillon,en,Papillon,7.9171,2017-09-07,7.319,2202,Available
[99],163940,The Peddler,es,El ambulante,8.1589,2010-04-10,6.6,5,Available
"[18, 878, 53]",860,WarGames,en,WarGames,7.7103,1983-06-03,7.07,2246,Available
"[18, 27]",133805,Carrie,en,Carrie,8.992,2013-10-16,6.063,4817,Available
"[27, 878, 18]",531309,Brightburn,en,Brightburn,7.7051,2019-05-09,6.153,3570,Available
"[18, 35, 36]",429197,Vice,en,Vice,8.0277,2018-12-25,7.012,3685,Available
"[16, 35, 10751]",9907,Barnyard,en,Barnyard,8.6576,2006-08-04,5.972,1226,Available
"[878, 28, 12, 53]",13455,Push,en,Push,7.6057,2009-02-04,6.145,2506,Available
"[80, 53, 18, 35]",601666,I Care a Lot,en,I Care a Lot,8.024,2021-02-19,6.57,3060,Available
"[9648, 53, 80]",1290879,The Woman in Cabin 10,en,The Woman in Cabin 10,7.4471,2025-10-09,6.163,1124,Available
[35],2609,"Planes, Trains and Automobiles",en,"Planes, Trains and Automobiles",7.4709,1987-11-26,7.247,2300,Available
"[10749, 18, 53]",1358280,Taboo: Family Secrets,en,Taboo: Family Secrets,7.5933,2024-10-22,5.0,9,Available
"[28, 80, 53, 37]",1428,Once Upon a Time in Mexico,en,Once Upon a Time in Mexico,6.651,2003-09-11,6.318,2478,Available
"[16, 878]",665251,Altered Carbon: Resleeved,ja,オルタード・カーボン：リスリーブド,7.1492,2020-03-18,6.546,334,Available
"[27, 53]",1010182,Refúgio,pt,Refúgio,7.2814,2022-05-18,0.0,0,Available
[99],412140,Not Bad for a Girl,en,Not Bad for a Girl,3.6253,1995-04-06,9.0,1,Available
"[28, 35, 80]",96,Beverly Hills Cop II,en,Beverly Hills Cop II,7.2886,1987-05-18,6.533,2903,Available
"[18, 10749]",38167,Eat Pray Love,en,Eat Pray Love,7.5246,2010-08-12,6.244,2682,Available
"[28, 80, 18]",846433,The Enforcer,en,The Enforcer,7.6555,2022-09-22,7.05,521,Available
"[28, 80, 53]",82,Miami Vice,en,Miami Vice,7.9848,2006-07-27,6.039,2052,Available
"[18, 35, 10752]",597922,The Greatest Beer Run Ever,en,The Greatest Beer Run Ever,7.8496,2022-09-23,7.489,938,Available
"[27, 18]",13310,Let the Right One In,sv,Låt den rätte komma in,7.2821,2008-10-24,7.547,3351,Available
"[16, 10751, 14]",9078,The Sword in the Stone,en,The Sword in the Stone,8.1096,1963-12-25,7.229,4169,Available
"[28, 80, 53]",249070,Hitman: Agent 47,en,Hitman: Agent 47,7.9226,2015-08-20,5.91,3360,Available
"[27, 35]",58151,Fright Night,en,Fright Night,8.1976,2011-08-18,6.249,2181,Available
"[35, 9648, 80]",514999,Murder Mystery,en,Murder Mystery,7.7139,2019-05-25,6.253,4894,Available
[35],1476682,Gail Daughtry and the Celebrity Sex Pass,en,Gail Daughtry and the Celebrity Sex Pass,7.5524,2026-07-09,6.273,32,Available
"[12, 16, 35, 10751]",332210,Storks,en,Storks,7.605,2016-09-22,6.686,2575,Available
"[9648, 53, 80, 18]",978592,Sleeping Dogs,en,Sleeping Dogs,8.44,2024-03-21,6.999,659,Available
"[16, 12, 35, 80]",15371,The Castle of Cagliostro,ja,ルパン三世 カリオストロの城,8.0626,1979-07-06,7.5,1167,Available
"[28, 35, 878]",2614,Innerspace,en,Innerspace,8.0768,1987-07-01,6.828,1452,Available
"[16, 14, 28, 12]",812225,Black Clover: Sword of the Wizard King,ja,映画 ブラッククローバー 魔法帝の剣,8.2808,2023-06-16,8.1,413,Available
"[9648, 53, 18]",471506,Greta,en,Greta,6.9759,2019-02-28,6.55,1484,Available
"[18, 10749]",80,Before Sunset,en,Before Sunset,8.0112,2004-06-16,7.803,3914,Available
[99],434640,Travesía,es,Travesía,8.0827,2014-01-02,0.0,0,Available
"[80, 53]",158011,The Call,en,The Call,7.6786,2013-03-14,6.789,3126,Available
"[12, 14, 28]",10323,Clash of the Titans,en,Clash of the Titans,6.8773,1981-06-12,6.931,886,Available
"[10749, 18, 35]",1378,Shortbus,en,Shortbus,7.7534,2006-10-04,6.265,603,Available
"[18, 10749]",1141868,Tante Siska,hi,Tante Siska,7.2454,2023-06-02,0.0,0,Available
"[28, 12, 35]",329833,Zoolander 2,en,Zoolander 2,7.8574,2016-02-06,4.926,2439,Available
[35],10663,The Waterboy,en,The Waterboy,8.4976,1998-11-06,6.058,2094,Available
"[16, 10751, 35]",508965,Klaus,en,Klaus,7.5683,2019-11-08,8.218,4811,Available
"[18, 53]",1281331,The Social Reckoning,en,The Social Reckoning,7.7382,2026-10-07,0.0,0,Available
"[99, 10402]",311438,Christmas Oratorio,en,Christmas Oratorio,9.2321,2012-12-20,10.0,2,Available
"[28, 53, 80]",287948,The Transporter Refueled,en,The Transporter Refueled,7.6674,2015-09-02,5.506,1634,Available
"[35, 27, 9648]",440021,Happy Death Day,en,Happy Death Day,8.1824,2017-10-12,6.659,6682,Available
"[53, 9648]",398329,El maletín,es,El maletín,8.776,2013-07-24,0.0,0,Available
"[18, 53, 80]",4836,Layer Cake,en,Layer Cake,7.3007,2004-09-30,6.913,2460,Available
"[28, 80, 53]",1071640,Ultimate Revenge,cn,衝鋒: 火拼,7.6766,2026-03-05,7.0,4,Available
"[12, 14, 28]",37430,Conan the Barbarian,en,Conan the Barbarian,7.6136,2011-08-17,5.316,2067,Available
"[28, 53, 80]",8195,Ronin,en,Ronin,7.3857,1998-09-25,6.97,2773,Available
"[12, 35, 10751, 16]",277834,Moana,en,Moana,7.5167,2016-10-13,7.565,14001,Available
"[18, 27, 9648, 53]",9913,The Skeleton Key,en,The Skeleton Key,8.0955,2005-07-29,6.623,2374,Available
"[80, 18, 53]",2142,Cop Land,en,Cop Land,7.3567,1997-08-15,6.81,1865,Available
"[10751, 35, 12, 16, 878]",1104845,Plankton: The Movie,en,Plankton: The Movie,7.7732,2025-03-08,6.747,184,Available
"[27, 53]",1285965,Dangerous Animals,en,Dangerous Animals,7.3613,2025-06-05,6.479,698,Available
"[28, 18, 10749]",1408170,Lenin,te,లెనిన్,7.9825,2026-07-10,6.167,6,Available
"[18, 53, 27]",48171,The Rite,en,The Rite,7.9356,2011-01-28,6.121,2308,Available
[18],1439147,Pillow Talk,zh,枕边物语,7.0295,1998-08-05,1.0,1,Available
"[10749, 9648, 53]",1425859,Remain,en,Remain,10.307,2027-02-03,0.0,0,Available
"[27, 14]",635910,The Last Voyage of the Demeter,en,The Last Voyage of the Demeter,7.4231,2023-08-09,6.732,2028,Available
[27],709631,Cobweb,en,Cobweb,6.6141,2023-07-19,6.44,1134,Available
"[53, 878]",262543,Automata,en,Autómata,7.8354,2014-10-09,5.903,1852,Available
"[28, 12, 14]",1131759,Omniscient Reader: The Prophecy,ko,전지적 독자 시점,7.7956,2025-07-23,7.1,107,Available
"[18, 28]",1375,Rocky V,en,Rocky V,7.2001,1990-11-16,5.775,3558,Available
[18],11005,Awakenings,en,Awakenings,7.3249,1990-12-04,7.786,2947,Available
"[28, 12, 18, 14, 53]",397567,Along with the Gods: The Two Worlds,ko,신과함께-죄와 벌,7.5818,2017-12-20,8.066,1256,Available
"[18, 10749]",266856,The Theory of Everything,en,The Theory of Everything,7.5175,2014-11-07,7.824,11255,Available
"[16, 10751, 35]",1392796,Diary of a Wimpy Kid: The Last Straw,en,Diary of a Wimpy Kid: The Last Straw,7.7656,2025-12-04,6.696,46,Available
"[27, 53, 878]",10331,Night of the Living Dead,en,Night of the Living Dead,7.613,1968-10-04,7.602,2815,Available
[10749],334762,A Rainy Sunday,hu,Esős vasárnap,7.0159,1962-11-15,7.0,1,Available
[18],473679,Abel Sánchez,es,Abel Sánchez,10.1496,1947-03-10,10.0,1,Available
"[35, 10749]",459992,Long Shot,en,Long Shot,7.4501,2019-05-02,6.702,2955,Available
"[28, 80, 53]",1160018,Kill,hi,KILL,7.5303,2024-07-03,7.164,535,Available
[18],839688,Terang Boelan,id,Terang Boelan,7.9977,1937-12-08,10.0,1,Available
"[16, 35, 12, 28]",1062807,SPY x FAMILY CODE: White,ja,劇場版 SPY×FAMILY CODE: White,7.2338,2023-12-22,7.209,677,Available
"[28, 10752, 53, 36]",1328803,Prisoner of War,en,Prisoner of War,7.5898,2025-09-19,7.139,208,Available
[35],1522333,Carry On Jatta 4,pa,Carry On Jatta 4,7.75,2026-06-26,8.0,1,Available
"[12, 28, 53]",691,The Spy Who Loved Me,en,The Spy Who Loved Me,7.6035,1977-07-07,6.822,2304,Available
"[18, 53, 36]",820,JFK,en,JFK,7.498,1991-12-20,7.591,2488,Available
"[14, 27, 28]",1087822,Hellboy: The Crooked Man,en,Hellboy: The Crooked Man,7.2287,2024-08-29,5.126,596,Available
"[9648, 53]",1249213,Drop,en,Drop,7.3216,2025-04-07,6.298,956,Available
"[18, 27, 9648]",41402,Let Me In,en,Let Me In,7.0365,2010-10-01,6.8,2260,Available
"[35, 18]",10377,My Cousin Vinny,en,My Cousin Vinny,7.0947,1992-03-13,7.503,1970,Available
"[53, 9648, 80, 18]",3594,The Number 23,en,The Number 23,6.8749,2007-02-23,6.404,3617,Available
"[35, 27]",175168,Rape Zombie: Lust of the Dead,ja,レイプゾンビ LUST OF THE DEAD,8.1301,2012-07-13,6.425,261,Available
"[18, 9648, 27]",2291,Jacob's Ladder,en,Jacob's Ladder,7.6211,1990-11-02,7.355,1978,Available
"[27, 53]",125509,Wrong Turn 5: Bloodlines,en,Wrong Turn 5: Bloodlines,7.718,2012-10-18,5.492,1076,Available
"[12, 28, 53]",52451,The Three Musketeers,en,The Three Musketeers,7.1246,2011-08-31,5.792,2850,Available
"[36, 18]",365620,Ferrari,en,Ferrari,7.1428,2023-12-14,6.36,1301,Available
"[53, 28, 12]",762430,Retribution,en,Retribution,7.1737,2023-08-23,6.504,1414,Available
[],992482,The Present,fr,Le cadeau,9.5673,2016-10-24,0.0,0,Available
"[35, 10749, 18]",556678,Emma.,en,Emma.,6.8081,2020-02-13,7.001,2002,Available
"[80, 18, 9648, 53]",1364401,Come with Me,en,Come with Me,7.2857,2026-09-04,8.0,2,Available
[18],451915,Beautiful Boy,en,Beautiful Boy,7.3258,2018-10-12,7.6,2950,Available
"[878, 28, 53]",87421,Riddick,en,Riddick,7.5855,2013-09-02,6.345,4517,Available
"[18, 14, 10749]",12159,What Dreams May Come,en,What Dreams May Come,7.6852,1998-10-02,7.248,2604,Available
"[53, 80]",14412,Body Heat,en,Body Heat,7.3665,1981-08-28,6.981,710,Available
"[27, 53]",571,The Birds,en,The Birds,7.4748,1963-03-28,7.51,4571,Available
"[28, 14, 10770]",877703,Teen Wolf: The Movie,en,Teen Wolf: The Movie,7.7752,2023-01-18,7.4,989,Available
"[27, 9648, 53]",1970,The Grudge,en,The Grudge,7.5084,2004-10-22,5.944,3285,Available
[18],1102493,Small Things Like These,en,Small Things Like These,7.1791,2024-11-01,6.663,598,Available
[99],545752,Starbucks Unfiltered,en,Starbucks Unfiltered,8.116,2018-08-25,7.1,28,Available
"[80, 28, 35, 53]",33542,Rumble in the Bronx,cn,紅番區,6.6973,1995-01-21,6.861,1219,Available
[18],1755121,Therapy,en,Therapy,7.6205,,0.0,0,Unknown
"[28, 53, 9648]",225574,Non-Stop,en,Non-Stop,7.4837,2014-02-26,6.81,5860,Available
"[27, 28, 14]",49017,Dracula Untold,en,Dracula Untold,7.8853,2014-10-01,6.468,6619,Available
"[10751, 28, 12, 35, 878]",9488,Spy Kids 2: The Island of Lost Dreams,en,Spy Kids 2: The Island of Lost Dreams,7.5088,2002-08-07,5.649,2396,Available
"[80, 18, 10749]",18311,Days of Being Wild,cn,阿飛正傳,6.878,1990-12-15,7.3,611,Available
"[16, 9648, 878]",26662,Detective Conan: The Phantom of Baker Street,ja,名探偵コナン ベイカー街（ストリート）の亡霊,8.4979,2002-04-20,7.8,241,Available
[10770],927864,Májusi körhinta,hu,Májusi körhinta,8.5252,1962-05-01,0.0,0,Available
"[27, 9648, 53]",631842,Knock at the Cabin,en,Knock at the Cabin,7.1007,2023-02-01,6.245,3194,Available
"[27, 53]",21407,The Collector,en,The Collector,7.325,2009-07-09,6.626,1727,Available
"[18, 27, 9648, 53]",36419,After.Life,en,After.Life,7.5952,2009-11-07,6.335,1270,Available
[35],77429,Chechu and Family,es,Chechu y familia,7.1853,1992-06-25,5.3,10,Available
"[28, 80]",13056,Punisher: War Zone,en,Punisher: War Zone,6.855,2008-12-05,5.881,1368,Available
"[35, 10749]",3563,I Now Pronounce You Chuck & Larry,en,I Now Pronounce You Chuck & Larry,7.7201,2007-07-12,6.094,2594,Available
"[28, 80, 18, 53]",10835,The Killer,cn,喋血雙雄,8.2093,1989-03-24,7.6,935,Available
"[80, 18, 53]",339692,Shot Caller,en,Shot Caller,8.0242,2017-07-07,6.969,2287,Available
"[14, 18, 27]",60898,Erotic Ghost Story,cn,聊齋艷譚,7.8017,1990-05-19,6.2,95,Available
"[35, 10751, 12]",522478,Peter Rabbit 2: The Runaway,en,Peter Rabbit 2: The Runaway,8.2734,2021-03-25,7.039,915,Available
"[10751, 28, 35, 12, 878]",12279,Spy Kids 3-D: Game Over,en,Spy Kids 3-D: Game Over,7.6497,2003-07-25,5.132,2421,Available
"[27, 9648]",1422011,It Ends,en,It Ends,7.6704,2026-08-21,5.3,35,Available
"[28, 35, 53, 80]",11045,Taxi,en,Taxi,7.8736,2004-10-06,5.561,1208,Available
"[16, 35, 10751, 14]",927254,The Twits,en,The Twits,7.4734,2025-10-17,5.899,119,Available
[35],71552,American Reunion,en,American Reunion,8.0684,2012-04-04,6.321,4805,Available
[18],1025802,Drifter,de,Drifter,7.9154,2023-11-02,5.2,13,Available
[18],347671,Periscópio,pt,Periscópio,8.0058,2015-08-27,2.2,4,Available
"[28, 878, 53, 80]",31867,Repo Men,en,Repo Men,7.5026,2010-03-18,6.337,2177,Available
"[18, 10749]",28468,The Key,it,La chiave,8.2597,1983-10-19,6.0,453,Available
"[10749, 18]",1466115,Even If This Love Disappears Tonight,ko,"오늘 밤, 세계에서 이 사랑이 사라진다 해도",6.9003,2025-12-24,8.5,226,Available
"[28, 53]",48340,Sanctum,en,Sanctum,8.4408,2011-02-03,6.059,1200,Available
"[53, 27]",482373,Don't Breathe 2,en,Don't Breathe 2,7.5244,2021-08-12,6.972,2909,Available
"[12, 27, 35]",257445,Goosebumps,en,Goosebumps,7.6342,2015-08-05,6.3,4053,Available
"[10749, 35]",4379,Monster-in-Law,en,Monster-in-Law,7.3573,2005-05-13,6.227,1793,Available
[18],10404,Raise the Red Lantern,zh,大红灯笼高高挂,9.6382,1991-12-18,7.914,818,Available
"[10749, 18]",419114,Bed-Rella,ko,침대렐라,7.5019,2016-09-22,8.5,4,Available
"[28, 80, 35, 53]",9618,Tango & Cash,en,Tango & Cash,8.2884,1989-12-22,6.511,2209,Available
[27],814889,Never Let Go,en,Never Let Go,7.7921,2024-09-18,6.095,672,Available
"[35, 10749]",39451,Little Fockers,en,Little Fockers,8.4919,2010-12-21,5.663,3517,Available
[27],719221,Tarot,en,Tarot,7.3524,2024-05-01,6.342,1452,Available
"[28, 80, 53]",1535,Spy Game,en,Spy Game,6.923,2001-11-18,6.922,2437,Available
[35],212459,Chiles xalapeños,en,Chiles xalapeños,9.004,2008-02-01,3.125,8,Available
"[35, 10751]",13680,The Game Plan,en,The Game Plan,7.3238,2007-09-28,6.51,2243,Available
[18],348084,Beasts Cage,ja,団鬼六 白獣の槛,7.4247,2008-02-29,3.0,2,Available
"[35, 14, 10749]",11824,Teen Wolf,en,Teen Wolf,7.2917,1985-08-23,6.212,1293,Available
"[10751, 14, 35, 12]",2899,Asterix & Obelix: Mission Cleopatra,fr,Astérix & Obélix : Mission Cléopâtre,7.7052,2002-01-30,7.366,3838,Available
"[28, 53, 80]",818397,Memory,en,Memory,7.7493,2022-04-28,6.721,1708,Available
"[9648, 53]",936245,Hidden Face,ko,히든페이스,7.1265,2024-11-20,5.2,69,Available
"[12, 14, 28]",32985,Solomon Kane,en,Solomon Kane,7.4606,2009-12-23,6.044,1579,Available
"[35, 28, 878]",80035,The Watch,en,The Watch,7.6337,2012-07-26,5.602,2535,Available
[18],592695,Pleasure,sv,Pleasure,7.8308,2021-10-08,6.277,820,Available
"[10751, 12, 35, 14]",585245,Clifford the Big Red Dog,en,Clifford the Big Red Dog,7.1933,2021-11-10,7.148,1853,Available
"[80, 53, 27]",1193950,The Dollmaker,es,Encantador,8.4396,2025-10-11,2.0,2,Available
"[53, 28]",192141,No Escape,en,No Escape,6.805,2015-08-26,6.955,2793,Available
"[18, 80, 53]",466081,The Informer,en,The Informer,7.5872,2019-08-30,6.537,980,Available
"[35, 18, 10749]",392301,"Adéu, Barcelona",ca,"Adéu, Barcelona",9.4712,2016-05-27,0.0,0,Available
"[16, 18, 10749]",504253,I Want to Eat Your Pancreas,ja,君の膵臓をたべたい,7.3233,2018-09-01,8.234,1837,Available
[9648],552073,The Operator,nl,De Operateur,7.8689,2019-07-06,0.0,0,Available
"[99, 10402]",1637319,Hannah Montana 20th Anniversary Special,en,Hannah Montana 20th Anniversary Special,8.0742,2026-03-23,7.2,94,Available
"[18, 53, 80]",8470,John Q,en,John Q,7.204,2002-02-15,7.157,2724,Available
"[18, 14]",8967,The Tree of Life,en,The Tree of Life,7.6093,2011-05-17,6.72,3410,Available
"[80, 18]",10868,The Accused,en,The Accused,7.3348,1988-10-14,7.087,702,Available
"[80, 18, 53]",4147,Road to Perdition,en,Road to Perdition,8.289,2002-07-12,7.362,4107,Available
"[35, 878, 28, 12]",9531,Superman III,en,Superman III,7.4845,1983-06-17,5.509,1938,Available
"[28, 80, 53, 37]",9367,El Mariachi,es,El Mariachi,7.0567,1993-02-22,6.741,1329,Available
[35],520900,The Personal History of David Copperfield,en,The Personal History of David Copperfield,9.1,2019-11-07,6.4,551,Available
"[53, 80, 9648]",16995,State of Play,en,State of Play,7.442,2009-04-17,6.81,2207,Available
"[18, 36]",763165,The Burial,en,The Burial,7.1242,2023-10-06,7.087,646,Available
"[12, 18, 36]",253412,Everest,en,Everest,7.6092,2015-09-10,6.828,5342,Available
"[28, 12, 10752]",1654,The Dirty Dozen,en,The Dirty Dozen,7.7087,1967-06-15,7.605,1366,Available
"[80, 27, 9648]",36095,Cure,ja,キュア,7.2426,1997-12-27,7.577,861,Available
"[28, 16, 35, 12, 14]",44729,One Piece: Baron Omatsuri and the Secret Island,ja,ワンピース the movie オマツリ男爵と秘密の島,7.8624,2005-03-05,7.2,256,Available
"[18, 10749]",1317938,Norma: Antara Mertua dan Menantu,id,Norma: Antara Mertua dan Menantu,7.0751,2025-03-31,6.75,10,Available
"[16, 35, 10751]",175574,Free Birds,en,Free Birds,7.9668,2013-10-30,5.888,880,Available
"[16, 12, 28, 14, 10402]",900667,One Piece Film Red,ja,ONE PIECE FILM RED,7.8049,2022-08-06,7.2,1151,Available
[35],212778,Chef,en,Chef,6.9872,2014-05-08,7.112,3757,Available
"[10751, 14, 12]",329996,Dumbo,en,Dumbo,7.3336,2019-03-27,6.584,4573,Available
"[12, 18, 28, 36]",11416,The Mission,en,The Mission,7.5822,1986-09-06,7.398,1595,Available
[18],442285,The Beguines,fr,Le Rempart des Béguines,6.9304,1972-09-19,5.2,15,Available
"[18, 10749]",24402,Emmanuelle,fr,Emmanuelle,7.3159,1974-06-25,5.977,833,Available
"[18, 27, 53]",10320,The Ring Two,en,The Ring Two,7.9623,2005-03-10,5.758,2516,Available
"[28, 27, 878]",8814,Doom,en,Doom,7.882,2005-10-20,5.207,2524,Available
"[28, 80, 18, 53]",6723,The Rookie,en,The Rookie,7.0128,1990-12-07,5.885,636,Available
[35],5825,National Lampoon's Christmas Vacation,en,National Lampoon's Christmas Vacation,7.3401,1989-11-30,7.232,2787,Available
"[28, 80, 53]",724209,Heart of Stone,en,Heart of Stone,7.931,2023-08-09,6.697,1964,Available
"[28, 53, 878]",51620,Death Race 2,en,Death Race 2,7.6813,2010-11-12,5.858,1233,Available
[28],333669,Bastille Day,en,Bastille Day,7.8673,2016-04-22,6.317,1569,Available
"[18, 878, 35]",301337,Downsizing,en,Downsizing,7.6214,2017-12-22,5.416,4190,Available
"[16, 35, 10751, 12]",664236,Extinct,en,Extinct,7.167,2021-02-11,6.194,191,Available
"[28, 878, 53]",10796,The One,en,The One,7.063,2001-11-02,6.136,1807,Available
"[14, 12, 10751]",258230,A Monster Calls,en,A Monster Calls,7.0686,2016-10-07,7.308,3636,Available
"[12, 18]",399360,Alpha,en,Alpha,7.295,2018-08-17,6.572,2815,Available
"[35, 28, 18]",1161617,Code 3,en,Code 3,7.097,2025-09-12,7.101,322,Available
"[35, 18, 10749]",2039,Moonstruck,en,Moonstruck,7.604,1987-12-16,6.837,1136,Available
"[10749, 18, 14]",994108,All of Us Strangers,en,All of Us Strangers,7.6825,2023-12-22,7.391,1083,Available
"[18, 14, 10749]",556694,Three Thousand Years of Longing,en,Three Thousand Years of Longing,7.3899,2022-08-24,6.879,1728,Available
[18],265705,Young Forest,pl,Młody las,9.5664,1934-04-19,5.8,5,Available
"[14, 28, 53, 878]",8698,The League of Extraordinary Gentlemen,en,The League of Extraordinary Gentlemen,7.0584,2003-07-11,6.015,4505,Available
"[36, 18]",1287322,Christy,en,Christy,6.7626,2025-10-27,7.069,225,Available
"[18, 10749]",1237810,Love Syndrome: The Beginning,th,รักโคตร ๆ โหดอย่างมึง 1,7.2951,2024-05-09,6.5,10,Available
"[18, 36]",68730,Silence,en,Silence,6.6415,2016-12-23,7.117,3396,Available
"[53, 27, 9648]",61012,Silent Hill: Revelation 3D,en,Silent Hill: Revelation 3D,7.8391,2012-10-10,5.559,1930,Available
"[53, 27]",17692,Jaws 3-D,en,Jaws 3-D,7.4359,1983-07-22,4.473,1446,Available
[18],500739,Eruption,ro,Erupția,9.1341,1957-04-01,6.5,4,Available
"[53, 36, 18]",522241,The Courier,en,The Courier,7.5513,2020-01-24,7.031,1404,Available
"[10749, 18]",434203,Newness,en,Newness,7.5972,2017-11-03,6.1,636,Available
"[18, 53]",264644,Room,en,Room,6.6376,2015-10-16,7.987,9828,Available
"[10751, 12, 16, 878, 14]",52795,Doraemon: Nobita's New Great Adventure Into the Underworld - The Seven Magic Users,ja,映画ドラえもん のび太の新魔界大冒険 〜7人の魔法使い〜,7.1251,2007-03-10,7.2,93,Available
"[18, 9648, 14]",825385,Trace,pt,Vestígio,8.6074,2021-03-11,10.0,1,Available
[18],394117,The Florida Project,en,The Florida Project,6.8621,2017-10-06,7.4,3182,Available
"[14, 28, 9648]",123553,The Mortal Instruments: City of Bones,en,The Mortal Instruments: City of Bones,7.9859,2013-08-21,6.425,4694,Available
"[10749, 18]",511642,Female Hostel 2,ko,여자 하숙집 2,7.4104,2018-03-22,5.5,6,Available
"[35, 10749]",50647,Wanderlust,en,Wanderlust,14.4178,2012-02-23,5.482,1353,Available
"[878, 27, 28]",9348,Species,en,Species,7.339,1995-07-07,5.993,1927,Available
[18],949884,Alaska,de,Alaska,15.1495,2023-09-07,7.2,6,Available
"[16, 28, 35, 878]",474395,Teen Titans Go! To the Movies,en,Teen Titans Go! To the Movies,7.7778,2018-07-27,7.164,1195,Available
"[35, 878]",12120,My Stepmother Is an Alien,en,My Stepmother Is an Alien,7.6694,1988-12-09,5.824,618,Available
[],1755111,Synthetic Grace,en,Synthetic Grace,8.8898,2025-06-28,0.0,0,Available
"[18, 16, 10751, 35, 14]",11497,All Dogs Go to Heaven,en,All Dogs Go to Heaven,6.9565,1989-11-17,6.82,1173,Available
"[18, 28, 878]",518896,Warriors of Future,zh,明日戰記,7.0098,2022-08-05,7.002,516,Available
[18],397500,Sueño vagabundo,es,Sueño vagabundo,8.4239,2015-01-31,0.0,0,Available
"[27, 53, 9648]",83899,You're Next,en,You're Next,6.8268,2013-08-22,6.596,2751,Available
"[27, 35, 10749, 28, 878]",82654,Warm Bodies,en,Warm Bodies,7.6731,2013-01-31,6.475,6485,Available
"[35, 878]",11090,The Animal,en,The Animal,7.32,2001-06-01,5.148,1411,Available
"[878, 18, 53]",606234,Archive,en,Archive,7.0431,2020-08-13,6.38,855,Available
[53],59940,Zebra Lounge,en,Zebra Lounge,10.2393,2001-10-04,4.5,46,Available
[],1744446,Rahsia Hati,en,Rahsia Hati,10.9166,2020-01-01,0.0,0,Available
"[10751, 12, 35]",1281,Bean,en,Bean,6.6953,1997-07-03,6.479,2656,Available
[18],242900,The Bathers,fr,Les Baigneuses,8.8839,2003-01-22,4.7,7,Available
"[18, 10751]",931097,Gjakova 726,sq,Gjakova 726,7.1993,2009-01-01,0.0,0,Available
"[14, 10751, 35]",400650,Mary Poppins Returns,en,Mary Poppins Returns,6.9201,2018-12-13,6.51,3521,Available
"[10749, 18, 36]",921,Cinderella Man,en,Cinderella Man,7.8457,2005-06-02,7.583,2480,Available
"[18, 10749]",1588860,Happy Ending,tl,Happy Ending,7.6658,2025-12-30,7.857,7,Available
"[28, 14, 12]",9947,Elektra,en,Elektra,7.0183,2005-01-13,5.046,2745,Available
"[27, 80, 53]",313922,Green Room,en,Green Room,7.3028,2016-04-15,6.719,3030,Available
"[28, 80, 53]",479718,The Outlaws,ko,범죄도시,7.5595,2017-10-03,7.654,568,Available
"[18, 10749]",1550338,The Last Scene,tr,Öngörü,7.5924,2026-08-28,7.0,3,Available
"[28, 35, 80, 18, 53]",1151334,Eenie Meanie,en,Eenie Meanie,8.1008,2025-08-21,6.278,361,Available
"[10749, 18]",719128,Idol Sex: LA Korean Women,ko,아이돌 섹스: LA 교포녀,7.7942,2020-06-18,5.286,7,Available
[],900684,León cumple,en,León cumple,5.861,2021-11-20,0.0,0,Available
[18],878728,Good Day,es,Buen día,8.399,2021-09-28,0.0,0,Available
"[28, 53]",1125899,Cleaner,en,Cleaner,7.0855,2025-02-19,6.62,662,Available
"[27, 53, 14, 9648]",11618,The Haunting,en,The Haunting,7.5896,1999-07-23,5.515,1585,Available
[27],8769,Christine,en,Christine,7.9887,1983-12-09,6.875,2317,Available
[10749],662702,Mother's Seduction 2,ko,엄마의 유혹 2,9.0009,2020-01-09,5.5,2,Available
"[28, 12, 35, 18, 14]",11653,The Myth,zh,神話,7.5349,2005-05-11,6.408,433,Available
"[80, 18, 53]",50348,The Lincoln Lawyer,en,The Lincoln Lawyer,7.7239,2011-03-17,7.207,3754,Available
"[28, 35, 10749]",848187,Role Play,en,Role Play,7.2083,2023-12-14,5.989,666,Available
"[28, 35]",1124619,Bride Hard,en,Bride Hard,7.2558,2025-06-19,5.502,206,Available
"[14, 35, 10751, 10749]",10202,Bedtime Stories,en,Bedtime Stories,7.1161,2008-12-24,6.153,3032,Available
"[27, 53, 9648]",585216,Escape Room: Tournament of Champions,en,Escape Room: Tournament of Champions,7.4777,2021-07-01,6.504,2348,Available
"[80, 53, 28]",18487,The Taking of Pelham 1 2 3,en,The Taking of Pelham 1 2 3,7.2917,2009-06-10,6.365,3487,Available
[99],594149,Insula,es,Ínsula,8.6531,2019-04-07,0.0,0,Available
[27],11186,Child's Play 2,en,Child's Play 2,7.2139,1990-11-09,6.372,2088,Available
[],458376,Neo Chinpira 2: Zoom Goes the Bullet,ja,ネオ チンピラ 続 鉄砲玉ぴゅ～,6.8833,1991-04-12,0.0,0,Available
"[10751, 16, 14]",73456,Barbie: Princess Charm School,en,Barbie: Princess Charm School,7.0362,2011-08-11,7.546,889,Available
[18],458220,Palmer,en,Palmer,7.0129,2021-01-28,8.121,1966,Available
[18],10774,Network,en,Network,6.4985,1976-11-27,7.8,2102,Available
"[27, 28, 53]",9542,The Hitcher,en,The Hitcher,7.0263,1986-01-17,6.9,1104,Available
"[27, 9648, 18]",591274,Fear Street: 1978,en,Fear Street: 1978,7.1239,2021-07-08,7.173,2308,Available
"[878, 9648, 53]",10153,Sphere,en,Sphere,6.8495,1998-02-13,6.138,1900,Available
"[35, 10749]",20943,The Ugly Truth,en,The Ugly Truth,7.5424,2009-07-24,6.51,3837,Available
[99],594151,Le pays,fr,Le pays,6.9971,2019-04-08,0.0,0,Available
"[28, 12, 878]",72710,The Host,en,The Host,7.1802,2013-03-22,6.295,4128,Available
"[16, 18, 10751]",13205,Bambi II,en,Bambi II,7.074,2006-01-26,6.536,1081,Available
"[12, 18, 28, 53]",11358,Walking Tall,en,Walking Tall,7.6862,2004-04-02,6.314,1714,Available
"[28, 35, 10749]",59962,This Means War,en,This Means War,7.6391,2012-02-14,6.177,3671,Available
"[10751, 35, 28, 12, 14]",10992,Cats & Dogs,en,Cats & Dogs,6.8996,2001-07-04,5.411,1797,Available
"[27, 28, 53]",1338972,Pitfall,en,Pitfall,6.7304,2025-05-29,6.3,67,Available
"[14, 28, 27]",52520,Underworld: Awakening,en,Underworld: Awakening,7.6437,2012-01-19,6.334,4457,Available
"[53, 878, 9648]",431,Cube,en,Cube,6.8814,1998-07-11,6.828,5366,Available
"[80, 18, 53]",241239,A Most Violent Year,en,A Most Violent Year,6.6408,2014-12-31,6.596,1579,Available
"[18, 10749]",1788,Footloose,en,Footloose,7.4659,1984-02-17,6.685,2258,Available
"[16, 35, 18]",24238,Mary and Max,en,Mary and Max,7.3719,2009-04-09,7.88,2321,Available
"[35, 10749]",20048,Confessions of a Shopaholic,en,Confessions of a Shopaholic,9.1719,2009-02-05,6.492,2803,Available
"[27, 53]",22804,Saw VI,en,Saw VI,7.0464,2009-10-22,6.294,3599,Available
"[28, 878, 12]",338762,Bloodshot,en,Bloodshot,7.4666,2020-03-05,6.672,5342,Available
"[16, 878, 18, 10402]",776305,Belle,ja,竜とそばかすの姫,7.0131,2021-07-16,7.616,911,Available
"[18, 36]",626332,Flamin' Hot,en,Flamin' Hot,7.4528,2023-03-11,7.945,859,Available
"[27, 53, 35, 14]",11284,Freddy's Dead: The Final Nightmare,en,Freddy's Dead: The Final Nightmare,7.4785,1991-09-05,5.3,1519,Available
"[10749, 35, 80]",256591,Focus,en,Focus,7.1145,2015-02-25,6.869,8405,Available
[99],564818,Reflections I,en,Reflections I,10.1363,2016-07-01,0.0,0,Available
"[35, 28]",455980,Tag,en,Tag,7.0878,2018-05-30,6.708,3539,Available
[35],137093,Last Vegas,en,Last Vegas,7.8403,2013-10-31,6.397,2317,Available
"[27, 53, 9648]",3597,I Know What You Did Last Summer,en,I Know What You Did Last Summer,7.6349,1997-10-17,5.997,3366,Available
"[28, 53, 12]",1109086,War 2,hi,वॉर 2,7.09,2025-08-13,6.0,73,Available
"[16, 878, 35, 12, 10751]",82703,Mr. Peabody & Sherman,en,Mr. Peabody & Sherman,7.2832,2014-02-07,6.733,2598,Available
"[28, 53]",11474,The Warriors,en,The Warriors,6.9913,1979-02-01,7.7,2459,Available
"[28, 35]",267193,Grimsby,en,Grimsby,7.2081,2016-02-24,5.949,2588,Available
"[35, 18, 27]",535581,The Dead Don't Die,en,The Dead Don't Die,7.4814,2019-05-15,5.439,2926,Available
"[10749, 14, 18]",1241921,A Big Bold Beautiful Journey,en,A Big Bold Beautiful Journey,7.7761,2025-09-17,6.164,438,Available
"[35, 878, 10749]",9327,The Nutty Professor,en,The Nutty Professor,7.5577,1996-06-28,5.649,3204,Available
"[99, 16]",1507424,Severn Wild,en,Severn Wild,5.0956,2024-11-27,0.0,0,Available
"[18, 10749, 35]",9441,Stepmom,en,Stepmom,7.4522,1998-12-25,7.154,1574,Available
[99],442567,Selection,hu,A válogatás,8.5084,1970-02-19,8.0,2,Available
[99],401062,His Parents' Eyes,hu,Szülei szeme,7.5009,2015-09-23,0.0,0,Available
[35],239563,St. Vincent,en,St. Vincent,7.4008,2014-10-09,7.139,2136,Available
"[53, 80, 18]",284536,The Gambler,en,The Gambler,7.3967,2014-12-25,6.048,1607,Available
"[16, 80, 9648]",14919,Batman: Mask of the Phantasm,en,Batman: Mask of the Phantasm,7.538,1993-12-25,7.502,1289,Available
"[10751, 14, 10770, 12]",417320,Descendants 2,en,Descendants 2,7.0766,2017-07-21,7.374,1828,Available
"[16, 10751, 35]",15165,Barbie as The Princess & the Pauper,en,Barbie as The Princess & the Pauper,7.1106,2004-09-28,7.5,1555,Available
"[28, 80, 37, 35, 18]",52629,El Infierno,es,El Infierno,7.9329,2010-09-03,7.953,811,Available
"[18, 35, 878]",1353926,Keep Real,zh,特立独行,6.985,2026-07-03,6.438,8,Available
"[28, 35]",168530,Ride Along,en,Ride Along,7.5451,2014-01-07,6.255,2476,Available
"[80, 36, 53, 18]",446791,All the Money in the World,en,All the Money in the World,7.4343,2017-12-21,6.492,2464,Available
"[9648, 878]",1083884,Signal One,en,Signal One,7.8512,2026-06-05,6.5,48,Available
"[28, 18, 53, 10752]",8007,Behind Enemy Lines,en,Behind Enemy Lines,7.4672,2001-11-30,6.452,1708,Available
[99],1158013,Conte: Transitioning Politics,en,Conte: Transitioning Politics,7.6068,2023-11-01,0.0,0,Available
[],1101010,Superhero,es,Superhéroe,8.4396,2016-01-01,0.0,0,Available
"[18, 10770]",724406,The Gold-digger,fr,Les michetonneuses,8.7064,2020-08-05,5.8,9,Available
[27],609,Poltergeist,en,Poltergeist,7.7763,1982-06-04,7.159,3438,Available
"[35, 10749, 18]",164,Breakfast at Tiffany's,en,Breakfast at Tiffany's,7.4764,1961-10-06,7.614,4562,Available
"[18, 80, 9648, 53]",1632,Mississippi Burning,en,Mississippi Burning,6.949,1988-12-08,7.675,2016,Available
"[28, 80, 18, 53]",259695,Live by Night,en,Live by Night,7.3834,2016-12-25,6.272,1438,Available
"[27, 53]",502416,Ma,en,Ma,8.0075,2019-05-29,5.812,2496,Available
"[18, 36]",1480382,The Voice of Hind Rajab,ar,صوت هند رجب,7.668,2025-09-10,8.0,354,Available
"[12, 10751, 18, 35]",8326,Holes,en,Holes,6.8847,2003-04-18,6.905,1593,Available
"[16, 28, 878]",1360829,VIRGIN PUNK Clockwork Girl,ja,ヴァージン・パンク Clockwork Girl,7.9868,2025-06-27,8.2,39,Available
[27],462768,Zombie Kids,en,Zombie Kids,6.6851,2013-10-27,0.0,0,Available
[99],347541,Reading Alistair MacLeod,en,Reading Alistair MacLeod,4.2586,2005-01-01,7.75,2,Available
"[12, 28, 18, 14]",7840,"10,000 BC",en,"10,000 BC",8.0492,2008-03-04,5.51,3246,Available
"[35, 18]",9032,Big Daddy,en,Big Daddy,7.9201,1999-06-25,6.489,3644,Available
"[10749, 27, 35, 53]",58431,Pride and Prejudice and Zombies,en,Pride and Prejudice and Zombies,7.2079,2016-02-04,6.167,2353,Available
"[16, 28, 878]",126963,Dragon Ball Z: Battle of Gods,ja,ドラゴンボールZ 神と神,7.0618,2013-03-30,6.847,1684,Available
[18],1075175,How to Have Sex,en,How to Have Sex,8.0421,2023-11-02,6.219,536,Available
[35],670686,Father Father,en,Father Father,9.2979,2019-07-13,0.0,0,Available
"[28, 53, 80]",617502,Jolt,en,Jolt,7.8925,2021-07-15,6.494,1430,Available
"[18, 10749]",927547,All We Imagine as Light,ml,പ്രഭയായ് നിനച്ചതെല്ലാം,8.5794,2024-09-21,6.83,247,Available
"[27, 53]",301365,The Neon Demon,en,The Neon Demon,7.1968,2016-06-08,6.49,4011,Available
"[16, 35, 14, 10751]",1550797,Prep & Landing: The Snowball Protocol,en,Prep & Landing: The Snowball Protocol,6.8584,2025-11-27,6.803,38,Available
"[878, 53]",227719,Project Almanac,en,Project Almanac,6.9098,2015-01-28,6.809,2945,Available
"[16, 35, 10751]",50359,Hop,en,Hop,7.5418,2011-03-30,5.809,1425,Available
[18],53932,The Ages of Lulu,es,Las edades de Lulú,7.339,1990-12-03,6.397,307,Available
"[28, 12, 18, 10749]",6520,First Knight,en,First Knight,8.1342,1995-07-07,6.094,1371,Available
"[27, 18, 53, 14]",527261,The Silence,en,The Silence,7.5429,2019-05-16,6.028,1733,Available
"[35, 18, 53]",9894,The Cable Guy,en,The Cable Guy,7.0001,1996-06-10,5.997,2754,Available
"[28, 35]",9876,Stop! Or My Mom Will Shoot,en,Stop! Or My Mom Will Shoot,6.6972,1992-02-21,5.36,1163,Available
"[27, 9648]",467012,Satan's Slaves,id,Pengabdi Setan,6.9635,2017-09-28,6.664,320,Available
"[80, 53, 18]",1965,A Perfect Murder,en,A Perfect Murder,7.3607,1998-06-05,6.55,1603,Available
"[18, 37]",1712,Giant,en,Giant,7.1047,1956-11-08,7.6,777,Available
[18],284293,Still Alice,en,Still Alice,8.1384,2014-12-05,7.468,3342,Available
"[10749, 18]",308624,The Story of Ong-nyeo,ko,옹녀뎐,7.27,2014-08-21,5.5,6,Available
"[14, 28, 12, 18]",8840,DragonHeart,en,DragonHeart,7.2038,1996-05-31,6.568,2225,Available
[53],262587,Kaattu Puli,ta,Kaattu Puli,7.4127,2012-02-16,3.5,1,Available
"[28, 80, 18]",483906,Polar,en,Polar,8.0389,2019-01-25,6.405,2571,Available
"[10749, 35, 18]",1432631,Idhayam Murali,ta,இதயம் முரளி,7.4589,2026-07-10,6.889,9,Available
"[10749, 18]",1319965,All of You,en,All of You,6.7664,2025-09-26,6.418,182,Available
"[53, 28, 80]",8068,Desperado,en,Desperado,8.0187,1995-08-25,6.9,3236,Available
"[16, 12, 35, 878, 10751]",929204,Wallace & Gromit: Vengeance Most Fowl,en,Wallace & Gromit: Vengeance Most Fowl,7.1751,2024-12-18,7.453,721,Available
[35],252838,The Wedding Ringer,en,The Wedding Ringer,7.6747,2015-01-16,6.462,1730,Available
[],371482,Reflections,en,Reflections,5.6618,2007-01-01,0.0,0,Available
"[18, 10751, 35]",360814,Dangal,hi,दंगल,7.0581,2016-12-21,7.869,1214,Available
"[10751, 14, 35]",14442,Ella Enchanted,en,Ella Enchanted,7.0668,2004-04-09,6.5,2013,Available
"[35, 53, 18]",10843,After Hours,en,After Hours,7.6312,1985-09-13,7.487,1823,Available
"[14, 35, 10749]",1636,Bedazzled,en,Bedazzled,7.352,2000-10-19,6.118,2183,Available
[18],1756952,Behind The Sins,id,Gemuruh Maruk,7.0773,2026-09-11,0.0,0,Available
[27],1510745,Bodycam,en,Bodycam,7.0611,2026-03-12,6.132,117,Available
[],637599,January 27,en,Janeiro 27,8.1354,2016-01-01,0.0,0,Available
"[28, 18, 53]",134411,Snitch,en,Snitch,7.977,2013-02-21,6.135,2529,Available
"[10749, 18]",132344,Before Midnight,en,Before Midnight,6.9035,2013-04-05,7.495,2783,Available
"[35, 18, 36]",1016084,BlackBerry,en,BlackBerry,6.5298,2023-02-13,7.172,972,Available
"[16, 35, 12, 10751, 14]",355547,The Star,en,The Star,7.6077,2017-11-15,6.475,624,Available
"[28, 35, 80]",10718,Torque,en,Torque,6.8151,2004-01-16,5.29,658,Available
"[18, 80]",10220,Rounders,en,Rounders,7.0518,1998-09-11,7.017,1986,Available
[],1730821,레즈비언 부부의 아내 불륜,ko,레즈비언 부부의 아내 불륜,7.1538,2026-07-17,0.0,0,Available
"[18, 35, 10751]",74465,We Bought a Zoo,en,We Bought a Zoo,7.5572,2011-11-26,6.837,3011,Available
"[18, 36]",259207,The President,fr,Le président,10.3944,2013-10-09,7.0,1,Available
"[18, 9648]",280996,Mr. Holmes,en,Mr. Holmes,6.8393,2015-06-19,6.476,1998,Available
"[27, 9648]",23827,Paranormal Activity,en,Paranormal Activity,8.4978,2007-09-14,6.059,5566,Available
"[35, 10749]",10327,"Legally Blonde 2: Red, White & Blonde",en,"Legally Blonde 2: Red, White & Blonde",6.9534,2003-07-02,5.713,1802,Available
[18],684607,How She Looks,pt,Ver,7.7268,2018-05-25,4.0,1,Available
"[18, 80]",1240224,The Grey Men,zh,黑白潜行,7.1476,2024-02-04,6.4,5,Available
"[10751, 18]",339984,Miracles from Heaven,en,Miracles from Heaven,6.349,2016-03-17,7.451,1293,Available
"[28, 35, 80]",280180,Beverly Hills Cop: Axel F,en,Beverly Hills Cop: Axel F,6.9229,2024-06-20,6.63,1515,Available
[27],10014,A Nightmare on Elm Street Part 2: Freddy's Revenge,en,A Nightmare on Elm Street Part 2: Freddy's Revenge,7.6467,1985-11-01,5.789,2178,Available
"[27, 878, 28, 9648]",11954,Lifeforce,en,Lifeforce,8.0839,1985-06-21,6.199,764,Available
"[53, 28, 80]",553604,Honest Thief,en,Honest Thief,7.0285,2020-09-03,6.465,1942,Available
"[18, 36, 80, 53]",302401,Snowden,en,Snowden,7.6185,2016-09-15,7.116,4766,Available
"[12, 18]",127690,Iska's Journey,en,Iszka utazása,7.9195,2007-11-22,5.6,5,Available
"[28, 80, 18]",1608445,Tarung: Unforgiven,ms,Tarung: Unforgiven,16.5795,2026-05-07,8.2,4,Available
"[18, 10749]",51828,One Day,en,One Day,7.7842,2011-03-02,7.419,4615,Available
[],972791,Green Hat Club,zh,绿帽风云俱乐部,8.0072,1992-12-19,1.0,1,Available
"[28, 53]",628900,The Contractor,en,The Contractor,7.7789,2022-03-10,6.346,1090,Available
[35],515919,Macho Man,pt,Carlinhos & Carlão,7.842,2020-11-12,7.05,30,Available
"[35, 10749, 10402]",11113,My Fair Lady,en,My Fair Lady,6.6743,1964-12-01,7.48,1465,Available
"[27, 80]",855435,Faces of Death,en,Faces of Death,6.9908,2026-04-10,5.7,129,Available
"[16, 28, 35]",1659389,One Piece Heroines,ja,ONE PIECE HEROINES,7.7893,2026-07-05,6.773,22,Available
"[53, 80, 18]",9944,The Pelican Brief,en,The Pelican Brief,7.2955,1993-09-17,6.594,1822,Available
"[18, 80]",8065,21,en,21,8.0502,2008-03-27,6.693,5141,Available
[18],14174,Lie with Me,en,Lie with Me,6.9914,2005-11-11,5.219,324,Available
"[12, 16, 18]",11837,Watership Down,en,Watership Down,6.5517,1978-10-14,7.192,730,Available
"[18, 36]",1078581,Giant,en,Giant,6.8167,2026-01-09,6.919,37,Available
[27],484457,Aos Sí,en,Aos Sí,9.1005,2017-10-30,0.0,0,Available
[35],173185,It Boy,fr,20 Ans d'écart,7.3868,2013-03-06,6.533,1627,Available
"[27, 35]",1355698,Stewardesses vs. Monsters,zh,空姐大战猛鬼,7.5172,2016-06-22,0.0,0,Available
"[35, 10751, 12, 14, 10749]",11451,Herbie Fully Loaded,en,Herbie Fully Loaded,7.577,2005-06-19,5.841,2474,Available
[99],426092,Camagüey Panorama,es,Camagüey panorámico,9.2758,1908-01-02,0.0,0,Available
"[35, 10749]",2022,Mr. Deeds,en,Mr. Deeds,6.6521,2002-06-28,5.927,2593,Available
"[35, 10751]",425001,The War with Grandpa,en,The War with Grandpa,7.2954,2020-08-27,6.442,1088,Available
"[80, 53, 9648]",13252,Cleaner,en,Cleaner,6.3715,2007-09-11,6.099,966,Available
[],802663,The Bureau,fr,The Bureau,10.1302,2020-12-01,0.0,0,Available
"[27, 53]",1010756,The Strangers: Chapter 2,en,The Strangers: Chapter 2,7.2845,2025-09-25,6.029,390,Available
"[27, 53]",1083968,Locked,en,Locked,7.2417,2025-03-20,6.21,607,Available
[18],591538,The Tragedy of Macbeth,en,The Tragedy of Macbeth,7.2521,2021-12-05,6.916,902,Available
"[10752, 36, 18]",1468704,Red Rain,vi,Mưa đỏ,6.9462,2025-08-22,8.0,7,Available
"[18, 10749, 35]",4380,Shall We Dance?,en,Shall We Dance?,6.5789,2004-10-15,6.443,1320,Available
[99],130786,Explorer 1:  The Beginning of the Space Age,en,Explorer 1:  The Beginning of the Space Age,11.7412,2007-12-01,0.0,0,Available
"[35, 14, 27, 10751]",442062,Goosebumps 2: Haunted Halloween,en,Goosebumps 2: Haunted Halloween,7.9679,2018-10-11,6.096,1664,Available
"[27, 878]",532710,Firestarter,en,Firestarter,6.9372,2022-05-12,5.433,833,Available
"[80, 28, 35]",150,48 Hrs.,en,48 Hrs.,6.8099,1982-12-07,6.674,1784,Available
"[16, 878, 28]",34433,Dragon Ball Z: Broly - The Legendary Super Saiyan,ja,ドラゴンボールＺ 燃え尽きろ!!熱戦・烈戦・超激戦,7.5503,1993-03-06,7.3,1029,Available
[35],151024,The Soldier with Great Maneuvers,it,La soldatessa alle grandi manovre,6.9902,1978-12-07,4.9,47,Available
"[16, 878, 12, 10751, 28]",7450,Titan A.E.,en,Titan A.E.,6.8543,2000-06-16,6.622,1233,Available
"[35, 18, 10749]",392,Chocolat,en,Chocolat,6.3407,2000-12-22,6.971,3574,Available
"[35, 80]",86838,Seven Psychopaths,en,Seven Psychopaths,7.1592,2012-10-12,6.817,4400,Available
"[27, 53]",830788,The Invitation,en,The Invitation,7.3202,2022-08-24,5.998,1000,Available
"[16, 35, 10751, 12]",227783,The Nut Job,en,The Nut Job,7.6274,2014-01-17,5.915,1065,Available
"[28, 35, 18]",608845,The Fatal Raid,cn,不義之戰,9.0689,2019-09-26,6.8,34,Available
"[12, 28, 53]",700,Octopussy,en,Octopussy,7.5658,1983-06-05,6.4,2284,Available
"[28, 53, 878]",13460,Doomsday,en,Doomsday,6.7089,2008-03-14,5.93,1447,Available
"[18, 10749, 36]",535544,Downton Abbey,en,Downton Abbey,7.4381,2019-09-12,7.152,1290,Available
"[10751, 35]",10481,102 Dalmatians,en,102 Dalmatians,7.2963,2000-10-07,5.503,1503,Available
[35],37765,Ace,it,Asso,9.7108,1981-04-09,6.19,231,Available
[35],1511057,Roommates,en,Roommates,7.3784,2026-04-13,6.47,166,Available
"[28, 53, 80]",976734,Canary Black,en,Canary Black,7.9106,2024-10-10,6.187,539,Available
"[35, 10402, 18]",1284016,Power Ballad,en,Power Ballad,7.5555,2026-05-18,7.1,103,Available
[18],631517,Damn Graduation,no,Føkkings mai,7.2521,2017-03-30,0.0,0,Available
"[16, 35, 10751, 14]",567811,10 Lives,en,10 Lives,6.9922,2024-04-18,7.664,228,Available
"[28, 12, 35, 80, 53]",604822,Vanguard,zh,急先锋,7.5043,2020-01-22,6.4,625,Available
"[16, 35, 10751]",13417,Kronk's New Groove,en,Kronk's New Groove,6.9476,2005-12-05,6.413,1378,Available
[18],641574,Sense sostre,ca,Sense sostre,7.9519,2019-11-15,6.0,1,Available
"[10751, 16, 35, 12]",527729,Asterix: The Secret of the Magic Potion,fr,Astérix : Le Secret de la potion magique,7.0319,2018-05-12,6.846,1343,Available
"[10402, 99]",58395,Sweet Toronto,en,Sweet Toronto,10.0897,1971-11-22,7.1,4,Available
"[18, 10749]",2288,Closer,en,Closer,6.535,2004-12-03,6.83,3814,Available
[18],492188,Marriage Story,en,Marriage Story,6.5012,2019-09-28,7.731,7545,Available
"[28, 18, 53]",10413,Nowhere to Run,en,Nowhere to Run,7.4023,1993-01-15,6.565,859,Available
[10749],419329,Descendants of Adultery,ko,불륜의 후예,8.2182,2016-09-30,4.5,8,Available
[35],3034,Young Frankenstein,en,Young Frankenstein,7.1832,1974-12-15,7.856,3475,Available
"[14, 35]",1451078,Raakaasa,te,రాకాస,6.9584,2026-04-03,6.2,19,Available
[],1043109,Tunnel,tr,Tünel,8.4197,2021-12-01,0.0,0,Available
[],1030110,Anamnesis (Prologue),en,Anamnesis (Prologue),7.6839,2012-02-06,0.0,0,Available
"[14, 12, 16, 35, 10751]",9906,The Ant Bully,en,The Ant Bully,7.4237,2006-07-28,5.8,1502,Available
[27],11587,The Exorcist III,en,The Exorcist III,6.7821,1990-08-17,6.3,888,Available
"[28, 35, 80]",648579,The Unbearable Weight of Massive Talent,en,The Unbearable Weight of Massive Talent,7.2258,2022-04-20,6.773,2594,Available
[35],9955,Blades of Glory,en,Blades of Glory,7.119,2007-03-30,6.124,1980,Available
[35],8699,Anchorman: The Legend of Ron Burgundy,en,Anchorman: The Legend of Ron Burgundy,7.0718,2004-06-28,6.701,4733,Available
"[28, 35, 10751, 878]",926670,Henry Danger: The Movie,en,Henry Danger: The Movie,6.8669,2025-01-17,7.645,269,Available
"[18, 10749]",4148,Revolutionary Road,en,Revolutionary Road,7.1555,2008-12-19,6.987,4188,Available
[18],881727,A Thousand Hours,da,Tusind timer,8.5636,2022-09-01,6.0,2,Available
"[878, 28, 12, 53]",199,Star Trek: First Contact,en,Star Trek: First Contact,7.5861,1996-11-22,7.309,2024,Available
"[35, 10751, 10770]",12536,Home Alone 4,en,Home Alone 4,7.1389,2002-11-03,4.488,1405,Available
[18],785542,The Outrun,en,The Outrun,6.5552,2024-01-19,6.772,370,Available
"[18, 53, 9648]",192,The Name of the Rose,en,The Name of the Rose,6.8161,1986-09-24,7.498,3393,Available
"[53, 9648, 80]",1560681,Colors of Evil: Black,pl,Kolory zła: Czerń,7.1518,2026-06-10,6.793,157,Available
"[18, 36, 10752]",5902,A Bridge Too Far,en,A Bridge Too Far,7.0913,1977-06-15,7.196,970,Available
"[16, 28, 878]",1297763,Batman Ninja vs. Yakuza League,ja,ニンジャバットマン対ヤクザリーグ,7.1089,2025-03-17,6.709,244,Available
"[10749, 28, 35]",921636,The Out-Laws,en,The Out-Laws,7.2489,2023-07-07,5.982,846,Available
[18],525661,Bombshell,en,Bombshell,6.6437,2019-12-13,6.766,3266,Available
[53],1102520,Door 11,es,Puerta 11,7.3218,2014-01-09,0.0,0,Available
[],485400,Color Spectrum,es,Espectro cromático,6.7071,2015-01-01,0.0,0,Available
"[27, 35]",10779,The Frighteners,en,The Frighteners,7.2102,1996-07-19,6.966,1815,Available
"[16, 12, 14, 35]",1064307,Spermageddon,no,Spermageddon,7.0355,2024-12-28,6.528,142,Available
"[28, 53, 80]",970347,The Killer,en,The Killer,7.8454,2024-08-22,6.284,615,Available
"[53, 28, 878]",12123,Chain Reaction,en,Chain Reaction,7.2759,1996-08-02,5.817,1249,Available
[27],527976,Karantina XII,tr,Karantina XII,5.8021,2018-07-06,3.0,1,Available
"[16, 80, 28]",1220441,GREAT PRETENDER razbliuto,ja,GREAT PRETENDER razbliuto,4.5424,2024-01-09,6.474,19,Available
"[18, 10749, 14]",9294,Phenomenon,en,Phenomenon,7.0021,1996-07-05,6.528,1411,Available
"[35, 10749]",80295,14 and Under,de,Der Frühreifen-Report,6.7662,1973-08-16,5.39,50,Available
"[28, 18, 53]",192102,3 Days to Kill,en,3 Days to Kill,7.2129,2014-02-14,6.103,2373,Available
[35],373219,Zaragoza's Lesson,es,Lección Zaragoza,7.1445,2014-09-23,3.7,3,Available
"[28, 27, 53, 878]",970450,Werewolves,en,Werewolves,7.1435,2024-12-04,5.769,525,Available
"[28, 53]",1491902,Bang,th,ปัง,7.1447,2025-07-11,6.702,94,Available
"[28, 35, 10752]",6415,Three Kings,en,Three Kings,7.2782,1999-09-27,6.644,2368,Available
"[35, 80]",2640,Heathers,en,Heathers,6.7974,1989-03-31,7.258,1930,Available
"[28, 53]",1293167,Exit Protocol,en,Exit Protocol,7.1907,2025-11-07,6.849,43,Available
"[28, 18, 80]",944401,Dogman,fr,Dogman,7.6749,2023-09-27,7.83,1447,Available
"[53, 27, 9648]",399366,Marrowbone,es,El secreto de Marrowbone,7.0992,2017-10-27,7.278,1886,Available
"[53, 18, 9648]",343749,A Married Woman,es,Retrato de una mujer casada,7.5461,1982-01-28,6.0,8,Available
"[18, 80]",903,Cool Hand Luke,en,Cool Hand Luke,8.0071,1967-11-01,7.733,1670,Available
"[28, 12, 35]",10057,The Three Musketeers,en,The Three Musketeers,7.0024,1993-11-11,6.393,1100,Available
[16],129412,Three Moods,fr,Trois thèmes,8.2347,1980-01-01,7.0,3,Available
"[14, 12, 10751, 28]",266647,Pan,en,Pan,7.9117,2015-09-24,5.955,2885,Available
"[28, 878, 53]",5550,RoboCop 3,en,RoboCop 3,7.1813,1993-01-21,4.903,1494,Available
"[16, 35, 10751, 12]",82424,Small Fry,en,Small Fry,6.5998,2011-11-23,6.852,603,Available
"[53, 18, 10749]",10998,Fatal Attraction,en,Fatal Attraction,7.9943,1987-09-18,6.832,1744,Available
"[27, 53]",100241,"I, Frankenstein",en,"I, Frankenstein",7.0157,2014-01-22,5.382,2106,Available
"[10751, 16, 35, 12, 28]",458253,Missing Link,en,Missing Link,6.8224,2019-04-04,6.895,957,Available
"[12, 53, 36]",10586,The Ghost and the Darkness,en,The Ghost and the Darkness,6.9537,1996-10-11,6.842,1181,Available
[35],2778,Clifford,en,Clifford,10.2042,1994-04-01,5.072,118,Available
"[16, 10751, 12, 14, 18, 10770]",537061,Steven Universe: The Movie,en,Steven Universe: The Movie,6.9529,2019-10-07,8.196,880,Available
"[27, 53]",11675,Halloween H20: 20 Years Later,en,Halloween H20: 20 Years Later,7.3726,1998-08-05,6.042,1853,Available
"[16, 878, 28]",610150,Dragon Ball Super: Super Hero,ja,ドラゴンボール超 スーパーヒーロー,6.9863,2022-06-11,7.893,3080,Available
"[35, 18, 10749]",5781,That Obscure Object of Desire,fr,Cet obscur objet du désir,4.8633,1977-08-17,7.448,460,Available
"[9648, 878, 53]",536437,Hypnotic,en,Hypnotic,7.2564,2023-05-11,6.193,1554,Available
"[14, 35, 10749, 10770]",483980,Z-O-M-B-I-E-S,en,Z-O-M-B-I-E-S,6.6081,2018-02-16,7.246,784,Available
"[28, 14, 10752]",1155281,Creation of the Gods II: Demon Force,zh,封神第二部：战火西岐,7.3371,2025-01-29,6.453,138,Available
"[53, 27, 18]",546121,Run,en,Run,7.0957,2020-11-20,7.206,2970,Available
"[80, 18]",8923,Green Street Hooligans,en,Green Street Hooligans,6.7042,2005-09-09,7.275,2633,Available
"[10749, 28, 35, 80]",11205,Wheels on Meals,cn,快餐車,7.4437,1984-08-17,6.883,452,Available
"[28, 53, 18, 80]",9759,Cellular,en,Cellular,6.8259,2004-09-06,6.407,2160,Available
"[35, 14, 27]",988402,Humanist Vampire Seeking Consenting Suicidal Person,fr,Vampire humaniste cherche suicidaire consentant,6.3094,2023-10-13,7.43,414,Available
"[80, 18, 28, 53]",41283,Faster,en,Faster,7.5835,2010-11-23,6.355,2157,Available
"[10749, 10751, 18, 9648]",1556616,Summer House,tr,Yaz Evi,7.6119,2026-06-06,7.0,22,Available
"[80, 14, 27, 53]",351460,Death Note,en,Death Note,6.7814,2017-08-25,4.277,4176,Available
[18],575299,Fidelity,ru,Верность,7.2086,2019-10-31,6.647,334,Available
"[35, 14, 10751, 10402, 16]",55301,Alvin and the Chipmunks: Chipwrecked,en,Alvin and the Chipmunks: Chipwrecked,7.2595,2011-12-14,5.705,2393,Available
"[35, 14, 10402, 10749]",515195,Yesterday,en,Yesterday,6.343,2019-06-26,6.683,4354,Available
"[28, 27, 53]",1244523,Beware Boiúna,en,Beware Boiúna,7.4517,2026-10-01,0.0,0,Available
"[27, 53]",579,Jaws 2,en,Jaws 2,6.3051,1978-06-16,6.04,2176,Available
"[10749, 35, 18]",9346,Risky Business,en,Risky Business,7.7089,1983-08-05,6.584,1519,Available
"[28, 35, 53]",23631,Machete,en,Machete,6.8247,2010-09-01,6.334,3650,Available
[16],329058,Boi Aruá,pt,Boi Aruá,8.2291,1985-12-04,8.5,2,Available
"[35, 10752]",8290,Don't Look Now... We're Being Shot At!,fr,La Grande Vadrouille,7.3857,1966-12-08,7.9,1489,Available
"[53, 18, 10749]",9833,The Phantom of the Opera,en,The Phantom of the Opera,7.1192,2004-12-08,7.269,1826,Available
"[53, 18]",10083,No Way Out,en,No Way Out,6.3957,1987-08-14,6.848,842,Available
"[80, 18]",641,Requiem for a Dream,en,Requiem for a Dream,7.2671,2000-10-06,8.008,11272,Available
"[80, 18]",4133,Blow,en,Blow,7.3011,2001-04-04,7.355,4686,Available
"[28, 80, 18]",10623,Cradle 2 the Grave,en,Cradle 2 the Grave,7.323,2003-02-28,6.135,1067,Available
"[28, 18, 80]",15070,Undisputed,en,Undisputed,7.325,2002-07-17,6.515,856,Available
"[18, 28, 53, 80]",7461,Vantage Point,en,Vantage Point,6.9179,2008-02-01,6.414,2248,Available
[14],483390,Between Myself,lt,Tarp Savęs,7.7368,2016-10-13,0.0,0,Available
"[27, 9648, 53]",44040,Devil,en,Devil,7.3513,2010-09-16,6.1,3184,Available
"[12, 10751, 18]",463653,Boys from Liv Island,lv,Līvsalas zēni,8.1727,1969-06-27,0.0,0,Available
"[16, 10751]",175112,Tinker Bell and the Pirate Fairy,en,Tinker Bell and the Pirate Fairy,7.1077,2014-02-13,6.975,1110,Available
"[18, 35, 80]",540901,Hustlers,en,Hustlers,7.3696,2019-09-12,6.462,3138,Available
"[35, 18, 10749]",703,Annie Hall,en,Annie Hall,5.8822,1977-04-19,7.716,4336,Available
"[14, 35, 10749]",59436,Midnight in Paris,en,Midnight in Paris,7.1378,2011-05-11,7.509,7872,Available
"[10751, 35, 14]",668482,Roald Dahl's Matilda the Musical,en,Roald Dahl's Matilda the Musical,6.029,2022-11-25,6.793,840,Available
"[12, 16, 10751]",10010,Brother Bear 2,en,Brother Bear 2,7.5735,2006-07-19,6.7,1592,Available
[18],802,Lolita,en,Lolita,7.6832,1962-06-13,7.299,2295,Available
"[28, 12, 35, 18, 9648]",7364,Sahara,en,Sahara,7.4677,2005-04-06,5.924,1698,Available
"[18, 36, 80]",292011,Richard Jewell,en,Richard Jewell,7.0148,2019-12-13,7.415,2793,Available
"[28, 14, 878]",19901,Daybreakers,en,Daybreakers,6.7946,2010-01-06,6.281,2252,Available
[53],75638,Red Lights,en,Red Lights,6.5333,2012-03-02,6.171,1441,Available
"[16, 14, 10749, 10751]",28032,Thumbelina,en,Thumbelina,6.6312,1994-03-30,6.461,553,Available
"[80, 18, 53]",553,Dogville,en,Dogville,7.2813,2003-05-21,7.744,2766,Available
"[36, 18, 10402]",1038263,Maria,en,Maria,6.4736,2024-11-27,6.453,488,Available
"[18, 27, 53]",10234,Funny Games,de,Funny Games,6.5253,1997-09-11,7.307,2161,Available
[12],357469,Rádio Pirata,pt,Rádio Pirata,7.9826,1987-01-01,5.3,10,Available
[18],1630,The People vs. Larry Flynt,en,The People vs. Larry Flynt,6.4633,1996-12-25,6.963,1292,Available
"[10402, 35]",928344,Weird: The Al Yankovic Story,en,Weird: The Al Yankovic Story,6.9989,2022-09-08,6.713,672,Available
"[35, 18, 10749, 14]",5994,The Family Man,en,The Family Man,7.426,2000-12-12,6.829,2271,Available
[35],9101,Down Periscope,en,Down Periscope,6.6673,1996-03-01,6.405,549,Available
"[16, 10751, 12]",250480,The Many Adventures of Winnie the Pooh,en,The Many Adventures of Winnie the Pooh,7.0594,1977-03-11,7.247,1195,Available
[99],608478,Red Republic,de,Rote Räte,10.5413,2019-02-13,4.9,4,Available
"[16, 10751, 9648, 80, 12]",9994,The Great Mouse Detective,en,The Great Mouse Detective,7.1995,1986-07-02,7.046,1838,Available
"[16, 10751, 12, 35]",51162,Winnie the Pooh,en,Winnie the Pooh,7.4267,2011-04-06,6.905,982,Available
[99],75283,Czech Peace,cs,Český mír,7.8706,2010-05-06,5.688,8,Available
"[35, 18, 36]",402897,The Death of Stalin,en,The Death of Stalin,7.7938,2017-10-20,7.014,2219,Available
"[28, 16, 878]",24752,Dragon Ball Z: Cooler's Revenge,ja,ドラゴンボールZ とびっきりの最強対最強,6.8919,1991-07-20,7.049,762,Available
[99],360673,The Resolution,hu,A határozat,7.8844,1972-09-19,10.0,1,Available
"[14, 18, 12]",1571470,The Rats: A Witcher Tale,en,The Rats: A Witcher Tale,6.9424,2025-10-29,5.382,170,Available
"[14, 35]",232954,Elastic Transformation,fr,Transformations élastiques,8.2872,1908-11-21,6.0,5,Available
"[28, 80, 18, 53]",332411,I Am Wrath,en,I Am Wrath,6.8018,2016-04-14,5.777,761,Available
"[10751, 35, 18]",11528,The Sandlot,en,The Sandlot,7.2989,1993-04-07,7.561,1376,Available
"[80, 9648, 53]",3093,Basic Instinct 2,en,Basic Instinct 2,7.333,2006-03-29,4.961,865,Available
"[35, 10749]",38303,You Again,en,You Again,6.6576,2010-09-23,6.279,1326,Available
"[18, 53]",1151272,Sirāt,es,Sirāt,7.4448,2025-06-06,6.858,756,Available
"[18, 35, 80]",10147,Bad Santa,en,Bad Santa,6.835,2003-11-26,6.565,2450,Available
"[28, 12]",98567,Chinese Zodiac,cn,十二生肖,6.8204,2012-12-20,6.181,921,Available
"[18, 36]",906126,Society of the Snow,es,La sociedad de la nieve,7.4108,2023-12-15,7.967,3613,Available
"[28, 35, 10751]",11286,The Cannonball Run,en,The Cannonball Run,6.6797,1981-06-19,6.151,723,Available
"[80, 18, 53]",82525,Savages,en,Savages,6.8812,2012-07-06,6.354,2337,Available
[27],10665,The Strangers,en,The Strangers,7.0134,2008-05-29,6.118,2737,Available
"[18, 14, 28]",1442396,Nagabandham: The Secret Treasure,te,నాగబంధం,6.8954,2026-07-02,4.5,4,Available
[37],3114,The Searchers,en,The Searchers,7.2464,1956-05-16,7.7,1621,Available
"[18, 80]",544401,Cherry,en,Cherry,6.6656,2021-02-26,7.294,1420,Available
"[12, 14, 27]",244,King Kong,en,King Kong,6.7766,1933-04-07,7.6,1662,Available
"[80, 35]",1059064,The Instigators,en,The Instigators,7.2492,2024-08-02,6.132,685,Available
"[28, 53, 18]",619297,Sweet Girl,en,Sweet Girl,7.7414,2021-08-18,6.579,1309,Available
"[35, 10749]",455207,Crazy Rich Asians,en,Crazy Rich Asians,7.1804,2018-08-15,7.04,4042,Available
[27],717728,Jeepers Creepers: Reborn,en,Jeepers Creepers: Reborn,7.3711,2022-09-15,5.264,1107,Available
"[18, 35, 14]",72358,A Thousand Words,en,A Thousand Words,7.1514,2012-03-07,6.128,1446,Available
"[35, 10749]",193610,The Other Woman,en,The Other Woman,7.369,2014-04-16,6.421,3800,Available
[18],286457,A Sunday in October,en,Októberi vasárnap,7.7461,1979-08-11,6.0,2,Available
[18],396,Who's Afraid of Virginia Woolf?,en,Who's Afraid of Virginia Woolf?,7.4437,1966-06-22,7.696,940,Available
"[18, 10749]",824392,Stay,en,Stay,8.7624,2018-04-26,0.0,0,Available
"[16, 10751, 12]",1507275,A Paw Patrol Christmas,en,A Paw Patrol Christmas,7.025,2025-10-30,7.423,26,Available
[35],16363,The Best Little Whorehouse in Texas,en,The Best Little Whorehouse in Texas,7.2457,1982-07-23,6.25,186,Available
"[35, 10751, 14, 12]",11469,Black Knight,en,Black Knight,7.2642,2001-11-21,5.483,1260,Available
"[27, 878, 9648]",837,Videodrome,en,Videodrome,6.7965,1983-02-04,7.249,2558,Available
"[53, 9648, 18]",452832,Serenity,en,Serenity,7.173,2019-01-24,5.467,1655,Available
"[18, 36]",321697,Steve Jobs,en,Steve Jobs,6.7558,2015-10-09,6.772,4447,Available
"[35, 80]",100,"Lock, Stock and Two Smoking Barrels",en,"Lock, Stock and Two Smoking Barrels",6.6222,1998-08-28,8.094,7376,Available
"[10749, 35]",1429520,Sidelined 2: Intercepted,en,Sidelined 2: Intercepted,8.2869,2025-11-27,7.1,126,Available
"[53, 80, 9648]",339527,Solace,en,Solace,6.382,2015-09-03,6.445,2431,Available
"[53, 80, 28]",738652,Copshop,en,Copshop,6.8417,2021-09-09,6.286,951,Available
"[53, 878]",22825,The Box,en,The Box,6.4761,2009-10-29,5.639,1939,Available
"[35, 9648, 80]",744653,The Thursday Murder Club,en,The Thursday Murder Club,6.961,2025-08-22,6.589,1130,Available
"[27, 53]",155084,13 Sins,en,13 Sins,6.4594,2014-04-11,6.322,1236,Available
"[35, 10751, 878]",9574,Flubber,en,Flubber,6.6503,1997-11-26,5.673,2628,Available
"[28, 18, 53, 80]",9091,Sudden Death,en,Sudden Death,6.5292,1995-10-27,6.042,841,Available
[],1015296,Raízes,pt,Raízes,7.1168,2021-01-01,0.0,0,Available
"[9648, 10749, 53]",223,Rebecca,en,Rebecca,6.1499,1940-03-23,7.9,2026,Available
"[28, 53]",472940,The Noctambulant,es,El Noctámbulo,6.9094,2006-08-11,5.0,3,Available
"[10751, 18, 10402]",5123,August Rush,en,August Rush,7.069,2007-11-21,7.426,2889,Available
"[18, 36]",1318335,The Rays and Shadows,fr,Les Rayons et les Ombres,7.0009,2026-03-18,7.527,110,Available
"[80, 28, 53]",254904,The November Man,en,The November Man,7.0683,2014-08-27,6.109,1639,Available
"[12, 35, 10751, 14, 10749]",2897,Around the World in 80 Days,en,Around the World in 80 Days,6.6097,1956-10-17,6.671,601,Available
"[18, 80]",400214,Operación Tiburón,es,Operación Tiburón,8.6554,1965-01-01,6.667,3,Available
"[28, 80, 53]",923667,Twilight of the Warriors: Walled In,cn,九龍城寨之圍城,7.0467,2024-05-01,7.03,477,Available
[27],370365,Archipelago,no,Skjærgården,7.3935,2016-01-08,2.7,3,Available
"[28, 80, 18]",945937,Fast Charlie,en,Fast Charlie,7.4253,2023-12-08,6.221,333,Available
"[18, 10402]",1677,Ray,en,Ray,6.905,2004-10-29,7.456,2293,Available
"[12, 14]",11527,Excalibur,en,Excalibur,6.483,1981-04-10,6.963,1191,Available
"[99, 10402]",1610390,Outspoken: Music for Free Speech,en,Outspoken: Music for Free Speech,4.7732,2025-12-16,0.0,0,Available
"[28, 80]",119283,Parker,en,Parker,7.6936,2013-01-23,6.1,3349,Available
"[35, 14, 10749]",381890,The Mermaid,zh,美人鱼,7.022,2016-02-08,6.6,500,Available
[18],957567,Tjenbé Red,fr,Tjenbé Red,8.4482,2022-04-03,7.0,1,Available
"[35, 14]",7278,Meet the Spartans,en,Meet the Spartans,7.2929,2008-01-24,4.091,1892,Available
"[16, 35, 10751]",12233,Oliver & Company,en,Oliver & Company,7.1109,1988-11-18,6.739,1742,Available
[18],1693442,Monay,tl,Monay,6.3969,2026-05-22,0.0,0,Available
[35],347717,The Joke,az,Lətifə,7.6854,1990-01-10,5.833,6,Available
"[35, 12, 14]",9760,Epic Movie,en,Epic Movie,7.2513,2007-01-25,3.861,1735,Available
[18],391926,Silent Depression,en,Silent Depression,7.9833,2015-06-19,0.0,0,Available
"[35, 10751, 18]",7095,Jack,en,Jack,6.742,1996-08-09,6.282,1395,Available
"[80, 878, 53]",281,Strange Days,en,Strange Days,6.5776,1995-10-13,7.026,1604,Available
"[27, 53]",760161,Orphan: First Kill,en,Orphan: First Kill,7.2678,2022-07-27,6.589,2349,Available
"[35, 12]",210860,Mortdecai,en,Mortdecai,7.2973,2015-01-21,5.524,2804,Available
"[27, 9648]",1288072,Keeper,en,Keeper,6.7978,2025-11-12,5.683,336,Available
"[53, 9648]",1092,The Third Man,en,The Third Man,7.0514,1949-08-31,7.885,2169,Available
"[12, 9648, 18]",1219548,The Physician II,de,Der Medicus II,6.9752,2025-12-25,6.694,49,Available
"[18, 80, 53]",11975,The Rainmaker,en,The Rainmaker,7.3601,1997-11-18,7.021,1538,Available
[27],1103441,Vórtice,en,Vórtice,7.8028,2022-01-10,0.0,0,Available
"[35, 18]",177,The Fisher King,en,The Fisher King,6.6916,1991-09-20,7.309,1514,Available
"[35, 18, 14]",616747,Haunted Mansion,en,Haunted Mansion,8.1283,2023-07-26,6.434,1270,Available
"[35, 18]",773,Little Miss Sunshine,en,Little Miss Sunshine,6.9819,2006-07-26,7.691,8049,Available
"[28, 27, 53]",986070,The Wrath of Becky,en,The Wrath of Becky,6.8231,2023-05-26,6.464,562,Available
"[10752, 36, 18, 28]",508935,The Eight Hundred,zh,八佰,7.1345,2020-08-14,7.041,350,Available
"[27, 35, 878]",974931,Totally Killer,en,Totally Killer,7.5412,2023-09-28,6.795,1162,Available
"[18, 10749]",451,Leaving Las Vegas,en,Leaving Las Vegas,6.9114,1995-10-27,7.247,1709,Available
"[18, 28, 53, 80]",9882,The Siege,en,The Siege,7.0331,1998-11-06,6.291,1547,Available
"[27, 9648, 53]",1155704,Bikini Murders,zh,比基尼惊魂夜,7.2878,2016-04-15,0.0,0,Available
"[53, 9648, 18]",328425,The Gift,en,The Gift,7.1073,2015-07-31,6.703,3574,Available
"[16, 35, 18]",1064486,Memoir of a Snail,en,Memoir of a Snail,6.8798,2024-10-17,8.06,821,Available
"[28, 878]",10803,Logan's Run,en,Logan's Run,7.0711,1976-06-23,6.62,1075,Available
"[28, 53, 80, 18]",891699,Silent Night,en,Silent Night,7.0702,2023-11-30,6.147,982,Available
[18],11009,Saturday Night Fever,en,Saturday Night Fever,7.5634,1977-12-16,6.731,2141,Available
"[53, 18, 80]",8984,Disclosure,en,Disclosure,6.7335,1994-12-09,6.248,1304,Available
"[10749, 18, 35]",7520,Cocktail,en,Cocktail,6.1853,1988-07-29,6.107,1667,Available
"[878, 18]",878608,Resurrection,zh,狂野时代,6.9552,2025-11-22,7.2,119,Available
"[27, 28, 878]",1577,Resident Evil: Apocalypse,en,Resident Evil: Apocalypse,7.3286,2004-09-10,6.366,4910,Available
"[16, 14, 28]",663558,New Gods: Nezha Reborn,zh,新神榜：哪吒重生,6.8581,2021-02-06,8.065,529,Available
"[18, 27, 53]",9529,Candyman,en,Candyman,6.9773,1992-10-16,6.667,1860,Available
[27],9725,Friday the 13th Part 2,en,Friday the 13th Part 2,7.45,1981-05-01,6.195,1968,Available
"[28, 53]",3595,Ransom,en,Ransom,6.7613,1996-11-08,6.7,2187,Available
[],432783,Alpine Sunlight,hu,Havasi napsütés,7.2033,1941-05-21,8.0,1,Available
[35],2292,Clerks,en,Clerks,6.938,1994-10-19,7.371,2855,Available
"[12, 14, 28]",9626,Red Sonja,en,Red Sonja,7.0187,1985-04-09,5.374,983,Available
"[35, 18, 10749]",134764,Due West: Our Sex Journey,cn,一路向西,7.133,2012-09-20,6.1,60,Available
"[80, 18, 53]",500682,The Highwaymen,en,The Highwaymen,6.6714,2019-03-15,6.776,2292,Available
[],476709,Crónica Parisiense,pt,Crónica Parisiense,7.957,2011-01-01,0.0,0,Available
[18],185689,Beauty in Rope Hell,ja,団鬼六　美女縄地獄,6.432,1983-08-26,5.8,25,Available
"[14, 35, 10751, 12]",10214,Son of the Mask,en,Son of the Mask,6.5602,2005-02-11,4.187,2000,Available
"[9648, 53, 18]",10866,Joy Ride,en,Joy Ride,6.5971,2001-10-05,6.547,1411,Available
[18],1755103,Mom IRL,en,Mom IRL,6.4791,,0.0,0,Unknown
"[28, 35, 27]",67342,Mr. Vampire,cn,殭屍先生,6.7686,1985-11-07,6.9,139,Available
[10402],1247464,LUMEN - Всегда 17 — всегда война,ru,LUMEN - Всегда 17 — всегда война,7.3064,2015-05-26,9.0,1,Available
[18],9909,Dangerous Minds,en,Dangerous Minds,7.2683,1995-08-11,6.986,1322,Available
[],482766,Abel in America,hu,Ábel Amerikában,8.1663,1998-02-05,10.0,1,Available
"[18, 36]",1101448,Unstoppable,en,Unstoppable,7.2336,2024-12-06,5.285,177,Available
[18],878966,Crane Lantern,az,Durna Çırağı,7.6132,2022-01-24,5.5,2,Available
"[10751, 16, 35, 12]",263109,Shaun the Sheep Movie,en,Shaun the Sheep Movie,6.7573,2015-02-05,6.985,1555,Available
"[80, 18]",5924,Papillon,en,Papillon,6.521,1973-12-16,7.828,2178,Available
"[18, 37]",266285,The Salvation,da,The Salvation,6.5792,2014-05-22,6.501,992,Available
"[16, 878, 28, 12, 10751]",1857,The Transformers: The Movie,en,The Transformers: The Movie,7.4319,1986-08-08,7.15,627,Available
"[80, 18, 9648]",592,The Conversation,en,The Conversation,7.0588,1974-04-12,7.497,2103,Available
"[10751, 12, 18]",1634,Free Willy,en,Free Willy,6.7063,1993-07-16,6.211,2034,Available
"[14, 16, 18, 878]",14069,The Girl Who Leapt Through Time,ja,時をかける少女,6.8233,2006-07-15,7.8,2300,Available
"[18, 10749, 35]",11622,Blast from the Past,en,Blast from the Past,7.228,1999-02-12,6.796,1266,Available
"[37, 12]",3685,Apache Gold,de,Winnetou 1. Teil,6.9895,1963-12-11,6.849,179,Available
"[28, 35, 12]",1148365,Matchbox the Movie,en,Matchbox the Movie,7.4112,2026-10-08,0.0,0,Available
"[35, 18]",1492198,Artificial,en,Artificial,9.0066,2026-12-25,0.0,0,Available
"[16, 12, 14, 10751, 878]",188403,Doraemon: Nobita's Dorabian Nights,ja,映画ドラえもん のび太のドラビアンナイト,6.6988,1991-03-09,6.993,70,Available
"[16, 35, 10751]",65759,Happy Feet Two,en,Happy Feet Two,7.1205,2011-11-17,6.21,1765,Available
"[16, 35, 10751]",62214,Frankenweenie,en,Frankenweenie,7.7441,2012-10-04,7.006,3692,Available
"[10749, 18, 35]",1355666,Love Untangled,ko,고백의 역사,7.1285,2025-08-28,8.237,234,Available
"[28, 12, 53]",5551,Space Cowboys,en,Space Cowboys,7.174,2000-08-04,6.386,1577,Available
"[18, 28, 35]",2110,Wasabi,fr,Wasabi,6.9639,2001-10-31,6.656,1477,Available
[99],447330,The Paris Opera,fr,L'Opéra,7.9997,2017-04-05,7.2,17,Available
"[53, 18, 9648]",8271,Disturbia,en,Disturbia,7.0298,2007-03-27,6.694,4205,Available
"[35, 14]",823482,Dream Scenario,en,Dream Scenario,7.2315,2023-11-10,6.65,1432,Available
"[10751, 35, 12]",1287536,Dora and the Search for Sol Dorado,en,Dora and the Search for Sol Dorado,6.6804,2025-07-02,6.553,132,Available
"[16, 28, 12, 35, 878]",1598785,Milky☆Subway: The Galactic Limited Express - the Movie,ja,銀河特急 ミルキー☆サブウェイ 各駅停車劇場行き,7.0209,2026-02-06,8.8,44,Available
"[35, 80]",11565,Big Momma's House 2,en,Big Momma's House 2,8.0768,2006-01-26,5.764,1726,Available
"[18, 27, 80, 53]",398173,The House That Jack Built,en,The House That Jack Built,6.3439,2018-10-04,7.107,3145,Available
"[18, 35, 80]",180863,T2 Trainspotting,en,T2 Trainspotting,6.2684,2017-01-27,6.934,3438,Available
[18],743814,Serve the People,ko,인민을 위해 복무하라,6.8539,2022-02-23,6.5,52,Available
"[35, 10751, 14]",23023,Tooth Fairy,en,Tooth Fairy,6.736,2010-01-14,5.492,2145,Available
"[878, 28, 12, 53]",172,Star Trek V: The Final Frontier,en,Star Trek V: The Final Frontier,7.1277,1989-06-09,5.725,1347,Available
"[35, 18, 10752]",354287,War Machine,en,War Machine,7.4129,2017-05-26,5.619,1270,Available
[16],878677,The Birth,pt,O Nascimento,8.6787,2009-01-01,6.333,3,Available
"[28, 53]",1154215,Elyas,fr,Elyas,7.2648,2024-07-03,6.167,165,Available
"[16, 12, 14, 10751]",816904,Mummies,es,Momias,7.2191,2023-01-05,6.925,515,Available
"[27, 9648, 53]",321258,The Boy,en,The Boy,7.6155,2016-01-22,5.975,4018,Available
[18],38810,Dogtooth,el,Κυνόδοντας,6.8538,2009-10-22,7.036,2677,Available
"[878, 80, 9648]",12101,Soylent Green,en,Soylent Green,6.3356,1973-04-18,6.922,1477,Available
[18],167064,The City Lights,bs,Svjetla grada,8.1297,2013-02-12,9.5,1,Available
"[9648, 53, 18]",663260,Black Box,fr,Boîte noire,6.5834,2021-09-08,7.32,1479,Available
[18],265177,Mommy,fr,Mommy,7.013,2014-09-19,8.195,2894,Available
"[10751, 16, 12, 14]",335360,My Little Pony: The Movie,en,My Little Pony: The Movie,6.5951,2017-10-05,7.3,435,Available
"[27, 53, 9648]",13788,The Unborn,en,The Unborn,6.4479,2009-01-09,5.227,1475,Available
"[27, 18, 878]",1255,The Host,ko,괴물,7.1804,2006-07-27,7.0,3233,Available
"[27, 35, 28, 878, 53]",9825,Lake Placid,en,Lake Placid,7.2374,1999-07-15,5.95,1293,Available
"[80, 35]",9600,Big Momma's House,en,Big Momma's House,7.2368,2000-05-31,5.818,2525,Available
"[35, 878, 80]",1227877,I Love Boosters,en,I Love Boosters,7.2349,2026-05-21,6.107,103,Available
[35],8274,American Pie Presents: Band Camp,en,American Pie Presents: Band Camp,7.2332,2005-11-23,5.474,2282,Available
[18],227549,The Momentary Marriage,fr,Noces éphémères,7.2329,2011-11-09,0.0,0,Available
"[878, 35, 18, 53]",698128,Dual,en,Dual,7.2324,2022-03-18,5.979,398,Available
[35],1008953,Incoming,en,Incoming,7.2323,2024-08-22,6.351,396,Available
[18],1315657,Yellow Letters,de,Gelbe Briefe,7.2311,2026-03-05,7.337,43,Available
[99],403092,La redención,es,La redención,7.2302,2015-10-31,0.0,0,Available
"[878, 18]",244267,I Origins,en,I Origins,7.2279,2014-07-18,7.565,3540,Available
"[80, 28, 53]",49526,Premium Rush,en,Premium Rush,7.2279,2012-08-24,6.367,2379,Available
"[27, 9648, 878]",340837,A Cure for Wellness,en,A Cure for Wellness,7.2271,2017-02-15,6.35,4283,Available
"[28, 80, 53]",398175,Brawl in Cell Block 99,en,Brawl in Cell Block 99,7.2266,2017-09-23,6.953,1623,Available
"[18, 10749]",25095,Wuthering Heights,en,Wuthering Heights,7.2254,1992-10-16,6.634,324,Available
"[878, 53, 28]",324670,Spectral,en,Spectral,7.2236,2016-12-09,6.567,2091,Available
[99],716288,From Harling Point,en,From Harling Point,7.2234,2003-01-01,0.0,0,Available
"[16, 35, 10751]",1300926,The Angry Birds Movie 3,en,The Angry Birds Movie 3,7.223,2026-12-23,0.0,0,Available
"[10751, 35, 12, 14]",643215,Asterix & Obelix: The Middle Kingdom,fr,Astérix & Obélix : L'Empire du Milieu,7.2229,2023-02-01,4.823,1203,Available
"[27, 9648]",1216191,Oddity,en,Oddity,7.2224,2024-07-19,6.7,891,Available
"[28, 53, 12, 80]",11968,Into the Blue,en,Into the Blue,6.7002,2005-09-30,5.933,1691,Available
"[28, 35, 80]",1181540,Guns Up,en,Guns Up,6.9177,2025-05-15,6.484,247,Available
"[35, 18]",461542,Letter to God,hu,Levél Istenhez,8.1203,2014-10-12,6.0,1,Available
"[35, 80, 28]",809787,Mafia Mamma,en,Mafia Mamma,7.0387,2023-04-13,6.089,330,Available
"[28, 35, 10749]",1226406,Love Hurts,en,Love Hurts,6.7433,2025-02-06,5.666,413,Available
"[28, 53]",458594,Peppermint,en,Peppermint,6.413,2018-09-06,6.739,2287,Available
"[12, 35, 10751]",1145899,Marsupilami,fr,Marsupilami,6.3943,2026-02-04,6.4,163,Available
"[12, 35, 37]",6038,Shanghai Knights,en,Shanghai Knights,6.9941,2003-02-06,6.137,2506,Available
[18],286448,On the Roofs of Budapest,hu,Pesti háztetők,7.4412,1961-08-10,10.0,1,Available
"[53, 28]",1235746,Dead of Winter,en,Dead of Winter,7.0914,2025-09-23,6.391,448,Available
[35],17927,Fired Up!,en,Fired Up!,6.6542,2009-02-20,6.122,715,Available
"[28, 36, 12, 18]",271969,Ben-Hur,en,Ben-Hur,7.0263,2016-08-17,5.777,1824,Available
"[18, 53, 80]",244761,The Captive,en,The Captive,6.7713,2014-09-05,5.85,1191,Available
[35],8005,Robin Hood: Men in Tights,en,Robin Hood: Men in Tights,6.5604,1993-07-28,6.608,2369,Available
"[28, 12, 878, 53]",154,Star Trek II: The Wrath of Khan,en,Star Trek II: The Wrath of Khan,6.9601,1982-06-04,7.449,2205,Available
"[35, 18]",438864,Pega Ladrão,pt,Pega Ladrão,5.0773,1957-06-06,7.0,1,Available
"[28, 53]",927107,The Bricklayer,en,The Bricklayer,9.2741,2023-12-14,5.782,410,Available
"[35, 80]",623,A Fish Called Wanda,en,A Fish Called Wanda,6.2358,1988-07-15,7.215,2503,Available
[18],68722,The Master,en,The Master,7.4342,2012-09-14,7.094,3404,Available
"[35, 10402, 10749, 18]",198277,Begin Again,en,Begin Again,7.2938,2014-06-27,7.234,4065,Available
"[16, 10751, 35, 10402]",342473,Ballerina,en,Ballerina,7.403,2016-12-14,7.208,2028,Available
"[35, 10749]",10033,Just Friends,en,Just Friends,6.2614,2005-11-23,6.205,1842,Available
"[28, 53, 10770]",839,Duel,en,Duel,6.2294,1971-12-25,7.419,2135,Available
"[16, 10751, 35, 878]",20760,Lilo & Stitch 2: Stitch Has a Glitch,en,Lilo & Stitch 2: Stitch Has a Glitch,8.2651,2005-08-22,6.697,1656,Available
"[53, 28, 12, 18, 14]",1401778,Turbulence,en,Turbulence,6.8778,2025-11-26,6.419,185,Available
[35],496,Borat: Cultural Learnings of America for Make Benefit Glorious Nation of Kazakhstan,en,Borat: Cultural Learnings of America for Make Benefit Glorious Nation of Kazakhstan,6.1561,2006-11-01,6.788,6147,Available
"[12, 14, 28]",9610,Conan the Destroyer,en,Conan the Destroyer,6.7963,1984-06-29,6.139,1723,Available
"[18, 878]",62215,Melancholia,en,Melancholia,6.8211,2011-03-16,7.148,3920,Available
"[53, 80, 18, 28]",165213,New World,ko,신세계,6.6869,2013-02-21,7.431,562,Available
[10402],463173,Couleé-D,en,Couleé-D,7.3518,2017-06-23,10.0,1,Available
"[28, 12, 35, 80, 18, 53]",9404,Police Story 4: First Strike,cn,警察故事4之簡單任務,6.3392,1996-02-10,6.5,553,Available
"[35, 18]",440472,The Upside,en,The Upside,7.4001,2019-01-10,7.117,1433,Available
"[18, 53]",1001375,Dust,nl,Dust,5.7583,2026-02-25,6.0,1,Available
"[878, 12, 28]",1114894,Star Trek: Section 31,en,Star Trek: Section 31,6.9775,2025-01-15,4.697,389,Available
"[18, 10749]",20116,Antarctica,he,אנטארקטיקה,6.6745,2008-01-01,5.643,28,Available
"[18, 10749]",6023,P.S. I Love You,en,P.S. I Love You,7.2302,2007-11-15,7.174,3538,Available
"[10749, 12, 18]",175,The Big Blue,fr,Le Grand Bleu,6.4576,1988-05-10,7.448,1614,Available
[],721983,Night Drive,pt,Passeio Noturno,7.7713,2015-11-21,0.0,0,Available
"[35, 16, 14, 12]",1633056,All Wishes Come True!,zh,八仙！,6.9284,2026-07-10,7.875,24,Available
"[28, 35, 80, 18]",10589,After the Sunset,en,After the Sunset,7.3989,2004-11-12,6.182,897,Available
"[18, 10749]",38684,Jane Eyre,en,Jane Eyre,7.2095,2011-03-11,7.193,1596,Available
"[80, 35]",353070,Going in Style,en,Going in Style,6.726,2017-04-06,6.693,3100,Available
"[16, 18, 10751]",682012,Little Amélie or the Character of Rain,fr,Amélie et la métaphysique des tubes,6.4483,2025-06-25,7.874,215,Available
"[18, 80]",409502,I'm Not Ashamed,en,I'm Not Ashamed,6.8299,2016-10-21,7.104,293,Available
[18],122126,The Concubine,ko,후궁: 제왕의 첩,7.2318,2012-06-06,5.809,115,Available
"[35, 10749, 18]",3525,Working Girl,en,Working Girl,6.7622,1988-12-20,6.604,1092,Available
"[18, 10749]",34653,A Single Man,en,A Single Man,10.5726,2009-12-11,7.265,1700,Available
"[80, 18, 9648]",3580,Changeling,en,Changeling,6.6159,2008-10-24,7.571,4592,Available
"[35, 12]",11282,Harold & Kumar Go to White Castle,en,Harold & Kumar Go to White Castle,6.5307,2004-07-02,6.578,2366,Available
"[80, 18]",9766,Gridiron Gang,en,Gridiron Gang,7.0486,2006-09-15,7.088,1131,Available
"[18, 36]",1883,Malcolm X,en,Malcolm X,6.1678,1992-11-18,7.556,1979,Available
"[18, 35]",262,The King of Comedy,en,The King of Comedy,6.411,1982-12-18,7.775,2652,Available
"[35, 80]",9384,Starsky & Hutch,en,Starsky & Hutch,7.0017,2004-03-05,5.818,2585,Available
"[35, 18]",4031,Going Places,fr,Les Valseuses,6.7873,1974-03-20,6.674,503,Available
"[16, 28, 14, 12]",592350,My Hero Academia: Heroes Rising,ja,僕のヒーローアカデミア THE MOVIE ヒーローズ：ライジング,7.1184,2019-12-20,8.1,1309,Available
"[28, 53]",1482547,Zip Wire,en,Zip Wire,7.8794,2026-08-31,7.0,3,Available
"[35, 80, 9648, 10770]",457840,Psych: The Movie,en,Psych: The Movie,5.2041,2017-12-07,7.231,261,Available
[10402],1244557,Lumen - Дыши,ru,Lumen - Дыши,8.3414,2006-06-20,8.0,1,Available
"[35, 10749]",16318,Sex Is Zero,ko,색즉시공,6.9097,2002-12-12,6.178,143,Available
[18],499191,Call Boy,ja,娼年,6.5452,2018-04-06,6.5,56,Available
[10402],1756078,Tangent,ro,Tangent,8.3336,2025-12-01,0.0,0,Available
"[27, 53]",1975,The Grudge 2,en,The Grudge 2,6.8901,2006-10-12,5.6,1154,Available
"[35, 10751, 12]",9513,Garfield: A Tail of Two Kitties,en,Garfield: A Tail of Two Kitties,7.1958,2006-06-15,5.606,2379,Available
"[53, 37, 12]",12146,The Missing,en,The Missing,6.53,2003-11-26,6.303,709,Available
"[16, 28, 878]",39108,Dragon Ball Z: Wrath of the Dragon,ja,ドラゴンボールZ 龍拳爆発!!悟空がやらねば誰がやる,8.2552,1995-07-15,7.338,812,Available
"[12, 14, 27, 9648]",539537,Fantasy Island,en,Fantasy Island,6.9433,2020-02-12,5.747,2677,Available
"[10751, 10770, 12, 14]",506574,Descendants 3,en,Descendants 3,6.9934,2019-08-02,7.679,1657,Available
"[28, 35, 10751]",23172,The Spy Next Door,en,The Spy Next Door,6.7289,2010-01-15,5.895,1451,Available
[18],481093,Inner Court,pt,Foro Íntimo,5.4598,2017-10-19,6.0,1,Available
"[28, 12, 35]",11199,Wild Hogs,en,Wild Hogs,7.0137,2007-03-02,5.972,2510,Available
"[28, 80, 18, 53]",8838,Mercury Rising,en,Mercury Rising,7.5418,1998-04-03,6.291,1715,Available
"[16, 28, 12, 878]",768744,My Hero Academia: World Heroes' Mission,ja,僕のヒーローアカデミア THE MOVIE ワールド ヒーローズ ミッション,6.9582,2021-08-06,7.596,649,Available
"[18, 10749]",492101,New Golden Lotus  I,cn,新金瓶梅 第一集,6.7277,1996-03-08,6.2,10,Available
"[35, 10749, 53]",9895,Man of the Year,en,Man of the Year,6.709,2006-10-09,5.934,517,Available
"[27, 53, 9648]",1064497,INTERSTICE,en,INTERSTICE,7.3017,2022-12-16,0.0,0,Available
"[18, 9648, 53]",768362,Missing,en,Missing,6.4297,2023-01-19,7.386,1333,Available
"[37, 35]",11072,Blazing Saddles,en,Blazing Saddles,6.4312,1974-02-07,7.237,2149,Available
"[18, 10749]",345920,Collateral Beauty,en,Collateral Beauty,6.204,2016-12-15,7.213,5608,Available
[18],1296672,măști fragile,ro,măști fragile,7.0066,2024-04-14,0.0,0,Available
"[28, 80, 18]",8867,The Punisher,en,The Punisher,7.1006,1989-10-05,5.759,712,Available
"[28, 12, 53]",933131,Badland Hunters,ko,황야,6.9921,2024-01-26,6.736,828,Available
"[35, 28, 12, 10749]",6068,Six Days Seven Nights,en,Six Days Seven Nights,6.3271,1998-06-12,6.105,1668,Available
"[18, 35, 10749]",74643,The Artist,fr,The Artist,6.9077,2011-10-12,7.435,3606,Available
"[18, 10749]",3084,Wuthering Heights,en,Wuthering Heights,6.9715,1939-04-07,7.184,334,Available
"[28, 53]",2636,The Specialist,en,The Specialist,8.3057,1994-10-07,5.958,1497,Available
"[12, 16, 35, 10751, 14]",1117857,In Your Dreams,en,In Your Dreams,7.2441,2025-11-07,6.9,253,Available
"[12, 14, 10751]",10601,Peter Pan,en,Peter Pan,6.7675,2003-12-18,7.133,2810,Available
"[9648, 35, 18]",664469,Amsterdam,en,Amsterdam,6.2321,2022-09-27,6.065,1890,Available
"[53, 9648]",11460,Red Eye,en,Red Eye,6.7271,2005-08-10,6.396,2612,Available
[35],1022690,Ricky Stanicky,en,Ricky Stanicky,6.79,2024-03-07,6.522,835,Available
"[27, 53, 28]",669671,Night Teeth,en,Night Teeth,6.7383,2021-10-20,6.425,894,Available
"[10751, 12, 35]",9279,Jingle All the Way,en,Jingle All the Way,7.3658,1996-11-21,6.065,3030,Available
"[18, 10749]",1281195,Truly Naked,en,Truly Naked,7.2005,2026-04-15,6.786,21,Available
[99],583481,Cinéma,fr,Cinéma,8.0396,1997-12-12,0.0,0,Available
"[53, 9648]",833425,No Exit,en,No Exit,6.582,2022-02-24,6.818,1336,Available
[18],8092,This Boy's Life,en,This Boy's Life,6.8536,1993-04-09,7.128,1115,Available
"[16, 80, 18, 28, 53]",382322,Batman: The Killing Joke,en,Batman: The Killing Joke,6.5796,2016-07-24,6.604,1966,Available
"[28, 18, 53]",9331,Clear and Present Danger,en,Clear and Present Danger,7.3493,1994-08-03,6.649,1744,Available
[18],429474,Waiting for Cecilia,pt,Esperando Cecília,7.5888,2016-12-17,0.0,0,Available
"[18, 10749, 10752]",1437981,Coward,fr,Coward,6.6771,2026-10-21,0.0,0,Available
"[18, 35]",1633,Fried Green Tomatoes,en,Fried Green Tomatoes,6.4117,1991-12-27,7.7,1520,Available
"[18, 14, 37]",922,Dead Man,en,Dead Man,5.9093,1995-12-23,7.307,1782,Available
"[12, 18, 36]",7305,Alive,en,Alive,6.5299,1993-01-15,6.887,1631,Available
"[53, 18, 10749]",10497,Bitter Moon,en,Bitter Moon,6.7946,1992-09-02,7.107,877,Available
[],551929,The Magic Flute,de,Die Zauberflöte,7.5017,2018-09-14,0.0,0,Available
[],981251,Stories,en,WKND - Stories,8.9109,2018-06-25,0.0,0,Available
"[28, 53]",681,Diamonds Are Forever,en,Diamonds Are Forever,6.5196,1971-12-14,6.401,2437,Available
"[27, 878]",923,Dawn of the Dead,en,Dawn of the Dead,6.6668,1978-09-02,7.484,2369,Available
"[28, 80, 53]",916,Bullitt,en,Bullitt,6.3793,1968-10-17,7.15,1328,Available
"[28, 53]",1639,Speed 2: Cruise Control,en,Speed 2: Cruise Control,6.4651,1997-06-13,4.594,1860,Available
"[10751, 35, 12, 16, 878, 28]",539681,DC League of Super-Pets,en,DC League of Super-Pets,6.9869,2022-07-27,7.141,1776,Available
"[18, 53]",644583,The Mauritanian,en,The Mauritanian,6.5998,2021-02-12,7.381,1332,Available
"[878, 80, 28]",629176,Samaritan,en,Samaritan,6.2063,2022-08-25,6.651,2262,Available
"[878, 18]",13363,The Man from Earth,en,The Man from Earth,6.9402,2007-06-10,7.625,3024,Available
[27],816371,Sadi-Scream Vol. 3,ja,Sadi-sukurîmu: Vol. 03 - ekusodasu,6.4494,2007-09-14,1.0,2,Available
"[35, 14]",40264,Vampires Suck,en,Vampires Suck,7.2747,2010-08-18,4.401,1424,Available
[18],399019,The Beguiled,en,The Beguiled,7.1522,2017-06-23,5.918,2270,Available
[18],306819,The Danish Girl,en,The Danish Girl,6.8196,2015-11-27,7.539,6010,Available
"[28, 35]",704239,The Union,en,The Union,7.0299,2024-08-15,6.039,1221,Available
"[12, 18, 28, 10749, 10751]",8856,The Karate Kid Part II,en,The Karate Kid Part II,6.2031,1986-06-18,6.35,2560,Available
"[12, 18, 53]",334524,Gold,en,Gold,6.9991,2016-02-03,6.63,1794,Available
[99],200279,Déchirés / Graves,fr,Déchirés / Graves,8.2989,2013-06-12,0.0,0,Available
"[18, 10749]",791128,Youngest Sister Class,ko,막장자매 클라쓰,6.8188,2020-05-01,4.6,8,Available
"[28, 53, 80]",8374,The Boondock Saints,en,The Boondock Saints,6.6755,1999-01-22,7.241,2790,Available
"[16, 10751, 14, 18, 35]",1139087,Once Upon a Studio,en,Once Upon a Studio,6.7787,2023-09-24,8.256,450,Available
"[12, 878, 9648]",1685,Beneath the Planet of the Apes,en,Beneath the Planet of the Apes,7.0379,1970-04-23,6.151,1521,Available
"[28, 27, 878]",375366,The Girl with All the Gifts,en,The Girl with All the Gifts,7.0885,2016-09-23,6.598,2221,Available
"[28, 80, 53]",1267319,Mantis,ko,사마귀,6.8432,2025-09-25,6.466,190,Available
"[28, 14, 27]",894205,Werewolf by Night,en,Werewolf by Night,6.0799,2022-09-25,6.964,1602,Available
"[28, 53]",872906,Jawan,hi,जवान,6.667,2023-09-07,7.043,351,Available
"[18, 27, 878, 53]",6171,Dreamcatcher,en,Dreamcatcher,6.8625,2003-03-21,5.651,1962,Available
"[28, 12, 35, 18, 37]",9359,Maverick,en,Maverick,6.4254,1994-05-20,6.902,1838,Available
"[12, 14, 28]",23047,Season of the Witch,en,Season of the Witch,6.8543,2011-01-07,5.534,2717,Available
"[35, 18, 10751, 10749]",21542,Love Don't Co$t a Thing,en,Love Don't Co$t a Thing,7.1133,2003-12-12,7.694,731,Available
"[16, 10751, 10402, 35]",1484453,Snoopy Presents: A Summer Musical,en,Snoopy Presents: A Summer Musical,6.8028,2025-08-14,7.638,29,Available
"[14, 10402]",341842,A padlás,hu,A padlás,7.8325,1988-01-27,10.0,1,Available
[18],427824,Palhaços,pt,Palhaços,7.6284,2011-10-01,5.0,1,Available
"[28, 80, 9648, 53]",9395,Above the Law,en,Above the Law,6.8897,1988-04-08,6.135,820,Available
"[99, 36]",38643,Los Angeles Plays Itself,en,Los Angeles Plays Itself,6.6804,2004-07-28,7.623,69,Available
"[80, 18]",1646,Freedom Writers,en,Freedom Writers,7.0043,2007-01-05,7.928,2482,Available
"[35, 16, 12, 10751, 14]",400157,Wonder Park,en,Wonder Park,7.3312,2019-03-13,6.591,783,Available
"[18, 10402]",1379266,Kokuho,ja,国宝,6.2041,2025-06-06,7.798,109,Available
[18],74308,Detachment,en,Detachment,6.7855,2011-04-24,7.622,2077,Available
"[35, 10749]",1001811,My Big Fat Greek Wedding 3,en,My Big Fat Greek Wedding 3,6.7151,2023-09-07,5.9,237,Available
"[53, 10749, 9648]",1466120,Dead Again,ko,데드 어게인,7.85,2025-05-08,7.4,5,Available
[35],8275,American Pie Presents: The Naked Mile,en,American Pie Presents: The Naked Mile,6.8381,2006-12-04,5.493,2233,Available
[18],1757605,Seen,tl,Nakikita,7.719,,0.0,0,Unknown
[27],55341,Jeepers Creepers 3,en,Jeepers Creepers 3,6.477,2017-09-26,4.911,1015,Available
"[27, 878, 35]",9035,Slither,en,Slither,6.9301,2006-03-31,6.549,1790,Available
"[80, 18, 10749]",1108566,Killer Heat,en,Killer Heat,7.6087,2024-09-25,5.825,338,Available
"[14, 27, 9648]",542224,Gretel & Hansel,en,Gretel & Hansel,6.3155,2020-01-30,6.033,1608,Available
"[18, 53]",1957,Enough,en,Enough,6.5553,2002-05-21,6.648,1267,Available
"[18, 53, 9648]",585834,Silence & Darkness,en,Silence & Darkness,6.8816,2019-03-03,5.833,6,Available
"[28, 53, 18]",336882,The Wave,no,Bølgen,6.733,2015-08-28,6.7,1449,Available
"[18, 36, 10752]",13813,Defiance,en,Defiance,6.1289,2008-12-31,6.839,1953,Available
"[28, 80, 18, 53]",9972,Lock Up,en,Lock Up,6.8678,1989-08-04,6.801,1364,Available
"[18, 10752]",1422041,La bola negra,es,La bola negra,6.7039,2026-09-25,0.0,0,Available
[],641284,Carnal Excitation,fr,Excitation au soleil,8.4184,1978-03-22,4.0,4,Available
[35],437557,Blockers,en,Blockers,7.3119,2018-03-14,6.305,2170,Available
"[10751, 16, 12, 18]",12144,The Land Before Time,en,The Land Before Time,7.1216,1988-11-18,7.161,2823,Available
"[10402, 10749, 35]",1318304,Once More,ta,ஒன்ஸ் மோர்,6.3585,2026-08-28,0.0,0,Available
"[10751, 35, 18, 10749]",13969,First Daughter,en,First Daughter,7.1591,2004-09-24,6.2,1027,Available
"[18, 10749]",649,Belle de Jour,fr,Belle de jour,6.936,1967-05-24,7.31,1036,Available
"[878, 53]",760873,The Colony,de,Tides,6.6521,2021-08-26,5.712,378,Available
"[27, 53]",76617,Texas Chainsaw 3D,en,Texas Chainsaw 3D,6.2884,2013-01-03,5.491,1857,Available
"[80, 18, 53]",9281,Witness,en,Witness,6.3193,1985-02-08,7.089,1952,Available
"[27, 53, 18]",1249508,Grizzly Night,en,Grizzly Night,7.5015,2026-01-30,6.3,67,Available
"[35, 10751, 14]",338958,Disenchanted,en,Disenchanted,6.5449,2022-11-18,6.654,1209,Available
"[28, 53]",1647,The Recruit,en,The Recruit,7.0092,2003-01-31,6.406,1982,Available
"[10749, 18]",258480,Carol,en,Carol,6.6931,2015-11-20,7.486,4032,Available
"[35, 10751, 10770, 10402, 10749]",10947,High School Musical,en,High School Musical,6.5045,2006-01-20,6.544,4846,Available
"[53, 80]",1274706,The Marked Woman,es,La desconocida,7.4737,2026-06-05,5.601,124,Available
[18],621717,August,es,Agosto,6.9406,2019-09-10,7.2,4,Available
"[12, 14, 16, 10751]",9992,Arthur and the Invisibles,fr,Arthur et les Minimoys,7.1535,2006-12-13,6.4,3098,Available
"[16, 12, 10751, 14]",41216,Legend of the Guardians: The Owls of Ga'Hoole,en,Legend of the Guardians: The Owls of Ga'Hoole,8.77,2010-07-10,6.839,2550,Available
"[35, 10749, 18]",613868,Cousins,pt,Primos,5.6099,2019-12-10,7.719,365,Available
[35],1758420,Mormon UNO,en,Mormon UNO,8.517,2026-07-24,0.0,0,Available
"[10751, 35]",215269,A Harum-Scarum Family,hu,Szeleburdi család,6.8851,1981-12-24,6.8,5,Available
"[10749, 35]",2064,While You Were Sleeping,en,While You Were Sleeping,7.0599,1995-04-21,7.034,2060,Available
"[878, 28, 12]",9886,Johnny Mnemonic,en,Johnny Mnemonic,7.0597,1995-05-26,5.765,1581,Available
"[28, 80, 53]",10877,Exit Wounds,en,Exit Wounds,7.0594,2001-03-16,5.931,603,Available
"[80, 18, 9648]",396461,Under the Silver Lake,en,Under the Silver Lake,7.0588,2018-08-08,6.32,1660,Available
"[99, 12]",1743955,Tempting Fate,en,Tempting Fate,7.0572,1997-01-02,0.0,0,Available
"[878, 28]",10529,Outlander,en,Outlander,7.0568,2008-04-24,6.461,1466,Available
"[28, 53, 878]",1946,eXistenZ,en,eXistenZ,7.0555,1999-04-14,6.8,2272,Available
[18],111190,Adoration,en,Adoration,7.0548,2013-04-03,6.099,1052,Available
[35],195589,Neighbors,en,Neighbors,7.0544,2014-05-08,6.178,7403,Available
"[28, 53, 878]",18501,Gamer,en,Gamer,7.0536,2009-09-03,5.698,2707,Available
"[18, 27, 9648]",516329,Antlers,en,Antlers,7.0525,2021-10-28,6.214,1264,Available
"[12, 878, 14]",173,"20,000 Leagues Under the Sea",en,"20,000 Leagues Under the Sea",7.0513,1954-12-23,7.071,1017,Available
"[12, 18]",624,Easy Rider,en,Easy Rider,7.0503,1969-06-26,7.046,2218,Available
"[28, 80, 53]",2140,Kiss of the Dragon,en,Kiss of the Dragon,7.0501,2001-07-06,6.939,1401,Available
"[28, 12, 35]",11006,Smokey and the Bandit,en,Smokey and the Bandit,7.0492,1977-05-27,7.002,831,Available
"[28, 18, 10752]",4421,G.I. Jane,en,G.I. Jane,7.049,1997-08-19,6.492,1911,Available
"[27, 28, 878]",295830,Attack on Titan,ja,進撃の巨人 ATTACK ON TITAN,7.0461,2015-08-01,6.128,862,Available
"[18, 14]",103328,Holy Motors,fr,Holy Motors,7.044,2012-07-02,6.98,1291,Available
"[80, 53, 28]",882059,Boy Kills World,en,Boy Kills World,7.0427,2024-04-24,6.669,875,Available
"[53, 878, 28, 12]",307663,Vice,en,Vice,6.9988,2015-01-16,4.368,591,Available
"[12, 27, 53]",11237,Anacondas: The Hunt for the Blood Orchid,en,Anacondas: The Hunt for the Blood Orchid,5.9818,2004-08-25,5.505,1135,Available
"[28, 18, 53]",4689,Sympathy for Mr. Vengeance,ko,복수는 나의 것,6.932,2002-03-29,7.464,1771,Available
[35],419680,Daddy's Home 2,en,Daddy's Home 2,6.965,2017-11-09,6.306,2783,Available
"[35, 10751, 14, 27, 9648]",463821,The House with a Clock in Its Walls,en,The House with a Clock in Its Walls,6.6694,2018-09-15,6.252,2359,Available
"[28, 53, 37]",1293286,Gunslingers,en,Gunslingers,6.6439,2025-04-11,6.048,125,Available
[18],418578,The Quest of the Sex: A Holly Hole,zh,齐天大性II大破盘丝洞,6.9084,2005-08-03,4.0,1,Available
"[18, 10752]",165140,Jîn,tr,Jîn,6.7491,2013-02-09,5.923,26,Available
"[35, 18]",249,The War of the Roses,en,The War of the Roses,6.3707,1989-12-08,6.916,1285,Available
"[35, 27]",246741,What We Do in the Shadows,en,What We Do in the Shadows,5.8855,2014-06-19,7.5,4055,Available
"[18, 878]",321009,Transient Consciousness,cs,Přechodné vědomí,7.1902,2014-04-09,0.0,0,Available
"[35, 10749]",8874,My Best Friend's Wedding,en,My Best Friend's Wedding,5.7609,1997-06-19,6.562,2957,Available
"[27, 878, 35]",347847,The Sand,en,The Sand,6.178,2015-08-28,5.027,281,Available
[18],3116,Midnight Cowboy,en,Midnight Cowboy,7.2323,1969-05-25,7.5,1672,Available
"[16, 10751, 12, 35, 14]",460793,Olaf's Frozen Adventure,en,Olaf's Frozen Adventure,6.1668,2017-10-27,6.5,1516,Available
"[36, 18, 10402]",1401281,The Testament of Ann Lee,en,The Testament of Ann Lee,6.1018,2025-12-25,6.345,177,Available
"[36, 18]",1305672,I Know Who You Are,zh,抓特务,5.8527,2026-06-19,6.667,12,Available
"[10751, 12, 18]",522518,A Dog's Journey,en,A Dog's Journey,6.8386,2019-05-03,8.044,1649,Available
"[53, 36, 18]",726759,Tetris,en,Tetris,6.5447,2023-03-15,7.751,2016,Available
"[28, 12, 878]",121856,Assassin's Creed,en,Assassin's Creed,6.8476,2016-12-21,5.445,8243,Available
"[28, 12, 878]",9562,Timeline,en,Timeline,6.9381,2003-11-26,5.727,1209,Available
"[35, 10749, 18]",1538457,Meesaya Murukku 2,ta,மீசைய முறுக்கு 2,6.6478,2026-09-25,0.0,0,Available
"[12, 35]",9896,Rat Race,en,Rat Race,6.1341,2001-08-17,6.293,2044,Available
"[53, 18, 10749]",1026436,Miller's Girl,en,Miller's Girl,6.5694,2024-01-18,6.3,978,Available
"[12, 16, 10751, 35, 10770]",51170,Open Season 3,en,Open Season 3,6.8171,2010-10-21,5.662,700,Available
"[35, 10749, 18]",13342,Fast Times at Ridgemont High,en,Fast Times at Ridgemont High,6.3878,1982-08-13,6.793,1411,Available
"[28, 12, 10751, 14]",428045,Iron Mask,ru,Тайна печати Дракона,6.358,2019-08-16,6.074,568,Available
[18],940139,Here,en,Here,6.5966,2024-10-30,6.469,717,Available
[18],256730,La fotógrafa,es,La fotógrafa,7.9123,2013-05-17,7.5,1,Available
"[35, 10402]",8872,Wayne's World,en,Wayne's World,6.6651,1992-02-14,6.683,2538,Available
[18],925,Do the Right Thing,en,Do the Right Thing,6.213,1989-06-14,7.8,2069,Available
"[12, 16, 10751, 14]",1538497,Hexed,en,Hexed,7.2036,2026-11-25,0.0,0,Available
[16],315189,Lilly,en,Lilly,7.1915,2007-01-01,0.0,0,Available
"[12, 28, 27, 878]",9457,Deep Rising,en,Deep Rising,7.4877,1998-01-30,6.182,854,Available
"[27, 878]",135309,Lake Placid: The Final Chapter,en,Lake Placid: The Final Chapter,7.1263,2013-07-30,5.2,214,Available
[99],381394,The Audition,de,Die Prüfung,6.8894,2016-05-19,9.0,2,Available
"[28, 35, 18]",474247,Le cinématographe,fr,Le cinématographe,5.229,1969-05-18,0.0,0,Available
"[35, 27]",46838,Tucker and Dale vs. Evil,en,Tucker and Dale vs. Evil,6.7447,2010-01-22,7.404,3295,Available
[18],1715,The Cider House Rules,en,The Cider House Rules,6.4193,1999-12-17,7.089,1329,Available
"[18, 35]",334533,Captain Fantastic,en,Captain Fantastic,7.005,2016-07-08,7.889,6952,Available
"[27, 35]",850920,The Parenting,en,The Parenting,6.584,2025-03-12,6.085,170,Available
"[28, 53]",10222,Kickboxer,en,Kickboxer,6.8682,1989-04-20,6.842,1622,Available
"[27, 53, 80]",11917,Saw V,en,Saw V,6.2866,2008-10-23,6.172,3904,Available
"[878, 18]",1032892,In the Blink of an Eye,en,In the Blink of an Eye,7.111,2026-01-26,5.872,164,Available
[99],587479,Antarctic Dream,es,Sueño Antártico,7.8462,2016-07-10,10.0,2,Available
"[9648, 878]",1022356,Déjà vu,fr,Déjà vu,7.4319,2007-10-16,0.0,0,Available
"[18, 80]",231164,Sweet Whip,ja,甘い鞭,6.4293,2013-09-21,5.9,31,Available
"[35, 80, 18]",1574,Chicago,en,Chicago,6.3709,2002-12-10,7.1,2975,Available
"[10751, 35]",774100,"Alexander and the Terrible, Horrible, No Good, Very Bad Road Trip",en,"Alexander and the Terrible, Horrible, No Good, Very Bad Road Trip",6.3121,2025-03-26,6.117,90,Available
[35],9718,Talladega Nights: The Ballad of Ricky Bobby,en,Talladega Nights: The Ballad of Ricky Bobby,6.3361,2006-08-04,6.4,1986,Available
"[28, 12, 14, 878]",849,Krull,en,Krull,7.219,1983-07-29,6.044,644,Available
"[35, 18]",188222,Entourage,en,Entourage,6.6623,2015-06-03,6.235,1136,Available
"[878, 28, 53, 12]",10134,Cyborg,en,Cyborg,6.2404,1989-04-07,5.668,855,Available
"[10402, 18]",504608,Rocketman,en,Rocketman,6.933,2019-05-17,7.309,5073,Available
[27],790,The Fog,en,The Fog,7.2408,1980-02-01,6.738,1803,Available
"[35, 80]",257091,Get Hard,en,Get Hard,6.613,2015-03-26,6.015,2970,Available
"[80, 9648, 53]",722149,Luther: The Fallen Sun,en,Luther: The Fallen Sun,7.0632,2023-02-24,6.629,1151,Available
"[80, 18, 53]",11368,Blood Simple,en,Blood Simple,6.5513,1985-01-18,7.243,1675,Available
"[14, 12, 28, 9648]",35552,The Extraordinary Adventures of Adèle Blanc-Sec,fr,Les Aventures extraordinaires d'Adèle Blanc-Sec,6.1242,2010-04-09,6.268,1512,Available
"[36, 18]",10139,Milk,en,Milk,5.9453,2008-11-05,7.214,2485,Available
"[28, 18, 9648, 53]",8834,Conspiracy Theory,en,Conspiracy Theory,7.2825,1997-08-08,6.621,1714,Available
"[18, 37]",600583,The Power of the Dog,en,The Power of the Dog,5.8246,2021-10-25,6.733,3036,Available
"[35, 27]",139038,A Haunted House,en,A Haunted House,6.1586,2013-01-11,5.954,2106,Available
"[36, 18, 12]",285783,The Walk,en,The Walk,6.7926,2015-09-30,6.989,3446,Available
[10749],543831,Next Door Sisters,ko,옆집 누나들,6.3454,2018-06-26,2.7,3,Available
"[28, 53]",1409853,Neglected,en,Neglected,6.6534,2026-05-08,6.288,26,Available
"[28, 12, 35]",667739,The Man from Toronto,en,The Man from Toronto,6.3448,2022-12-23,6.407,562,Available
"[35, 18]",1190511,Sitaare Zameen Par,hi,सितारे ज़मीन पर,6.6845,2025-06-20,6.873,55,Available
"[28, 12, 14, 10752]",9703,The Last Legion,en,The Last Legion,7.3446,2007-04-19,5.624,866,Available
[18],443852,The Dream,fr,Le rêve,8.6985,1931-07-22,10.0,1,Available
"[18, 53]",57687,Die Beauty,sv,Du Sköna,7.729,2010-09-17,6.5,2,Available
"[12, 14, 16, 28, 878]",80518,Fullmetal Alchemist: The Sacred Star of Milos,ja,鋼の錬金術師 嘆きの丘（ミロス）の聖なる星,7.0506,2011-07-02,6.832,298,Available
"[53, 18, 27]",715756,Dangerous Drugs of Sex,ja,性の劇薬,6.4346,2020-02-14,6.4,39,Available
"[28, 12, 14, 35, 10749, 18]",13345,A Chinese Odyssey Part One: Pandora's Box,cn,西遊記第壹佰零壹回之月光寶盒,6.0537,1995-01-21,7.5,318,Available
"[12, 14, 28, 878]",9651,Supergirl,en,Supergirl,6.8117,1984-07-01,5.409,727,Available
"[10402, 35]",206957,Soloist Needed,lv,Vajadzīga soliste,7.1544,1984-07-12,6.5,2,Available
"[28, 12, 35, 53]",3132,Bad Company,en,Bad Company,6.0844,2002-06-07,5.506,885,Available
"[27, 37, 53, 28]",1443894,Forgive Us All,en,Forgive Us All,6.5618,2025-05-08,5.809,68,Available
"[80, 28, 9648, 53]",11074,Striking Distance,en,Striking Distance,7.533,1993-09-17,5.924,986,Available
"[35, 10749, 12]",1727,Bird on a Wire,en,Bird on a Wire,6.6459,1990-05-18,6.241,1066,Available
"[27, 35]",1239134,Bhooth Bangla,hi,भूत बंगला,7.1505,2026-04-16,5.6,63,Available
[18],795514,The Fallout,en,The Fallout,7.1565,2021-03-17,7.493,1330,Available
[99],324558,X-Rated: The Greatest Adult Movies of All Time,en,X-Rated: The Greatest Adult Movies of All Time,6.4714,2015-02-06,6.389,198,Available
"[18, 36]",487616,Curiosa,fr,Curiosa,6.1109,2019-04-03,5.817,254,Available
[],270531,Príncipe azul,es,Príncipe azul,6.8263,2013-09-26,0.0,0,Available
[],526044,La Traviata,en,La Traviata,7.6066,2018-04-16,0.0,0,Available
"[27, 53]",10781,The Texas Chainsaw Massacre: The Beginning,en,The Texas Chainsaw Massacre: The Beginning,6.0483,2006-10-05,6.172,2016,Available
[35],632856,Spirited,en,Spirited,6.3643,2022-11-10,6.833,795,Available
"[18, 36]",1028196,Nickel Boys,en,Nickel Boys,6.1665,2024-12-13,6.629,372,Available
"[35, 14, 27]",649609,Renfield,en,Renfield,7.1286,2023-04-07,6.435,2230,Available
"[878, 28, 18]",9425,Soldier,en,Soldier,6.6046,1998-10-23,6.398,991,Available
"[99, 10402]",1695225,Travis Barker: Louder Than Fear,en,Travis Barker: Louder Than Fear,4.3578,2026-06-13,8.286,7,Available
"[28, 878, 53]",10596,Replicant,en,Replicant,6.3111,2001-05-11,5.853,549,Available
"[28, 35, 53]",28339,Hard to Die,en,Hard to Die,8.0352,1990-10-09,6.071,70,Available
"[35, 18, 10749]",7303,Maid in Manhattan,en,Maid in Manhattan,6.8531,2002-12-13,6.136,2091,Available
"[28, 12, 53]",10538,Passenger 57,en,Passenger 57,6.4144,1992-11-06,6.03,1160,Available
"[12, 10749, 35]",8676,Fool's Gold,en,Fool's Gold,6.7684,2008-02-07,5.8,1639,Available
"[12, 27, 53, 10770]",19543,Anacondas: Trail of Blood,en,Anacondas: Trail of Blood,6.3644,2009-07-16,4.598,363,Available
[99],428093,Algo más,es,Algo más,7.9486,2009-03-10,0.0,0,Available
"[10749, 18, 35]",8051,Punch-Drunk Love,en,Punch-Drunk Love,6.004,2002-10-11,7.107,2853,Available
"[80, 18, 28, 53]",82682,Gangster Squad,en,Gangster Squad,7.5626,2013-01-09,6.381,4323,Available
"[28, 35, 10751]",256961,Paul Blart: Mall Cop 2,en,Paul Blart: Mall Cop 2,5.7802,2015-04-16,5.168,1722,Available
"[18, 10749]",41233,Step Up 3D,en,Step Up 3D,6.7481,2010-08-04,6.831,2043,Available
"[35, 28]",10535,Spy Hard,en,Spy Hard,6.3832,1996-05-24,5.416,794,Available
"[28, 53, 80, 9648, 878]",440471,Escape Plan 2: Hades,en,Escape Plan 2: Hades,6.2861,2018-06-05,5.154,1602,Available
"[99, 36]",1442203,These were the reasons,en,These were the reasons,7.66,2011-05-01,0.0,0,Available
"[28, 53]",60747,Red Dawn,en,Red Dawn,7.5468,2012-03-15,5.726,1778,Available
"[28, 53, 878]",10061,Escape from L.A.,en,Escape from L.A.,6.963,1996-08-09,5.864,1665,Available
"[28, 80, 18]",487680,The Kitchen,en,The Kitchen,6.6096,2019-08-08,6.096,739,Available
[18],477804,Deaf Hearts,fr,Cœurs sourds,7.4153,2017-09-23,2.0,3,Available
[],943315,Taste of shellfish,ko,조개의 맛,7.1796,2021-11-21,4.0,1,Available
[35],15373,Role Models,en,Role Models,6.4316,2008-11-07,6.482,2209,Available
"[35, 9648, 878]",1052280,It's What's Inside,en,It's What's Inside,7.0473,2024-01-19,6.473,861,Available
"[35, 10749]",9801,Bridget Jones: The Edge of Reason,en,Bridget Jones: The Edge of Reason,6.1502,2004-11-10,6.225,3076,Available
"[35, 14, 10749]",10025,Just My Luck,en,Just My Luck,6.9997,2006-05-12,6.186,2048,Available
"[28, 35]",1160956,Panda Plan,zh,熊猫计划,6.4903,2024-10-01,6.9,306,Available
"[28, 35, 99]",9012,Jackass: The Movie,en,Jackass: The Movie,6.5687,2002-10-25,6.334,1813,Available
[99],458908,El circo,es,El circo,9.7878,1950-12-31,6.333,3,Available
"[36, 10749, 18]",606,Out of Africa,en,Out of Africa,5.9119,1985-12-20,7.151,1578,Available
"[12, 10751, 14]",2309,Inkheart,en,Inkheart,6.6837,2008-12-11,6.303,2323,Available
[99],1430248,Chlorine and the Firefighter,en,Chlorine and the Firefighter,2.8466,1974-05-15,0.0,0,Available
"[28, 35, 80, 53]",1449400,Reckless,en,Reckless,6.9232,2026-02-07,6.481,27,Available
"[35, 80, 18]",172760,China Dolls,cn,特區愛奴,6.5581,1992-01-01,5.214,7,Available
"[53, 9648, 27]",1395839,The Curse,ja,ザ・カース,6.9227,2026-01-16,4.0,1,Available
[18],1616674,Me Before Me,id,Aku Sebelum Aku,6.9212,2026-07-11,6.575,20,Available
"[878, 12, 18]",636706,Spaceman,en,Spaceman,6.3573,2024-02-23,6.705,1105,Available
"[28, 27, 878]",614696,#Alive,ko,#살아있다,6.9205,2020-06-24,7.203,2112,Available
"[18, 16, 10751, 35]",51052,Arthur Christmas,en,Arthur Christmas,6.9197,2011-11-10,6.778,1670,Available
[99],868899,Czech paradise,cs,Český ráj,8.9384,1954-01-01,0.0,0,Available
"[16, 878, 28, 18]",15137,Evangelion: 1.0 You Are (Not) Alone,ja,ヱヴァンゲリヲン新劇場版：序,6.5009,2007-09-01,7.601,1128,Available
"[16, 18, 10749, 14]",667520,A Whisker Away,ja,泣きたい私は猫をかぶる,6.9175,2020-06-18,7.868,1509,Available
"[28, 27, 9648, 878, 53]",19898,Pandorum,en,Pandorum,7.0233,2009-09-08,6.606,2751,Available
"[28, 35]",261392,American Ultra,en,American Ultra,6.9169,2015-08-19,6.103,3017,Available
[27],243688,Poltergeist,en,Poltergeist,6.9163,2015-05-20,5.225,2431,Available
[18],542288,Barnavännen,sv,Barnavännen,6.9159,2004-03-18,0.0,0,Available
"[36, 18]",1165366,De Gaulle: Résistance,fr,La bataille de Gaulle : L'âge de fer,6.9153,2026-06-03,7.824,193,Available
"[28, 80, 53]",13809,RocknRolla,en,RocknRolla,6.3299,2008-09-04,6.953,3411,Available
"[35, 10749, 18]",9870,Forgetting Sarah Marshall,en,Forgetting Sarah Marshall,6.9144,2008-04-17,6.506,3781,Available
"[16, 878]",28874,Summer Wars,ja,サマーウォーズ,6.914,2009-08-01,7.5,1065,Available
"[28, 12, 16, 14]",1014505,OVERLORD: The Sacred Kingdom,ja,劇場版「オーバーロード」聖王国編,6.9129,2024-09-20,7.829,210,Available
"[12, 14, 10751, 18]",381289,A Dog's Purpose,en,A Dog's Purpose,6.9123,2017-01-19,7.6,3587,Available
[35],9298,Ali G Indahouse,en,Ali G Indahouse,6.9115,2002-03-21,6.056,1548,Available
"[18, 10749, 35]",1199399,Ecstasis,lv,Ekstāze,6.9112,2023-12-01,2.5,4,Available
"[18, 36, 10752]",9665,Glory,en,Glory,6.9101,1989-12-15,7.489,1861,Available
"[18, 80]",645886,The Unforgivable,en,The Unforgivable,6.9069,2021-11-24,7.409,2120,Available
"[10749, 35, 18]",2028,Say Anything...,en,Say Anything...,6.9066,1989-04-14,7.001,1159,Available
"[10751, 35, 12, 16, 14]",446894,Smallfoot,en,Smallfoot,6.9051,2018-09-20,6.815,1656,Available
"[9648, 80, 18]",1290432,A Private Life,fr,Vie privée,6.9024,2025-09-27,5.5,268,Available
"[14, 28, 53]",400106,Bright,en,Bright,6.9021,2017-12-22,6.162,6073,Available
"[9648, 18, 53, 35, 80]",10403,The Player,en,The Player,6.9006,1992-05-08,7.188,983,Available
"[18, 10749, 36]",1904,Memoirs of a Geisha,en,Memoirs of a Geisha,6.9006,2005-12-06,7.638,3449,Available
"[35, 10749]",477272,İlk Öpücük,tr,İlk Öpücük,6.9002,2017-10-20,7.9,8,Available
"[18, 80]",11699,Bad Lieutenant: Port of Call New Orleans,en,Bad Lieutenant: Port of Call New Orleans,6.9001,2009-09-11,6.18,1309,Available
"[28, 16, 12, 35, 14]",19576,One Piece: The Movie,ja,ワンピース,6.8998,2000-03-04,7.0,405,Available
[80],511322,The Good Liar,en,The Good Liar,6.8994,2019-11-08,6.673,1301,Available
"[28, 18]",256040,Bāhubali: The Beginning,te,బాహుబలి:ద బిగినింగ్,6.8993,2015-07-10,7.565,958,Available
"[28, 80, 18, 53]",8982,The Protector,th,ต้มยำกุ้ง,6.899,2005-08-11,7.132,956,Available
"[18, 12, 36]",49009,The Way Back,en,The Way Back,6.8972,2010-11-22,7.006,1813,Available
"[28, 35, 53]",457335,Guns Akimbo,en,Guns Akimbo,6.8963,2020-02-27,6.438,2643,Available
"[28, 53]",977294,Tin Soldier,en,Tin Soldier,6.8958,2025-05-22,4.846,127,Available
"[35, 18]",379536,Été 85,fr,Été 85,6.8957,2014-06-25,4.917,6,Available
"[80, 35, 53]",10536,The Italian Job,en,The Italian Job,6.8953,1969-06-02,6.936,892,Available
"[53, 878, 9648]",1090,The Thirteenth Floor,en,The Thirteenth Floor,6.8943,1999-04-16,7.079,1612,Available
"[28, 35, 10749]",27573,The Bounty Hunter,en,The Bounty Hunter,6.8942,2010-03-16,5.851,3118,Available
"[18, 9648, 10749]",1173558,Burning Betrayal,pt,O Lado Bom de Ser Traída,6.8938,2023-10-25,6.286,255,Available
"[18, 53, 9648]",635731,Pig,en,Pig,6.8938,2021-07-16,6.621,1808,Available
"[18, 27]",723234,Dad,es,Papá,6.8924,2019-12-04,6.0,2,Available
"[18, 53]",4550,Lady Vengeance,ko,친절한 금자씨,6.8911,2005-07-29,7.517,2017,Available
"[18, 35]",705861,Hustle,en,Hustle,6.8895,2022-06-03,7.694,2914,Available
"[18, 28, 53]",6341,Blue Thunder,en,Blue Thunder,6.8883,1983-02-05,6.233,573,Available
[18],837761,On Solid Ground,de,Über Wasser,6.8876,2021-07-11,4.4,5,Available
[35],348056,The Money-Maker,hu,A pénzcsináló,6.8874,1964-07-08,9.0,2,Available
[],690533,Quest for the Pitcher of Nectar,bn,অমৃতকুম্ভের সন্ধানে,6.887,1982-10-22,0.0,0,Available
"[18, 10749]",1443,The Virgin Suicides,en,The Virgin Suicides,6.886,2000-04-21,7.134,3697,Available
"[878, 53, 18]",174772,Europa Report,en,Europa Report,6.8842,2013-06-27,6.301,1608,Available
[18],239720,Springtime Frost,lv,Salna pavasarī,6.8841,1955-11-26,5.6,5,Available
"[18, 53, 28, 10752, 36, 80]",919207,12.12: The Day,ko,서울의 봄,6.8838,2023-11-22,7.563,150,Available
"[28, 53, 878]",401478,Death Race: Beyond Anarchy,en,Death Race: Beyond Anarchy,6.3097,2018-10-02,6.209,400,Available
[18],812037,Last Summer,fr,L'Été dernier,6.6073,2023-09-13,6.068,256,Available
[99],941890,"Suddenly, Honolulu",en,"Suddenly, Honolulu",8.0079,2016-12-31,0.0,0,Available
"[28, 53, 878]",10045,District B13,fr,Banlieue 13,6.6028,2004-11-09,6.816,2048,Available
"[80, 18]",504,Monster,en,Monster,6.0812,2003-12-24,7.201,2618,Available
"[18, 36, 10749]",8095,Cleopatra,en,Cleopatra,6.1584,1963-06-12,7.1,878,Available
"[35, 27, 14]",928,Gremlins 2: The New Batch,en,Gremlins 2: The New Batch,6.3377,1990-06-15,6.525,2990,Available
"[37, 18]",301,Rio Bravo,en,Rio Bravo,6.4896,1959-03-08,7.8,1291,Available
"[18, 36]",873,The Color Purple,en,The Color Purple,6.0145,1985-12-18,7.722,2027,Available
"[16, 10751, 14]",26963,The Secret of Kells,en,The Secret of Kells,7.1706,2009-02-09,7.376,816,Available
"[18, 10752]",2604,Born on the Fourth of July,en,Born on the Fourth of July,7.0331,1989-12-20,7.0,1944,Available
"[27, 53, 9648, 18, 14]",1730,Inland Empire,en,Inland Empire,5.8349,2006-12-06,6.983,1304,Available
"[28, 12, 878, 53]",10640,Futureworld,en,Futureworld,6.6539,1976-07-14,5.875,373,Available
[],592390,Green Zone,tr,Yeşil Bölge,6.8175,2017-01-01,0.0,0,Available
"[18, 36]",1532610,Ink,en,Ink,5.7668,2026-12-11,0.0,0,Available
"[27, 9648, 18, 53, 14]",2654,In the Mouth of Madness,en,In the Mouth of Madness,6.7664,1995-02-03,7.203,1989,Available
"[18, 878, 9648]",593,Solaris,ru,Солярис,6.0758,1972-03-20,7.757,1893,Available
[35],261539,Aliança,pt,Aliança,6.5939,2014-01-25,0.0,0,Available
"[35, 18]",10098,The Kid,en,The Kid,6.1726,1921-01-21,8.139,2437,Available
"[16, 18, 878]",12140,Ghost in the Shell 2: Innocence,ja,イノセンス,6.9636,2004-03-06,7.352,1023,Available
"[35, 18, 10752]",801,"Good Morning, Vietnam",en,"Good Morning, Vietnam",6.1285,1987-12-23,7.302,3092,Available
"[53, 12]",924482,The Ledge,en,The Ledge,6.8667,2022-02-18,6.6,427,Available
"[18, 10749]",398222,Yongju Valley,ko,용주골,6.6689,2015-11-19,4.571,7,Available
"[53, 14, 28, 35]",10610,The Medallion,en,The Medallion,6.6075,2003-08-15,5.649,1251,Available
"[16, 10751]",15167,Barbie in the Nutcracker,en,Barbie in the Nutcracker,5.8615,2001-09-30,6.897,1133,Available
"[28, 53, 80, 18]",1276073,Bullet Train Explosion,ja,新幹線大爆破,6.9104,2025-04-23,6.834,338,Available
"[27, 53]",672741,Till Death,en,Till Death,6.6427,2021-07-02,6.686,991,Available
"[18, 28]",7549,Fearless,zh,霍元甲,6.6454,2006-01-26,7.514,1453,Available
"[18, 36]",551332,The Two Popes,en,The Two Popes,6.3385,2019-11-27,7.474,3216,Available
"[12, 878, 28]",1858,Transformers,en,Transformers,6.5519,2007-06-27,6.845,12511,Available
"[28, 12, 80, 53]",479,Shaft,en,Shaft,6.3078,2000-06-15,6.023,1501,Available
[18],7508,Like Stars on Earth,hi,तारे ज़मीन पर,7.2778,2007-12-21,7.989,1401,Available
[18],16619,Ordinary People,en,Ordinary People,6.3964,1980-09-19,7.443,719,Available
"[10749, 35]",454619,Overboard,en,Overboard,6.343,2018-04-13,6.657,1528,Available
"[35, 10749, 12]",417870,Girls Trip,en,Girls Trip,6.2584,2017-07-21,6.814,1594,Available
"[35, 14, 27]",6069,The Witches of Eastwick,en,The Witches of Eastwick,6.3807,1987-06-12,6.545,1612,Available
"[27, 18]",11075,Audition,ja,オーディション,6.215,2000-03-03,7.114,1841,Available
"[16, 28, 18, 878]",685274,Mobile Suit Gundam Hathaway,ja,機動戦士ガンダム 閃光のハサウェイ,6.134,2021-06-11,7.2,155,Available
"[53, 9648, 80]",12103,Don't Say a Word,en,Don't Say a Word,6.6804,2001-09-28,6.271,1113,Available
"[80, 18, 28]",13939,Death Wish,en,Death Wish,6.6687,1974-07-24,6.93,985,Available
"[80, 53]",26850,Under Suspicion,en,Under Suspicion,6.8316,1991-09-27,5.909,126,Available
[28],1553949,Drunken Blade,zh,醉刀客,6.3186,2025-10-18,5.0,2,Available
"[36, 18]",774531,Young Woman and the Sea,en,Young Woman and the Sea,6.0017,2024-05-31,7.849,459,Available
"[10749, 18]",68795,Profesor Wilczur,pl,Profesor Wilczur,6.7258,1938-10-17,9.0,3,Available
"[878, 53, 9648]",10547,The Arrival,en,The Arrival,6.687,1996-05-31,6.042,876,Available
"[18, 10749]",6003,Romeo and Juliet,en,Romeo and Juliet,6.2368,1968-04-02,7.4,748,Available
"[16, 10751, 35, 10770, 878, 12]",929563,Big City Greens the Movie: Spacecation,en,Big City Greens the Movie: Spacecation,6.4581,2024-06-06,7.606,47,Available
"[18, 35, 10402]",71,Billy Elliot,en,Billy Elliot,6.0265,2000-09-28,7.597,4165,Available
[18],1523667,69,tl,69,6.2996,2025-08-22,6.6,7,Available
[99],940452,Alive and Undefeated,uk,ЖИВІ Й NЕСКОРЕNІ,7.0858,2016-11-01,5.6,5,Available
"[27, 18]",1337148,Aisha Can't Fly Away,ar,عائشة لا تستطيع الطيران,6.4168,2025-05-20,5.5,4,Available
"[35, 18]",118379,Viva Erotica,cn,色情男女,6.4205,1996-11-28,6.8,39,Available
"[28, 80, 18]",45871,The Mission,cn,鎗火,6.0339,1999-11-19,7.522,181,Available
"[14, 9648, 53]",16007,Death Note,ja,デスノート,6.3417,2006-06-17,7.049,823,Available
"[28, 53, 878]",81796,Lockout,en,Lockout,6.6019,2012-04-12,5.936,2046,Available
[35],355497,Um Apólogo,pt,Um Apólogo,6.8321,1939-01-01,5.0,1,Available
"[10752, 18, 36]",152760,The Monuments Men,en,The Monuments Men,6.2893,2014-01-24,6.062,3883,Available
[99],1055623,The Gigolo Revelation,en,舞男真面目,6.5962,1994-03-03,6.5,2,Available
"[12, 35, 10751]",219598,Giddy Vacations,hu,Szeleburdi vakáció,7.1709,1987-03-31,8.0,3,Available
"[18, 14]",866,Finding Neverland,en,Finding Neverland,6.2139,2004-10-29,7.318,3806,Available
"[18, 10749]",257785,Tulip Fever,en,Tulip Fever,6.6848,2017-07-13,6.51,747,Available
[99],518055,Homeland,nl,Heimat,5.4786,2016-10-20,0.0,0,Available
"[12, 35, 14]",526,Ladyhawke,en,Ladyhawke,7.4501,1985-03-27,7.002,1292,Available
"[35, 10749]",10402,Deuce Bigalow: Male Gigolo,en,Deuce Bigalow: Male Gigolo,6.2706,1999-12-10,5.971,1591,Available
"[80, 53, 10749]",483,Wild at Heart,en,Wild at Heart,6.505,1990-08-17,7.024,1976,Available
[18],919912,Lonely People,en,Lonely People,6.1676,2021-08-12,0.0,0,Available
"[28, 53]",581644,The Misfits,en,The Misfits,7.5113,2021-06-03,5.436,533,Available
"[18, 80]",10474,The Basketball Diaries,en,The Basketball Diaries,6.8016,1995-04-21,7.4,2281,Available
"[10402, 10751, 10770]",13655,Camp Rock,en,Camp Rock,5.7241,2008-06-20,6.389,2206,Available
"[53, 18, 9648]",2990,Pacific Heights,en,Pacific Heights,6.2543,1990-09-28,6.29,431,Available
"[80, 18, 9648, 53, 28]",1642,The Net,en,The Net,6.3159,1995-07-28,6.053,1573,Available
"[28, 35]",10890,Stripes,en,Stripes,6.1684,1981-06-26,6.563,1068,Available
"[53, 80, 18]",2116,Out of Time,en,Out of Time,6.7467,2003-10-03,6.381,1356,Available
[],546488,Fruit Story,zh,Fruit Story,7.4607,2016-06-01,0.0,0,Available
[99],191728,Ain't Misbehavin,en,Un voyageur,7.2714,2013-05-16,6.2,4,Available
"[35, 10749, 18]",1509871,She Said Maybe,de,She Said Maybe,6.4294,2025-09-18,5.902,61,Available
[27],14564,Rings,en,Rings,6.2854,2017-02-01,5.028,2652,Available
[18],380912,Vão Livre,pt,Vão Livre,7.6048,2014-01-28,10.0,1,Available
"[18, 36, 10770, 10752]",1509381,Oradour,fr,Oradour,6.7958,2026-08-30,5.1,5,Available
[18],588814,Like a Bird,sr,Kao ptica,7.8249,2019-03-07,0.0,0,Available
"[878, 27]",1081400,The Mill,en,The Mill,6.5745,2023-10-09,5.74,102,Available
"[18, 53]",38199,Unthinkable,en,Unthinkable,6.5189,2010-05-26,6.816,1510,Available
"[878, 53, 27]",145135,Dark Skies,en,Dark Skies,6.2954,2013-02-21,6.374,2026,Available
"[18, 27, 53]",9030,The Eye,en,The Eye,5.7916,2008-02-01,5.903,1186,Available
"[27, 53, 35]",787752,Fresh,en,Fresh,6.3417,2022-03-03,6.9,1935,Available
"[18, 53]",807196,Boiling Point,en,Boiling Point,5.9707,2021-07-05,7.249,806,Available
"[10749, 18]",465914,If Beale Street Could Talk,en,If Beale Street Could Talk,6.0577,2018-12-14,6.886,1250,Available
"[80, 53, 18]",433501,City of Lies,en,City of Lies,6.9304,2018-09-06,6.34,697,Available
"[28, 53, 12, 80]",611914,The Courier,en,The Courier,6.4516,2019-11-22,5.98,583,Available
"[18, 9648, 53]",5279,Gosford Park,en,Gosford Park,6.2459,2001-12-26,6.815,1281,Available
"[16, 35]",537921,Fixed,en,Fixed,5.9919,2025-08-13,6.091,171,Available
"[18, 10749, 35]",554,The Cuckoo,ru,Кукушка,6.1996,2002-09-12,7.099,121,Available
"[12, 16, 35, 18, 10751]",4978,An American Tail,en,An American Tail,6.0444,1986-11-21,6.757,1490,Available
"[18, 10749]",72570,The Vow,en,The Vow,6.2932,2012-02-05,7.225,4316,Available
"[16, 10749, 10751, 14]",16119,Cinderella III: A Twist in Time,en,Cinderella III: A Twist in Time,6.5259,2007-02-06,6.552,1353,Available
"[16, 35]",1061798,Jim Queen,fr,Jim Queen,7.0425,2026-06-17,7.888,85,Available
"[14, 16, 878]",42994,Memories,ja,MEMORIES,5.8892,1995-12-23,7.473,600,Available
"[28, 12, 53, 878, 35]",9320,The Avengers,en,The Avengers,6.3263,1998-08-13,4.437,809,Available
"[35, 18, 14, 10749]",40096,A Dog's Will,pt,O Auto da Compadecida,7.139,2000-09-15,8.412,1243,Available
"[27, 53]",1711175,Summerween,en,Summerween,6.9292,2026-06-26,4.75,4,Available
[18],1075536,Suki,tl,Suki,6.0578,2023-02-24,4.6,12,Available
"[10749, 18, 35]",758336,Love Again,en,Love Again,6.6048,2023-05-04,6.719,497,Available
"[12, 18]",618588,Arthur the King,en,Arthur the King,6.3426,2024-02-22,7.5,987,Available
"[27, 9648, 53]",9708,The Wicker Man,en,The Wicker Man,6.5339,2006-08-31,4.339,1453,Available
[35],1398050,Driver's Ed,en,Driver's Ed,6.3599,2025-09-13,6.957,92,Available
"[12, 10751, 14]",76285,Percy Jackson: Sea of Monsters,en,Percy Jackson: Sea of Monsters,6.8815,2013-08-07,6.03,5449,Available
[18],1138515,A Way to Home,id,Jalan Pulang,7.7226,2017-01-07,0.0,0,Available
"[28, 53, 80]",11398,The Art of War,en,The Art of War,6.3859,2000-08-25,5.686,574,Available
"[28, 53, 80, 18]",1127110,Diablo,en,Diablo,6.7624,2025-06-13,7.315,259,Available
"[35, 18, 10749]",157386,The Spectacular Now,en,The Spectacular Now,7.0315,2013-08-02,6.686,3073,Available
"[28, 53]",47964,A Good Day to Die Hard,en,A Good Day to Die Hard,6.3919,2013-02-06,5.325,6863,Available
"[10749, 35]",503616,Second Act,en,Second Act,6.0897,2018-11-22,6.319,1265,Available
[18],422,8½,it,8½,5.7105,1963-02-14,8.1,2586,Available
[18],26973,Pretty Baby,en,Pretty Baby,6.7098,1978-04-05,6.969,434,Available
"[12, 10751, 14]",11639,The Dark Crystal,en,The Dark Crystal,6.2517,1982-12-17,7.153,1301,Available
"[53, 27]",351211,Blair Witch,en,Blair Witch,6.3477,2016-09-15,5.249,2085,Available
"[18, 36]",614560,Mank,en,Mank,5.7515,2020-11-13,6.664,1840,Available
"[35, 10749, 18]",79871,Crazy Love,cn,蜜桃成熟時,6.7539,1993-04-17,6.447,47,Available
[18],289325,Slave of Her Senses,pl,Niewolnica zmysłów,7.575,1914-01-02,8.0,1,Available
"[16, 18, 10749]",15080,Only Yesterday,ja,おもひでぽろぽろ,6.6304,1991-07-20,7.391,1289,Available
"[10751, 12, 35, 14]",9564,Asterix and Obelix Take On Caesar,fr,Astérix & Obélix contre César,5.9777,1999-02-03,6.008,2087,Available
"[12, 10751, 28, 14]",9822,Mighty Joe Young,en,Mighty Joe Young,6.6124,1998-12-25,6.317,903,Available
"[28, 12, 878]",11411,Superman IV: The Quest for Peace,en,Superman IV: The Quest for Peace,6.6379,1987-07-24,4.599,1449,Available
"[28, 35, 10749]",758009,Shotgun Wedding,en,Shotgun Wedding,6.5934,2022-12-28,6.228,1338,Available
"[18, 36]",1887,Marie Antoinette,en,Marie Antoinette,6.5008,2006-05-24,6.692,3008,Available
[10749],391907,Purpose of Cohabitation,ko,동거의 목적,5.9354,2016-03-07,4.8,4,Available
"[28, 53, 18]",1227241,Maa Inti Bangaram,te,మా ఇంటి బంగారం,6.7017,2026-06-18,6.861,18,Available
"[12, 878]",1233506,The Shrinking Man,fr,L'Homme qui rétrécit,6.4827,2025-10-22,6.006,178,Available
"[18, 35]",1759233,Faux Papa,en,Faux Papa,9.0334,,0.0,0,Unknown
"[80, 9648, 53]",11507,Body Double,en,Body Double,6.6946,1984-10-25,6.738,951,Available
"[80, 28, 18]",13051,Max Payne,en,Max Payne,6.1778,2008-10-15,5.418,2325,Available
"[12, 14, 35, 10751]",9607,Super Mario Bros.,en,Super Mario Bros.,6.6993,1993-05-28,4.493,1494,Available
"[35, 14, 10749]",23082,The Invention of Lying,en,The Invention of Lying,6.5163,2009-10-02,6.215,2403,Available
"[28, 18, 10749]",1444466,Awarapan 2,hi,आवारापन २,6.1595,2026-08-14,0.0,0,Available
[],992003,Student Mistress: Taste of a Virgin,ja,学生情婦　処女の味,6.3395,1976-11-27,10.0,1,Available
"[53, 9648, 18, 80]",182560,Dark Places,en,Dark Places,6.5911,2015-04-08,5.943,1388,Available
"[9648, 18, 53]",1758669,The Magistrates,nl,The Magistrates,6.9153,,0.0,0,Unknown
"[10749, 35, 80]",1389,Out of Sight,en,Out of Sight,6.487,1998-06-26,6.681,1451,Available
[18],485557,Talia,es,Talia,6.7816,2017-03-14,7.0,1,Available
"[12, 35, 18]",962,The Gold Rush,en,The Gold Rush,6.7815,1925-07-13,7.966,1889,Available
"[28, 12, 878]",325348,Hardcore Henry,en,Hardcore Henry,6.7811,2015-09-12,6.4,2760,Available
"[18, 10749]",46705,Blue Valentine,en,Blue Valentine,6.7792,2010-12-26,6.97,3607,Available
"[10402, 36, 18]",802219,Bob Marley: One Love,en,Bob Marley: One Love,6.7784,2024-02-14,6.569,1017,Available
"[18, 10749]",17422,Summer Palace,zh,颐和园,6.7781,2006-05-18,7.3,115,Available
"[35, 14, 10749]",9722,Bewitched,en,Bewitched,6.7767,2005-06-21,5.09,1688,Available
"[18, 10749]",1440,Little Children,en,Little Children,6.7764,2006-10-06,7.079,1196,Available
"[28, 18, 36, 12]",1397201,Golden Kamuy -The Abashiri Prison Raid-,ja,ゴールデンカムイ 網走監獄襲撃編,6.7762,2026-03-13,7.368,34,Available
[27],1032185,New Message,es,Nuevo Mensaje,6.7754,2019-09-02,0.0,0,Available
"[14, 10749, 35]",593910,Cinderella,en,Cinderella,6.7745,2021-09-03,6.292,1491,Available
"[18, 10749]",109689,I Want You,es,Tengo ganas de ti,6.7734,2012-06-22,7.46,1985,Available
[18],203833,The Book Thief,en,The Book Thief,6.7728,2013-11-08,7.491,4579,Available
[35],8193,Napoleon Dynamite,en,Napoleon Dynamite,6.7716,2004-06-11,6.795,2247,Available
[18],1751323,Bad Parenting,en,Bad Parenting,6.7708,2026-09-10,0.0,0,Available
"[35, 10752]",10313,The Men Who Stare at Goats,en,The Men Who Stare at Goats,6.7696,2009-10-17,5.973,2470,Available
[27],1074139,"Flowers in the Mirror, Wind and Moon: The Ghost Returns",zh,镜花风月一之怪谈,6.7689,1987-01-01,0.0,0,Available
[],123719,Kanımdaki Barut,tr,Kanımdaki Barut,6.7685,2009-03-26,4.0,1,Available
"[27, 9648, 53]",297608,The Taking of Deborah Logan,en,The Taking of Deborah Logan,6.7681,2014-10-21,6.566,1535,Available
"[9648, 53, 18]",8066,Stay,en,Stay,6.7672,2005-09-24,6.638,1579,Available
[99],250286,Mother Europe,sl,Mama Europa,6.1779,2012-09-30,0.0,0,Available
[],1465887,Bondage Rope Training,ja,緊縛縄調教,5.988,1992-11-06,2.0,1,Available
[99],1391891,Wild Animals of Virginia,en,Wild Animals of Virginia,8.2521,1967-01-01,0.0,0,Available
"[16, 10751]",13002,Barbie in the 12 Dancing Princesses,en,Barbie in the 12 Dancing Princesses,6.4051,2006-09-19,7.614,1269,Available
"[16, 12, 10751, 35]",72197,The Pirates! In an Adventure with Scientists!,en,The Pirates! In an Adventure with Scientists!,6.4013,2012-03-12,6.536,1254,Available
"[12, 14, 9648]",8054,The Imaginarium of Doctor Parnassus,en,The Imaginarium of Doctor Parnassus,6.1996,2009-10-01,6.389,2947,Available
[18],777245,Women Talking,en,Women Talking,5.9803,2022-12-23,6.811,763,Available
"[18, 10749]",122705,The Yellow,es,El amarillo,7.2057,2008-08-14,5.0,1,Available
"[878, 27]",11850,Invasion of the Body Snatchers,en,Invasion of the Body Snatchers,6.1543,1978-12-20,7.224,1385,Available
"[12, 14, 27]",10730,King Kong,en,King Kong,6.2675,1976-12-15,6.294,947,Available
"[10402, 10749, 18]",1371185,Song Sung Blue,en,Song Sung Blue,6.3195,2025-12-15,7.375,313,Available
"[80, 28, 53]",55846,Blitz,en,Blitz,7.5049,2011-05-20,6.168,1875,Available
"[18, 35]",397422,Rough Night,en,Rough Night,6.3896,2017-06-15,5.693,2128,Available
"[35, 10751, 14]",9986,Charlotte's Web,en,Charlotte's Web,6.5977,2006-12-07,6.227,1489,Available
"[53, 27, 878]",1678,Godzilla,ja,ゴジラ,6.7957,1954-11-03,7.638,1159,Available
"[16, 12, 10751, 35, 14]",676701,Tad the Lost Explorer and the Emerald Tablet,es,Tadeo Jones 3: La Tabla Esmeralda,6.9877,2022-08-24,7.46,349,Available
"[18, 80]",203,Mean Streets,en,Mean Streets,5.8269,1973-10-14,7.046,2349,Available
[],315188,Screensaver #1,en,Screensaver #1,7.4838,2009-01-01,0.0,0,Available
"[35, 18, 36]",1254808,Nouvelle Vague,fr,Nouvelle Vague,6.3994,2025-10-08,7.195,267,Available
"[878, 35, 27]",1694,Re-Animator,en,Re-Animator,6.1896,1985-10-18,7.051,1722,Available
"[16, 28, 10751, 878]",16577,Astro Boy,en,Astro Boy,6.1676,2009-10-15,6.334,1694,Available
"[99, 10770]",1503822,Sharks Up Close with Bertie Gregory,en,Sharks Up Close with Bertie Gregory,6.1625,2025-07-05,6.9,17,Available
[18],826945,Sisters Virus,ko,자매 바이러스,6.5331,2021-02-24,5.5,4,Available
"[53, 80, 28]",808023,The Virtuoso,en,The Virtuoso,6.6958,2021-04-30,5.935,452,Available
"[18, 80]",96936,The Bling Ring,en,The Bling Ring,5.9277,2013-06-12,5.432,3185,Available
"[80, 53, 18]",9676,The Black Dahlia,en,The Black Dahlia,5.8723,2006-09-15,5.627,1241,Available
"[18, 10749]",47002,Love Letter,ja,ラブレター,6.2,1995-03-25,7.8,272,Available
[27],533642,Child's Play,en,Child's Play,6.5792,2019-06-19,5.965,2093,Available
"[36, 18, 10749]",454527,Benedetta,fr,Benedetta,6.6121,2021-07-09,6.601,1208,Available
"[53, 14, 35, 10751, 9648]",10756,The Haunted Mansion,en,The Haunted Mansion,6.5012,2003-11-26,5.686,2183,Available
"[53, 80, 18]",98357,Broken City,en,Broken City,6.9811,2013-01-18,5.955,1609,Available
"[27, 53]",625505,Damned Memory,pt,Maldita Lembrança,5.9605,2016-06-23,5.6,5,Available
"[18, 27, 53]",133980,Dog Lay Afternoon,it,Bestialità,6.542,1976-11-15,4.5,25,Available
"[27, 9648, 53]",806,The Omen,en,The Omen,6.2805,2006-06-06,5.645,1237,Available
"[16, 10751]",598331,Rumble,en,Rumble,6.1074,2021-02-12,6.733,569,Available
"[27, 53, 9648]",10226,High Tension,fr,Haute Tension,7.0713,2003-06-18,6.782,1505,Available
"[10749, 16]",372754,Dou kyu sei – Classmates,ja,同級生,6.4582,2016-02-20,8.3,463,Available
"[18, 10749, 36]",42006,Red Sorghum,zh,红高粱,6.7697,1988-10-10,7.177,254,Available
[],1079691,The Trespassers,en,Para Penyusup,6.7752,2022-09-11,0.0,0,Available
"[28, 12, 80, 53]",10975,Operation Condor,cn,飛鷹計劃,7.01,1991-02-07,7.3,668,Available
"[35, 80]",11185,"See No Evil, Hear No Evil",en,"See No Evil, Hear No Evil",6.0181,1989-05-12,6.761,1116,Available
"[28, 12, 14, 53]",518068,Along with the Gods: The Last 49 Days,ko,신과함께-인과 연,6.5954,2018-08-01,8.052,777,Available
"[35, 10749, 14]",2619,Splash,en,Splash,6.3275,1984-03-09,6.264,1532,Available
"[12, 27, 53]",34480,The Descent: Part 2,en,The Descent: Part 2,5.9404,2009-10-14,5.986,1372,Available
[27],10577,Dracula 2000,en,Dracula 2000,6.2969,2000-12-22,5.243,769,Available
"[80, 18]",475,Bonnie and Clyde,en,Bonnie and Clyde,6.9519,1967-08-13,7.491,1845,Available
"[35, 10749]",11452,National Lampoon's Van Wilder,en,National Lampoon's Van Wilder,6.2914,2002-03-29,6.04,2000,Available
[18],18148,Tokyo Story,ja,東京物語,6.3482,1953-11-03,8.1,1259,Available
[18],1103434,The Audition,es,La Audición,4.7481,2019-09-09,0.0,0,Available
"[18, 37]",4512,The Assassination of Jesse James by the Coward Robert Ford,en,The Assassination of Jesse James by the Coward Robert Ford,6.7696,2007-09-20,7.066,2863,Available
[18],1752122,Wow Mama,en,Wow Mama,7.5264,,0.0,0,Unknown
"[28, 80, 35, 18]",1618784,Fight Against Evil 3,zh,东北警察故事3,5.8497,2026-01-23,6.6,21,Available
"[18, 27]",242224,The Babadook,en,The Babadook,6.4086,2014-05-22,6.539,6548,Available
"[35, 80]",9932,Analyze That,en,Analyze That,6.3103,2002-12-06,5.849,1436,Available
"[18, 10402]",502033,Sound of Metal,en,Sound of Metal,6.1998,2020-11-20,7.7,2933,Available
"[16, 14, 10751, 12, 35]",592983,Spellbound,en,Spellbound,6.6449,2024-11-22,6.576,334,Available
"[16, 10751, 28, 12, 18, 14]",36897,Pokémon: Mewtwo Returns,ja,ポケットモンスター ミュウツー! 我ハココニ在リ MEWTWO SAGA,7.208,2001-08-17,6.763,439,Available
"[10402, 35]",327407,Homeland,sk,Rodná zem,6.1228,1954-02-24,7.4,7,Available
"[18, 53]",71859,We Need to Talk About Kevin,en,We Need to Talk About Kevin,6.2031,2011-09-28,7.535,3188,Available
[35],376995,Abymée,fr,Abymée,6.528,2014-04-04,0.0,0,Available
[18],85350,Boyhood,en,Boyhood,6.7457,2014-06-05,7.492,5628,Available
"[18, 36, 53, 9648, 10752]",8665,K-19: The Widowmaker,en,K-19: The Widowmaker,6.1088,2002-07-19,6.58,1225,Available
"[35, 10749]",48988,Hall Pass,en,Hall Pass,6.4842,2011-02-25,5.751,2184,Available
"[28, 12, 27, 53]",9042,The Cave,en,The Cave,6.2885,2005-08-26,5.452,1058,Available
[18],424946,Wedding Dance,tr,Kasap Havası,7.4004,2016-11-15,5.1,8,Available
"[18, 27]",956491,Facies,es,El semblante,7.0894,2022-04-14,7.2,5,Available
"[16, 28, 12, 14]",618344,Justice League Dark: Apokolips War,en,Justice League Dark: Apokolips War,5.7357,2020-05-05,8.19,1624,Available
[18],132363,The Butler,en,The Butler,6.241,2013-08-16,7.314,3077,Available
"[18, 80, 53]",37645,22 Bullets,fr,L'Immortel,6.496,2010-03-23,6.69,1374,Available
"[16, 35, 12, 10751]",121734,"Tad, the Lost Explorer",es,Las aventuras de Tadeo Jones,6.669,2012-08-10,6.327,633,Available
"[35, 10749]",11846,Father of the Bride,en,Father of the Bride,6.3741,1991-12-20,6.475,1551,Available
"[12, 35, 14]",1260649,Jumanji: Open World,en,Jumanji: Open World,7.2719,2026-12-24,0.0,0,Available
"[27, 9648, 53]",768,From Hell,en,From Hell,6.7045,2001-02-08,6.686,3085,Available
"[16, 18, 35]",13398,Tokyo Godfathers,ja,東京ゴッドファーザーズ,6.3126,2003-12-05,7.928,1560,Available
"[14, 12, 18]",923939,The Wonderful Story of Henry Sugar,en,The Wonderful Story of Henry Sugar,5.9849,2023-09-20,7.265,1488,Available
"[53, 80, 18]",109421,Side Effects,en,Side Effects,6.0232,2013-02-07,6.616,3388,Available
"[27, 878]",37707,Splice,en,Splice,6.2669,2010-06-03,5.88,2515,Available
"[35, 18, 10749]",310593,Youth,it,Youth – La giovinezza,6.9271,2015-05-20,6.901,2261,Available
"[10751, 35, 28, 12]",56288,Spy Kids: All the Time in the World,en,Spy Kids: All the Time in the World,6.3803,2011-08-18,4.686,1083,Available
"[10402, 99]",1628123,BTS THE COMEBACK LIVE | ARIRANG,ko,BTS 컴백 라이브: ARIRANG,6.6384,2026-03-21,8.757,115,Available
[],765806,Another Future,es,Otro Futuro,7.5582,1989-12-31,0.0,0,Available
"[35, 10751, 10402]",830784,"Lyle, Lyle, Crocodile",en,"Lyle, Lyle, Crocodile",6.8925,2022-10-07,7.037,695,Available
"[18, 35, 10402]",209361,One Chance,en,One Chance,6.7263,2013-09-09,6.656,324,Available
[37],17529,True Grit,en,True Grit,6.4063,1969-06-11,7.333,882,Available
"[16, 12, 10751, 14]",10957,The Black Cauldron,en,The Black Cauldron,6.5896,1985-07-24,6.435,1469,Available
[99],381126,Taego Ãwa,pt,Taego Ãwa,7.037,2017-05-11,6.2,4,Available
[18],865818,6B: An Anthology of Hawaii Films,en,6B: An Anthology of Hawaii Films,4.5282,2011-10-01,8.0,1,Available
"[28, 80, 35]",40805,The Green Hornet,en,The Green Hornet,6.608,2011-01-12,5.595,3558,Available
"[9648, 878, 53]",22824,The Fourth Kind,en,The Fourth Kind,6.7657,2009-11-05,6.386,1955,Available
"[27, 9648, 53, 18]",1224993,Dark Nuns,ko,검은 수녀들,5.3532,2025-01-24,6.2,95,Available
"[18, 36, 10752]",10110,Empire of the Sun,en,Empire of the Sun,6.5936,1987-12-09,7.509,2195,Available
[18],26171,Everybody's Fine,en,Everybody's Fine,6.3089,2009-12-04,6.835,1125,Available
"[28, 53]",67395,L.E.T.H.A.L. Ladies: Return to Savage Beach,en,L.E.T.H.A.L. Ladies: Return to Savage Beach,7.0879,1998-01-27,6.0,227,Available
"[53, 27, 80]",10375,D-Tox,en,D-Tox,6.3775,2002-01-04,5.571,738,Available
"[18, 80, 53]",1254624,Night Always Comes,en,Night Always Comes,6.7724,2025-08-15,6.088,297,Available
"[28, 80, 18]",11471,A Better Tomorrow,cn,英雄本色,6.1991,1986-08-02,7.36,635,Available
"[53, 9648, 878]",10145,The Forgotten,en,The Forgotten,6.1935,2004-09-24,5.939,1284,Available
"[10749, 18]",1514125,Saigon Sunset,ko,사이공 선셋,6.6878,2025-04-30,5.5,2,Available
"[18, 80]",16664,All About Lily Chou-Chou,ja,リリイ・シュシュのすべて,6.6862,2001-10-06,7.478,317,Available
"[18, 35, 10749]",38357,Morning Glory,en,Morning Glory,6.686,2010-11-10,6.371,1670,Available
"[80, 53, 18]",274,The Silence of the Lambs,en,The Silence of the Lambs,6.6854,1991-02-14,8.345,18464,Available
"[10752, 18, 36]",3683,Flags of Our Fathers,en,Flags of Our Fathers,6.6844,2006-10-19,6.852,2075,Available
"[53, 9648]",3489,88 Minutes,en,88 Minutes,6.6832,2007-02-14,5.777,1217,Available
"[10752, 36, 12, 10749]",2289,Cold Mountain,en,Cold Mountain,6.6827,2003-12-24,6.936,2021,Available
[],950051,Subject,pt,Sujeito Oculto,6.6823,2022-06-23,0.0,0,Available
"[878, 18]",419704,Ad Astra,en,Ad Astra,6.6812,2019-09-17,6.135,7406,Available
[28],160762,The Witness,es,El Testigo,6.6812,2011-11-10,0.0,0,Available
"[18, 10749]",1364,Sex and Lucía,es,Lucía y el sexo,6.68,2001-08-24,6.699,660,Available
"[35, 18]",1585657,Spring Blossoms,ru,Тюльпаны,6.6799,2026-03-05,0.0,0,Available
[],308548,Rain (Nyesha),en,Rain (Nyesha),6.6778,1978-01-01,6.25,4,Available
"[35, 10749]",62838,New Year's Eve,en,New Year's Eve,6.6771,2011-12-08,5.885,2244,Available
"[878, 18, 9648]",167,K-PAX,en,K-PAX,6.6751,2001-10-26,7.211,2854,Available
"[18, 28, 53]",4105,Black Rain,en,Black Rain,6.6715,1989-09-22,6.576,1283,Available
[18],109410,42,en,42,6.6707,2013-04-12,7.216,2006,Available
"[35, 18, 10749]",1377676,Sudden Outbursts of Emotions,fi,Kenraaliharjoitus,6.6699,2025-03-07,4.4,5,Available
"[16, 878, 12]",22501,Time Masters,fr,Les maîtres du temps,6.6695,1982-03-24,7.264,197,Available
"[12, 16, 35, 10751]",21385,"Mickey, Donald, Goofy: The Three Musketeers",en,"Mickey, Donald, Goofy: The Three Musketeers",6.3768,2004-08-04,6.737,1002,Available
[35],170028,Grève party,fr,Grève party,7.5197,1998-03-04,5.4,5,Available
"[35, 80]",109431,Identity Thief,en,Identity Thief,6.5496,2013-02-07,5.85,3568,Available
"[35, 27, 53]",1013482,Borderline,en,Borderline,5.9592,2025-03-14,5.705,195,Available
"[53, 27, 28]",1412598,Killer Whale,en,Killer Whale,6.894,2026-01-16,5.472,142,Available
"[18, 27]",1023656,Latente,es,Latente,4.9474,2021-10-04,8.0,1,Available
"[80, 18, 53]",13815,Fresh,en,Fresh,5.9227,1994-06-15,7.18,247,Available
"[28, 53, 18]",19124,Blind Fury,en,Blind Fury,6.4319,1989-08-17,6.516,516,Available
"[28, 80, 18]",254473,Brick Mansions,en,Brick Mansions,6.7223,2014-04-22,5.905,1639,Available
[35],10227,PlayTime,fr,PlayTime,5.7079,1967-12-13,7.668,695,Available
"[28, 12, 18]",4643,The Guardian,en,The Guardian,6.3582,2006-09-28,7.131,1722,Available
[99],1051187,In Transit,en,In Transit,7.0379,,0.0,0,Unknown
[18],383244,"Meral, My Girl",de,"Meral, Kızım",6.8599,2016-02-20,5.5,2,Available
[18],1412,"sex, lies, and videotape",en,"sex, lies, and videotape",6.6035,1989-08-04,6.965,1080,Available
"[28, 18, 53]",388850,Operación Alfa,es,Operación Alfa,6.8452,1972-03-19,6.75,4,Available
"[35, 18, 878]",297222,PK,hi,पीके,6.2921,2014-12-18,7.704,1203,Available
[18],10400,The Hurricane,en,The Hurricane,6.8333,1999-09-17,7.441,1568,Available
"[28, 14, 27, 53]",793387,Holy Night: Demon Hunters,ko,거룩한 밤: 데몬 헌터스,6.441,2025-04-30,6.944,116,Available
"[99, 36]",1055780,Amir Naderi by Amir Naderi,fa,Amir Naderi by Amir Naderi,8.1625,2018-07-23,0.0,0,Available
[18],595183,The Nap,es,La siesta,7.6457,2019-04-09,5.111,9,Available
"[27, 18, 53, 9648]",2046,The Gift,en,The Gift,6.446,2000-12-22,6.488,1444,Available
"[18, 10749]",1020006,Priscilla,en,Priscilla,6.1286,2023-10-27,6.7,1139,Available
"[18, 28, 53]",34179,14 Blades,zh,錦衣衛,5.9242,2010-02-04,6.305,218,Available
"[27, 9648, 53]",3600,I Still Know What You Did Last Summer,en,I Still Know What You Did Last Summer,6.3162,1998-11-13,5.366,1787,Available
"[14, 35, 18]",238215,The Cobbler,en,The Cobbler,7.1892,2014-09-11,5.871,1840,Available
"[12, 18, 878, 28]",387426,Okja,en,Okja,6.0112,2017-06-28,7.324,4624,Available
"[14, 10751, 27]",10166,The Witches,en,The Witches,6.4619,1990-05-25,6.961,1406,Available
"[16, 10751, 35, 14, 12]",639721,The Addams Family 2,en,The Addams Family 2,7.2171,2021-10-01,6.921,1429,Available
"[28, 18, 80]",8409,A Man Apart,en,A Man Apart,6.1143,2003-04-04,6.166,1023,Available
"[35, 10751]",82650,Diary of a Wimpy Kid: Dog Days,en,Diary of a Wimpy Kid: Dog Days,6.5488,2012-08-02,6.376,1089,Available
[35],391387,¡Qué Despelotón!,es,¡Qué Despelotón!,7.0503,2014-03-20,0.0,0,Available
"[80, 53]",852448,I Came By,en,I Came By,6.3499,2022-08-19,6.271,866,Available
"[35, 878, 9648, 18]",10328,Cocoon,en,Cocoon,5.6783,1985-06-21,6.641,1452,Available
"[35, 18]",4032,My Girl,en,My Girl,6.2353,1991-11-21,7.424,2361,Available
"[10749, 18]",408349,My Neighbor's Wife,ko,내 이웃의 아내,6.7315,2016-07-28,4.4,7,Available
"[10751, 14, 28, 12, 35]",19585,G-Force,en,G-Force,6.6881,2009-07-24,5.485,2048,Available
"[53, 80, 27]",184346,Deliver Us from Evil,en,Deliver Us from Evil,6.534,2014-07-01,6.256,2282,Available
"[18, 53]",2652,Hard Candy,en,Hard Candy,6.3925,2006-04-14,6.805,2859,Available
"[16, 878, 12, 14, 10402]",11827,Heavy Metal,en,Heavy Metal,6.1521,1981-08-07,6.536,822,Available
[],578871,Cairo Affaire,es,Cairo Affaire,7.2999,2019-01-29,0.0,0,Available
[27],9728,Friday the 13th Part III,en,Friday the 13th Part III,6.6364,1982-08-13,5.879,1651,Available
"[28, 12, 53, 878]",698,Moonraker,en,Moonraker,6.6352,1979-06-26,6.186,2287,Available
"[35, 12, 18]",864,Cool Runnings,en,Cool Runnings,6.6351,1993-10-01,7.028,2351,Available
"[18, 35, 10749]",575417,On the Rocks,en,On the Rocks,6.6339,2020-10-02,6.092,818,Available
"[28, 80, 18, 53]",13127,SPL: Kill Zone,cn,殺破狼,6.6337,2005-11-18,6.964,363,Available
"[35, 10749]",19899,Couples Retreat,en,Couples Retreat,6.6334,2009-09-19,5.559,2133,Available
"[16, 878]",9606,Metropolis,ja,メトロポリス,6.6322,2001-05-26,7.1,579,Available
"[16, 28, 53]",239529,Lupin the Third vs. Detective Conan: The Movie,ja,ルパン三世VS名探偵コナン THE MOVIE,6.6312,2013-12-07,6.881,185,Available
[18],332107,Intervenção,pt,Intervenção,6.6311,2015-03-21,6.0,1,Available
"[28, 878]",634429,Shin Ultraman,ja,シン・ウルトラマン,6.6301,2022-05-13,7.476,255,Available
[],73465,Madre amadísima,es,Madre amadísima,6.6277,2009-05-06,3.5,4,Available
"[28, 35, 10752]",9255,Hot Shots! Part Deux,en,Hot Shots! Part Deux,6.6262,1993-05-21,6.548,2134,Available
[18],12102,Kramer vs. Kramer,en,Kramer vs. Kramer,6.6251,1979-12-07,7.565,2532,Available
"[99, 18]",664280,David Attenborough: A Life on Our Planet,en,David Attenborough: A Life on Our Planet,6.6231,2020-09-28,8.431,459,Available
[99],747004,Cosmo Life,ru,Леонид Агутин. Cosmo Life,6.6229,2021-04-01,0.0,0,Available
[18],687,Dead Man Walking,en,Dead Man Walking,6.6228,1995-12-29,7.3,1537,Available
"[14, 16, 28, 27]",14282,Ninja Scroll,ja,獣兵衛忍風帖,6.6208,1993-06-05,7.8,775,Available
"[878, 28]",8974,The War of the Worlds,en,The War of the Worlds,6.6206,1953-04-03,6.807,729,Available
"[18, 14, 10749]",410119,Yu Pui Tsuen II,cn,足本玉蒲團,6.4076,1987-10-15,5.4,28,Available
"[28, 53, 12]",50456,Hanna,en,Hanna,5.3725,2011-04-07,6.584,3763,Available
"[27, 9648]",465086,The Grudge,en,The Grudge,6.9464,2019-12-31,5.405,1341,Available
"[53, 80, 18, 9648]",395458,Suburbicon,en,Suburbicon,6.0255,2017-10-26,5.887,1844,Available
[],773185,Noch einmal,xx,Noch einmal,8.6626,1988-01-01,0.0,0,Available
[99],588958,The Patriot,de,Der Patriot,6.964,2018-11-18,0.0,0,Available
"[18, 9648, 53]",1985,The Constant Gardener,en,The Constant Gardener,5.7063,2005-08-31,6.989,1768,Available
"[18, 878]",730251,Happyend,ja,HAPPYEND,6.3948,2024-10-04,6.86,43,Available
[18],76433,Mama,ko,마마,3.0824,2011-06-01,6.0,1,Available
"[18, 35, 10749]",245,About a Boy,en,About a Boy,5.8363,2002-04-26,6.7,2460,Available
"[80, 18, 10749]",12150,Sea of Love,en,Sea of Love,6.8395,1989-09-15,6.6,707,Available
[18],517814,Capernaum,ar,کفرناحوم,6.3535,2018-09-20,8.149,2030,Available
[],1746787,Miss Intrams,tl,Miss Intrams,6.4938,2026-09-23,0.0,0,Available
"[12, 28, 53]",9053,DOA: Dead or Alive,en,DOA: Dead or Alive,6.2634,2006-09-07,5.27,945,Available
[35],1588,Bring It On,en,Bring It On,7.0617,2000-08-25,6.291,1916,Available
"[28, 12, 53]",11228,Daylight,en,Daylight,6.4404,1996-12-06,6.141,1764,Available
"[35, 36]",844185,Unfrosted,en,Unfrosted,5.6213,2024-04-30,5.387,385,Available
"[18, 53, 10752]",1043905,Dirty Angels,en,Dirty Angels,6.748,2024-12-11,6.11,410,Available
[18],442630,"Asesinos, ¿dígame?",en,"Asesinos, ¿dígame?",6.9256,2013-06-19,4.0,1,Available
[18],1354959,Stand Up My Husband!,ko,내 남편을 세워줘!,6.228,2024-06-21,9.0,1,Available
"[35, 37]",1406,City Slickers,en,City Slickers,6.0658,1991-06-07,6.453,905,Available
"[28, 80, 99, 10770]",499076,A & E: When Patients Attack,en,A & E: When Patients Attack,8.0697,2015-01-01,7.0,1,Available
[99],786437,Residents,lv,Rezidenti,6.6832,2017-11-12,0.0,0,Available
"[35, 27]",11797,Fright Night,en,Fright Night,6.5106,1985-08-02,7.046,1596,Available
"[10749, 53, 18]",1134463,Dreams,es,Dreams: Sueños,5.7293,2025-07-10,6.2,97,Available
"[99, 18]",874782,Sadan Hanım,tr,Sadan Hanım,7.3701,2021-09-21,6.0,2,Available
"[10402, 35]",353616,Pitch Perfect 3,en,Pitch Perfect 3,6.2157,2017-12-20,6.503,3500,Available
"[18, 36, 10752]",659,The Tin Drum,de,Die Blechtrommel,5.7274,1979-05-02,6.952,551,Available
[28],434486,The Black Gambler: Left Hand of the Devil,ja,黒い賭博師　悪魔の左手,5.6777,1966-01-27,10.0,1,Available
"[35, 18, 10749]",2255,Chasing Amy,en,Chasing Amy,6.0892,1997-04-04,6.747,1598,Available
"[35, 27, 878]",512196,Happy Death Day 2U,en,Happy Death Day 2U,6.7365,2019-02-13,6.318,3728,Available
"[12, 14, 16, 28, 10751]",10991,Pokémon 3: The Movie,ja,劇場版ポケットモンスター 結晶塔の帝王 ENTEI,5.7912,2000-07-08,6.5,707,Available
"[28, 18, 10752]",1251,Letters from Iwo Jima,en,Letters from Iwo Jima,6.47,2006-12-09,7.503,2385,Available
"[18, 53, 80]",4566,Michael Clayton,en,Michael Clayton,6.4726,2007-09-28,6.792,2055,Available
"[28, 18, 53]",176241,Prison Break: The Final Break,en,Prison Break: The Final Break,6.1462,2009-09-10,7.491,749,Available
"[28, 18, 53, 80, 9648]",9386,In the Line of Fire,en,In the Line of Fire,6.4432,1993-07-08,6.976,1863,Available
"[10751, 16, 35, 12, 878]",413644,The Son of Bigfoot,en,The Son of Bigfoot,5.9043,2017-07-26,6.6,544,Available
[18],260051,Los Ángeles,en,Los Ángeles,6.6855,2014-02-08,8.2,5,Available
"[80, 18, 53, 9648]",1073,Arlington Road,en,Arlington Road,6.3108,1999-03-19,7.037,1300,Available
"[10749, 35]",454983,The Kissing Booth,en,The Kissing Booth,7.4273,2018-05-11,7.154,7509,Available
"[28, 12, 35, 10749]",11198,City Hunter,cn,城市獵人,5.4937,1993-01-14,6.574,473,Available
[18],403117,Bringing Up Cruelty in Women and Dogs,ru,Воспитание жестокости у женщин и собак,7.506,1992-07-27,6.0,4,Available
"[53, 27, 28]",1096197,No Way Up,en,No Way Up,6.101,2024-01-18,6.229,1142,Available
"[35, 18]",170908,Evil Woman,sr,Zla žena,7.4201,1998-10-18,7.2,5,Available
[18],7984,In the Name of the Father,en,In the Name of the Father,6.2412,1993-12-27,7.887,2041,Available
"[10751, 35, 18, 10749]",10735,What a Girl Wants,en,What a Girl Wants,6.5518,2003-03-27,6.3,1750,Available
"[14, 10749]",197796,Beauty and the Beast,fr,La Belle et la Bête,6.6329,2014-02-12,6.307,2238,Available
[27],1352874,The Crucifix: Blood of the Exorcist,en,The Crucifix: Blood of the Exorcist,6.069,2025-01-09,5.448,67,Available
"[10751, 10749, 35]",512895,Lady and the Tramp,en,Lady and the Tramp,5.6387,2019-11-12,7.159,1658,Available
"[35, 12, 18]",15417,Every Which Way but Loose,en,Every Which Way but Loose,5.9619,1978-12-16,6.125,529,Available
"[14, 878, 35]",424781,Sorry to Bother You,en,Sorry to Bother You,5.8538,2018-07-06,6.775,1830,Available
"[18, 10749]",1921,Sweet November,en,Sweet November,6.8036,2001-02-16,6.868,1489,Available
[18],125086,The Other Shore,fr,L'Autre côté de la mer,9.7563,1997-05-21,6.2,8,Available
"[12, 35, 878]",1648,Bill & Ted's Excellent Adventure,en,Bill & Ted's Excellent Adventure,6.4565,1989-02-17,6.849,2179,Available
"[18, 36]",1755888,Alexander III,ru,Александр III,8.8741,,0.0,0,Unknown
[35],257743,Pájaros muertos,es,Pájaros muertos,8.2491,2009-09-18,3.0,1,Available
"[10749, 18]",64335,Fig Jam,tr,İncir Reçeli,7.0248,2011-02-11,6.247,95,Available
[37],465957,Black Miçanga,pt,Miçanga Negra,6.6268,2016-11-03,0.0,0,Available
[18],301502,Blonde,en,Blonde,5.8665,2022-09-16,5.878,1563,Available
"[10749, 35]",956842,Fly Me to the Moon,en,Fly Me to the Moon,6.584,2024-07-10,6.804,1227,Available
"[18, 53, 36]",1247,The Good Shepherd,en,The Good Shepherd,6.5835,2006-12-11,6.358,1345,Available
"[28, 16, 878, 27]",133121,Resident Evil: Damnation,ja,バイオハザード ダムネーション,6.5825,2012-09-25,6.889,1019,Available
"[16, 12, 10751, 14]",430447,Mary and The Witch's Flower,ja,メアリと魔女の花,6.5818,2017-07-08,7.16,935,Available
"[35, 53, 10749]",762968,Do Revenge,en,Do Revenge,6.581,2022-09-14,6.375,1034,Available
"[27, 35]",1450527,Forbidden Fruits,en,Forbidden Fruits,6.5801,2026-03-26,5.879,95,Available
[27],1683,The Reaping,en,The Reaping,6.5798,2007-04-04,5.773,913,Available
[],136234,Month of the Witches,lv,Raganu mēnesis,6.5797,2012-10-04,9.0,1,Available
"[27, 53]",10294,Vacancy,en,Vacancy,6.5791,2007-04-20,6.269,1697,Available
[18],11393,The Natural,en,The Natural,6.5787,1984-05-11,6.925,692,Available
"[27, 53]",565028,Candyman,en,Candyman,6.5786,2021-08-25,5.992,1825,Available
"[28, 53]",961484,Last Seen Alive,en,Last Seen Alive,6.578,2022-05-12,6.38,1108,Available
"[9648, 80, 16]",40662,Batman: Under the Red Hood,en,Batman: Under the Red Hood,6.5778,2010-07-27,7.761,1777,Available
[16],714794,Jumping Moments,en,Jumping Moments,6.5776,2020-06-15,0.0,0,Available
"[878, 12, 28]",430155,Coma,ru,Кома,6.576,2020-01-01,6.411,651,Available
[18],572726,La Jétee,en,La Jétee,6.5749,2013-12-13,6.0,1,Available
"[28, 53]",961268,Ballerina,ko,발레리나,6.5747,2023-10-06,7.016,736,Available
"[37, 12, 80]",1195518,The Unholy Trinity,en,The Unholy Trinity,6.5737,2025-06-13,6.32,225,Available
"[16, 10751, 12, 14]",25475,Tinker Bell and the Lost Treasure,en,Tinker Bell and the Lost Treasure,6.5732,2009-09-03,6.842,1155,Available
"[35, 37, 28]",8388,¡Three Amigos!,en,¡Three Amigos!,6.3815,1986-12-12,6.337,1206,Available
"[18, 10749]",1753682,Remi & Nneoma,en,Remi & Nneoma,5.6334,2025-06-26,0.0,0,Available
"[80, 53, 28]",2153,The Driver,en,The Driver,8.9332,1978-06-08,7.181,538,Available
"[27, 14]",1574129,Clam Fairy,zh,蚌仙,6.3112,1970-06-25,0.0,0,Available
"[28, 35]",10040,Miss Congeniality 2: Armed and Fabulous,en,Miss Congeniality 2: Armed and Fabulous,7.2455,2005-03-11,5.74,2009,Available
"[28, 80, 18]",408866,RE:BORN,ja,RE:BORN,6.6498,2016-09-24,7.15,283,Available
"[28, 80, 53]",1151949,The Shadow Strays,id,The Shadow Strays,6.1161,2024-09-10,7.261,345,Available
"[35, 18]",11287,A League of Their Own,en,A League of Their Own,6.6978,1992-07-01,7.203,1593,Available
"[35, 10749, 18]",3638,No Reservations,en,No Reservations,6.7549,2007-06-15,6.699,1533,Available
[],1040656,Nail House,id,Rumah Paku,7.4498,2022-12-02,0.0,0,Available
"[878, 18, 9648]",376865,High Life,en,High Life,5.5737,2018-09-26,5.7,1260,Available
"[10749, 36, 35, 18]",1934,Shakespeare in Love,en,Shakespeare in Love,5.9528,1998-12-11,6.824,3274,Available
"[12, 10751, 14, 878, 53, 28]",13836,Race to Witch Mountain,en,Race to Witch Mountain,6.2657,2009-03-13,5.798,1861,Available
[35],8764,Top Secret!,en,Top Secret!,5.85,1984-06-22,7.1,1466,Available
[10749],560210,My Student's Mom 3,ko,내 학생의 엄마 3,6.7666,2018-02-05,4.0,3,Available
"[80, 18]",438808,White Boy Rick,en,White Boy Rick,6.4587,2018-09-14,6.345,1229,Available
"[53, 18]",480213,Praça Paris,pt,Praça Paris,7.1465,2017-10-10,6.8,18,Available
"[10749, 35]",10934,Under the Tuscan Sun,en,Under the Tuscan Sun,6.294,2003-09-20,6.89,1002,Available
"[10749, 18, 14]",1565790,Double Occupancy,ta,Double Occupancy,6.1077,2026-06-12,6.5,2,Available
[18],77805,Lovelace,en,Lovelace,7.0315,2013-08-08,6.02,792,Available
"[12, 14, 16, 878, 10751]",12599,Pokémon the Movie 2000,ja,劇場版ポケットモンスター 幻のポケモン ルギア爆誕,6.552,1999-07-17,6.7,967,Available
"[18, 36, 28]",589761,Chernobyl: Abyss,ru,Чернобыль,6.5517,2021-04-15,6.23,583,Available
"[14, 18, 35]",549649,Dancing With Ghosts,ko,귀신과 함께 춤을,6.5517,2018-09-27,6.5,2,Available
"[18, 10749]",16535,Titanic,en,Titanic,6.5512,1953-04-11,6.644,156,Available
[18],1947,An Unfinished Life,en,An Unfinished Life,6.5511,2005-09-09,6.824,721,Available
"[27, 35]",763,Braindead,en,Braindead,6.5509,1992-08-13,7.4,1911,Available
[18],10647,Pay It Forward,en,Pay It Forward,6.5508,2000-10-20,7.387,2080,Available
"[28, 53, 80]",625568,Unhinged,en,Unhinged,6.55,2020-07-16,6.426,2580,Available
"[28, 10751, 18, 12]",10495,The Karate Kid Part III,en,The Karate Kid Part III,6.5485,1989-06-16,5.923,1893,Available
"[16, 28, 14]",664767,Mortal Kombat Legends: Scorpion's Revenge,en,Mortal Kombat Legends: Scorpion's Revenge,6.5467,2020-04-12,8.096,1521,Available
"[12, 18, 36]",169881,The Physician,en,The Physician,6.5461,2013-12-25,7.341,1216,Available
"[28, 53, 80]",2026,Hostage,en,Hostage,6.545,2005-03-09,6.361,1810,Available
"[28, 53]",216282,Into the Storm,en,Into the Storm,6.5449,2014-08-06,6.072,2224,Available
"[878, 80, 28, 53, 18]",406761,Hotel Artemis,en,Hotel Artemis,6.5448,2018-06-07,6.075,1715,Available
"[28, 53, 12]",823625,Blacklight,en,Blacklight,6.5446,2022-02-10,6.14,1295,Available
"[35, 14]",703845,Baby Fisherman,fr,Bébé pêcheur,6.5444,1910-12-30,7.0,1,Available
"[80, 9648, 53, 18]",866463,Reptile,en,Reptile,6.5432,2023-09-29,6.666,1274,Available
"[35, 80]",6522,Life,en,Life,6.5417,1999-04-16,6.668,903,Available
"[12, 28, 53]",11678,Vertical Limit,en,Vertical Limit,6.5377,2000-12-08,6.023,1203,Available
[18],369942,Maresía,es,Maresía,6.5376,2013-11-25,0.0,0,Available
"[10752, 28]",12100,Windtalkers,en,Windtalkers,7.2333,2002-06-07,6.358,1466,Available
[53],1255833,Whalefall,en,Whalefall,6.3589,2026-10-14,0.0,0,Available
"[35, 10751]",13962,Blank Check,en,Blank Check,6.3398,1994-02-11,5.975,555,Available
"[14, 28, 80, 12]",8850,The Shadow,en,The Shadow,6.1022,1994-07-01,6.065,588,Available
"[80, 18]",1654516,Babita Singh Reporting,hi,बबीता सिंह रिपोर्टिंग,6.0217,2026-08-28,5.0,2,Available
"[53, 878, 28]",8831,Timecop,en,Timecop,5.967,1994-09-15,6.039,1380,Available
"[28, 53, 18]",9884,Collateral Damage,en,Collateral Damage,6.223,2002-02-06,5.771,1544,Available
"[27, 53]",44935,Art of the Devil 2,th,ลองของ,6.1432,2005-12-01,6.74,129,Available
[99],699225,Carnaval,pt,Carnaval,6.9172,1960-06-14,0.0,0,Available
"[18, 36]",177381,Camões,pt,Camões,7.1058,1946-09-20,6.813,8,Available
"[35, 10751]",6439,Racing Stripes,en,Racing Stripes,5.8954,2005-01-06,5.939,697,Available
"[27, 53]",11361,Halloween 5: The Revenge of Michael Myers,en,Halloween 5: The Revenge of Michael Myers,6.1291,1989-10-12,5.309,1373,Available
"[10749, 18, 10751]",449628,Cocoon,zh,茧,5.782,2017-03-01,1.0,2,Available
[99],791090,The Balance Sheet of Siberia,lv,Sibīrijas bilance,6.9428,2011-06-14,0.0,0,Available
"[16, 35, 14]",14239,Cool World,en,Cool World,6.4749,1992-07-10,5.661,828,Available
"[80, 18, 53, 28]",1433117,Kara,ta,கர,6.1308,2026-04-30,5.922,32,Available
"[10751, 35, 12]",11176,The Muppet Movie,en,The Muppet Movie,6.5433,1979-06-22,7.219,719,Available
"[9648, 53]",179826,Odd Thomas,en,Odd Thomas,6.3282,2013-01-29,6.945,1512,Available
"[18, 53]",60599,Arbitrage,en,Arbitrage,6.2064,2012-09-14,6.299,965,Available
"[53, 18]",1126336,Anniversary,en,Anniversary,6.2065,2025-10-29,6.79,167,Available
"[28, 12, 80, 53]",9691,Assassins,en,Assassins,6.086,1995-10-06,6.501,1768,Available
[99],751311,Of Spacious Time,de,Weite Zeit,8.8683,2017-01-01,0.0,0,Available
"[16, 12, 14]",791523,Wildwood,en,Wildwood,6.6113,2026-10-21,0.0,0,Available
[18],1592947,Sex,en,Seks,7.1978,2026-01-01,10.0,1,Available
[28],97430,The Man with the Iron Fists,en,The Man with the Iron Fists,5.9642,2012-11-02,5.516,1249,Available
"[80, 9648, 53, 28]",2043,Along Came a Spider,en,Along Came a Spider,6.8897,2001-04-06,6.346,2114,Available
"[14, 27]",106520,The White Crocodile,id,Buaya putih,7.2983,1982-02-01,10.0,1,Available
"[16, 10751, 14, 12, 878, 28]",961323,Nimona,en,Nimona,5.6586,2023-06-23,7.856,1491,Available
"[35, 10749]",10780,Overboard,en,Overboard,5.702,1987-12-16,6.803,1017,Available
[99],730028,The Most Beautiful Boy in the World,sv,Världens vackraste pojke,5.9951,2021-07-30,7.3,61,Available
"[18, 10749]",1643,Last Tango in Paris,it,Ultimo tango a Parigi,6.6064,1972-12-15,6.9,1371,Available
"[37, 18]",12160,Wyatt Earp,en,Wyatt Earp,6.2594,1994-06-24,6.795,970,Available
"[10770, 878]",298456,La Société,fr,La Société,8.2832,2004-01-01,5.667,3,Available
"[14, 18]",451342,L'Ampélopède,fr,L'Ampélopède,7.1193,1974-09-25,9.0,2,Available
"[35, 10749]",10314,She's All That,en,She's All That,5.8884,1999-01-29,6.343,2318,Available
"[16, 12, 35, 10751, 28]",366672,Paws of Fury: The Legend of Hank,en,Paws of Fury: The Legend of Hank,6.2291,2022-07-14,6.601,340,Available
"[16, 12, 35]",1404404,Crayon Shin-chan the Movie: Super Hot! The Spicy Kasukabe Dancers,ja,クレヨンしんちゃん 超華麗！灼熱のカスカベダンサーズ,5.9856,2025-08-08,6.75,8,Available
"[35, 878, 10749]",4474,My Super Ex-Girlfriend,en,My Super Ex-Girlfriend,5.7633,2006-07-20,5.159,1572,Available
"[35, 18, 10749]",10451,Eat Drink Man Woman,zh,飲食男女,5.3932,1994-08-03,7.616,417,Available
[],746901,Observation 1,en,Observation 1,6.1811,2020-09-25,0.0,0,Available
"[27, 53]",11357,Halloween 4: The Return of Michael Myers,en,Halloween 4: The Return of Michael Myers,6.1427,1988-10-21,6.175,2101,Available
[],1513447,Entre Puntos,es,Entre Puntos,8.2977,2025-07-14,10.0,1,Available
"[18, 10752, 36]",715931,Emancipation,en,Emancipation,6.2809,2022-12-02,7.749,1301,Available
"[80, 18]",470044,The Hate U Give,en,The Hate U Give,6.2599,2018-10-19,8.07,2250,Available
"[12, 16, 10751, 35, 14]",10837,DuckTales: The Movie - Treasure of the Lost Lamp,en,DuckTales: The Movie - Treasure of the Lost Lamp,6.6064,1990-08-03,6.71,947,Available
"[35, 80]",692,Pink Flamingos,en,Pink Flamingos,6.2786,1972-03-17,6.116,584,Available
[18],972809,The Qing Palace's Secret Affairs 5,zh,清宫性史5之重振皇风,6.5492,2002-01-01,0.0,0,Available
"[35, 28, 12]",35056,Date Night,en,Date Night,6.2777,2010-04-08,6.115,3136,Available
"[28, 12, 53]",581387,Ashfall,ko,백두산,6.5886,2019-12-19,6.869,646,Available
"[28, 80, 53, 12, 35]",455236,Accident Man,en,Accident Man,6.1157,2018-02-06,6.312,616,Available
"[35, 80]",7552,Fun with Dick and Jane,en,Fun with Dick and Jane,6.2506,2005-12-21,6.232,2749,Available
"[18, 36]",783,Gandhi,en,Gandhi,5.7912,1982-12-01,7.558,2560,Available
"[10751, 16, 878, 35]",594328,Phineas and Ferb the Movie: Candace Against the Universe,en,Phineas and Ferb the Movie: Candace Against the Universe,6.0343,2020-06-14,7.236,411,Available
"[18, 35]",811075,Apparition,fr,L’apparition,7.0609,2016-04-15,0.0,0,Available
"[35, 18, 10749]",9726,A Good Year,en,A Good Year,7.2993,2006-09-09,6.69,1680,Available
"[35, 28, 12]",454992,The Spy Who Dumped Me,en,The Spy Who Dumped Me,6.4994,2018-08-02,6.368,2407,Available
"[80, 53]",302,Swimming Pool,en,Swimming Pool,5.8656,2003-05-21,6.486,814,Available
"[18, 28, 53, 80, 9648]",24253,The Girl Who Played with Fire,sv,Flickan som lekte med elden,5.6507,2009-09-18,7.0,1845,Available
"[80, 53, 18]",146238,Runner Runner,en,Runner Runner,6.725,2013-09-24,5.631,1338,Available
"[53, 9648]",449459,The Vanishing,en,The Vanishing,6.3309,2019-01-04,5.787,802,Available
[],286620,Bondage,en,Kötelék,6.4734,1968-08-12,7.0,1,Available
[10749],1231914,Female Workers: Romance at Work 3,ko,여직원들 : 직장 연애사 3,6.1678,2023-11-25,4.0,1,Available
"[28, 14, 27]",405882,Don't Kill It,en,Don't Kill It,6.7813,2016-08-27,6.079,261,Available
[35],12309,Bachelor Party,en,Bachelor Party,6.0526,1984-06-29,6.318,733,Available
"[28, 35, 10751]",1048241,My Spy The Eternal City,en,My Spy The Eternal City,6.0168,2024-07-18,6.536,494,Available
"[10402, 18, 10749]",8328,Step Up 2: The Streets,en,Step Up 2: The Streets,5.9962,2008-02-14,6.695,2455,Available
"[80, 18, 53]",11892,Murder by Numbers,en,Murder by Numbers,6.1485,2002-04-19,6.164,1213,Available
[28],702936,Sniper: Assassin's End,en,Sniper: Assassin's End,5.902,2020-06-15,6.243,249,Available
[18],901563,Close,fr,Close,6.3596,2022-11-01,7.777,1066,Available
"[16, 10751]",1012801,Barbie: Mermaid Power,en,Barbie: Mermaid Power,5.4467,2022-10-14,6.4,81,Available
"[28, 80, 53]",2099,Raw Deal,en,Raw Deal,5.924,1986-06-04,5.853,938,Available
"[53, 28, 18, 80]",77866,Contraband,en,Contraband,6.3923,2012-01-12,6.343,2276,Available
[10749],479787,Lost Youth,ko,버려진 청춘,6.4248,1982-09-24,0.0,0,Available
[99],279561,Shomõtsi,pt,Shomõtsi,6.9346,2001-01-01,0.0,0,Available
"[28, 16, 878]",39103,Dragon Ball Z: The Return of Cooler,ja,ドラゴンボールZ 激突!!100億パワーの戦士たち,6.3056,1992-03-07,6.466,1118,Available
[],984401,Hôtel Artemis,en,Hôtel Artemis,7.8731,2000-06-06,0.0,0,Available
"[18, 10749]",1575207,Dilan 1997,id,Dilan ITB 1997,6.1445,2026-04-30,6.75,4,Available
"[14, 28, 27]",460885,Mandy,en,Mandy,6.2072,2018-09-13,6.204,2230,Available
"[35, 10749]",11529,Sweet Home Alabama,en,Sweet Home Alabama,6.2959,2002-09-26,6.423,1782,Available
"[16, 18, 10749]",652837,"Josee, the Tiger and the Fish",ja,ジョゼと虎と魚たち,6.1411,2020-12-25,8.252,627,Available
"[12, 28, 18]",23759,Centurion,en,Centurion,6.7244,2010-02-15,6.24,1616,Available
"[18, 10749]",455568,Red Ink,hu,Vörös tinta,6.6661,1960-01-07,8.2,4,Available
[],432965,Come On the First,hu,Jöjjön elsején!,6.4681,1940-03-20,8.0,1,Available
"[35, 80, 53]",5516,The Ladykillers,en,The Ladykillers,6.5494,2004-03-25,6.119,1800,Available
"[35, 18]",586,Wag the Dog,en,Wag the Dog,5.5465,1997-12-25,6.937,1093,Available
"[35, 10749, 18]",59861,Larry Crowne,en,Larry Crowne,6.4048,2011-06-30,5.996,1449,Available
[35],652677,School Trip,en,School Trip,8.5745,,0.0,0,Unknown
"[35, 10751]",71880,Jack and Jill,en,Jack and Jill,6.5802,2011-11-11,4.392,2255,Available
[18],429469,Old Home,pt,Velha Casa,7.2912,2016-12-18,0.0,0,Available
"[27, 53]",167032,Curse of Chucky,en,Curse of Chucky,7.7321,2013-10-08,5.961,1744,Available
[35],11977,Caddyshack,en,Caddyshack,5.8806,1980-07-25,6.576,1348,Available
[35],1266791,Alter Ego,fr,Alter ego,7.5509,2026-03-04,6.345,100,Available
[18],11051,The Last Temptation of Christ,en,The Last Temptation of Christ,5.6676,1988-05-28,7.226,1234,Available
"[35, 18]",133400,Time,hu,Idő van,6.8107,1986-11-02,6.0,5,Available
[18],468,My Own Private Idaho,en,My Own Private Idaho,5.7861,1991-02-01,7.033,1272,Available
"[35, 18, 10752]",651,M*A*S*H,en,M*A*S*H,6.2621,1970-02-18,6.946,1188,Available
"[35, 10749]",1217505,You're Dating a Narcissist!,en,You're Dating a Narcissist!,6.0663,2026-03-27,6.895,19,Available
"[18, 10402]",86829,Inside Llewyn Davis,en,Inside Llewyn Davis,6.4623,2013-10-18,7.182,2999,Available
"[80, 35, 53]",299,Ocean's Eleven,en,Ocean's Eleven,5.7974,1960-08-10,6.376,418,Available
"[12, 35, 9648, 878]",8859,"Dude, Where's My Car?",en,"Dude, Where's My Car?",6.4811,2000-12-15,5.54,2147,Available
"[878, 28, 12, 53]",200,Star Trek: Insurrection,en,Star Trek: Insurrection,6.2096,1998-12-11,6.451,1398,Available
"[878, 53, 18]",828,The Day the Earth Stood Still,en,The Day the Earth Stood Still,6.1152,1951-09-18,7.456,1285,Available
[35],9788,Accepted,en,Accepted,6.2227,2006-08-18,6.459,1841,Available
"[9648, 53, 80]",16617,Mindhunters,en,Mindhunters,6.7384,2004-05-07,6.45,1370,Available
[35],814776,Bottoms,en,Bottoms,6.4591,2023-08-25,6.7,915,Available
"[27, 53]",403119,47 Meters Down,en,47 Meters Down,6.4578,2017-05-25,5.807,2906,Available
[18],916284,Past Tense,pt,Pretérito Imperfeito,6.4574,2021-12-15,0.0,0,Available
"[9648, 27]",360310,Tarântula,pt,Tarântula,6.4566,2015-09-17,6.0,1,Available
[18],472451,Boy Erased,en,Boy Erased,6.4549,2018-09-24,6.975,1517,Available
"[18, 53]",231,Syriana,en,Syriana,5.9917,2005-11-23,6.421,1540,Available
"[28, 12, 35, 10751]",14560,Paul Blart: Mall Cop,en,Paul Blart: Mall Cop,5.9829,2009-01-15,5.45,2784,Available
[18],326313,Kayıp Aşıklar,tr,Kayıp Aşıklar,6.4527,2004-03-11,0.0,0,Available
"[14, 27]",6217,Cat People,en,Cat People,6.0202,1982-04-02,6.053,588,Available
"[18, 27, 53]",415826,Among Us,en,Among Us,6.0688,2017-08-08,6.3,18,Available
"[28, 18, 36]",437068,A Taxi Driver,ko,택시운전사,6.4509,2017-08-02,8.033,1218,Available
"[28, 18, 36]",44865,The Grandmaster,zh,一代宗師,6.4506,2013-01-10,6.6,1009,Available
"[10751, 16, 12]",31473,An American Tail: The Treasure of Manhattan Island,en,An American Tail: The Treasure of Manhattan Island,6.4501,1998-02-15,6.266,192,Available
"[18, 10749]",554776,An Affair: My Sister-in-law's Love,ko,정사 : 처제의 사랑,6.6892,2018-07-26,4.9,9,Available
"[16, 10751, 35, 14]",326359,Frozen Fever,en,Frozen Fever,6.1912,2015-03-09,6.83,1932,Available
"[18, 10749]",893694,Eva,tl,Eva,6.5167,2021-12-24,5.308,26,Available
"[16, 10751, 10770]",79218,Ice Age: A Mammoth Christmas,en,Ice Age: A Mammoth Christmas,6.1128,2011-11-24,6.458,721,Available
[],373854,Présence,en,Présence,7.1477,2013-07-17,0.0,0,Available
[],697117,Distorção,pt,Distorção,7.0109,2019-08-16,0.0,0,Available
"[80, 27]",1045061,La Fabbricazione,tr,La Fabbricazione,6.831,2015-05-15,0.0,0,Available
"[28, 80, 53]",11134,Police Story 3: Super Cop,cn,警察故事 III：超級警察,7.4219,1992-07-04,6.933,600,Available
"[18, 28]",70006,Never Back Down 2: The Beatdown,en,Never Back Down 2: The Beatdown,6.1618,2011-09-13,6.5,710,Available
"[18, 35, 10749]",111969,Stuck in Love,en,Stuck in Love,5.5893,2013-06-14,7.377,2040,Available
"[16, 35]",428707,Kuroko's Basketball the Movie: Last Game,ja,劇場版 黒子のバスケ LAST GAME,6.2821,2017-03-18,7.617,145,Available
"[878, 28, 80]",461130,Code 8,en,Code 8,6.2414,2019-12-06,6.258,2231,Available
"[14, 10402, 10749, 12, 10751, 35, 10770]",1243341,Z-O-M-B-I-E-S 4: Dawn of the Vampires,en,Z-O-M-B-I-E-S 4: Dawn of the Vampires,6.3444,2025-07-10,7.073,165,Available
"[18, 36]",4518,Elizabeth,en,Elizabeth,5.8601,1998-09-13,7.16,1530,Available
"[99, 10402, 36]",396194,Ennio,it,Ennio,6.7556,2022-02-17,8.308,390,Available
"[18, 36]",11499,Frost/Nixon,en,Frost/Nixon,6.0018,2008-10-15,7.275,1346,Available
"[16, 28, 878]",39107,Dragon Ball Z: Fusion Reborn,ja,ドラゴンボールZ 復活のフュージョン!! 悟空とベジータ,6.2991,1995-03-04,7.564,955,Available
"[18, 53]",504562,Motherless Brooklyn,en,Motherless Brooklyn,6.0199,2019-10-31,6.684,1643,Available
"[28, 16, 12, 878, 27]",400136,Resident Evil: Vendetta,ja,バイオハザード ヴェンデッタ,6.7399,2017-05-27,6.918,1103,Available
"[9648, 80, 53]",9280,Femme Fatale,en,Femme Fatale,5.6468,2002-04-30,6.163,682,Available
"[53, 10749]",1446616,Tu Yaa Main,hi,तू या मैं,6.3202,2026-02-11,6.393,61,Available
"[16, 12, 10751, 14]",44683,Tinker Bell and the Great Fairy Rescue,en,Tinker Bell and the Great Fairy Rescue,5.4351,2010-07-29,6.774,1044,Available
"[53, 10749, 12]",429300,Adrift,en,Adrift,5.8275,2018-05-31,6.834,2734,Available
"[12, 18]",10339,Moby Dick,en,Moby Dick,6.1897,1956-06-27,7.053,485,Available
"[28, 80, 53]",1051,The French Connection,en,The French Connection,5.9007,1971-10-09,7.493,2201,Available
[18],637676,Neighbors,en,Lin Li,6.647,2019-10-17,4.5,1,Available
"[27, 9648, 28]",223286,The Haunted Sea,en,The Haunted Sea,6.9306,1997-11-11,2.538,13,Available
"[16, 28, 12, 14]",571265,Digimon Adventure: Last Evolution Kizuna,ja,デジモンアドベンチャー LAST EVOLUTION 絆,5.5095,2020-02-21,8.136,273,Available
"[10751, 14, 28, 12]",420808,Peter Pan & Wendy,en,Peter Pan & Wendy,6.3004,2023-04-20,5.4,783,Available
"[18, 53]",11878,Yojimbo,ja,用心棒,6.3625,1961-04-25,8.079,1743,Available
[35],484718,Coming 2 America,en,Coming 2 America,6.7389,2021-03-04,6.318,2442,Available
"[16, 80, 9648, 28]",1209217,Detective Conan: The Million-Dollar Pentagram,ja,名探偵コナン 100万ドルの五稜星（みちしるべ）,6.7354,2024-04-12,6.9,81,Available
"[10749, 35]",25195,Leap Year,en,Leap Year,5.7348,2010-01-08,6.893,2206,Available
"[878, 12, 28, 10751]",3604,Flash Gordon,en,Flash Gordon,6.355,1980-12-05,6.276,1131,Available
"[53, 878, 28]",1266798,Dog 51,fr,Chien 51,5.8564,2025-10-15,6.099,348,Available
[18],248107,Dunduriņš,lv,Dunduriņš,6.7809,1974-01-04,6.0,1,Available
[27],372962,Mai-chan's Daily Life,ja,まいちゃんの日常,5.7365,2014-11-29,5.143,21,Available
"[18, 10749, 12]",40348,Black Emanuelle,it,Emanuelle nera,6.0156,1975-11-27,5.075,100,Available
[18],662397,Goldberg Variations,en,Goldberg variációk,6.1833,1991-01-01,10.0,1,Available
"[16, 28, 878, 35]",732203,Gintama: The Very Final,ja,銀魂 THE FINAL,6.3604,2021-01-08,8.2,78,Available
"[18, 27, 9648]",2637,The Mothman Prophecies,en,The Mothman Prophecies,5.9487,2002-01-25,6.223,1312,Available
"[36, 18, 10752]",832964,Lee,en,Lee,5.762,2024-09-12,6.962,687,Available
"[16, 28, 9648, 80]",1396965,Detective Conan: One-Eyed Flashback,ja,名探偵コナン 隻眼の残像,6.0737,2025-04-18,7.2,58,Available
"[27, 9648, 53]",24740,The Entity,en,The Entity,5.988,1982-09-30,6.845,600,Available
"[18, 36]",11652,Invincible,en,Invincible,5.7507,2006-08-25,7.032,1067,Available
"[28, 878]",10017,The Wraith,en,The Wraith,5.7447,1986-10-01,6.376,533,Available
"[27, 9648]",635,Angel Heart,en,Angel Heart,6.2629,1987-03-06,7.121,1791,Available
"[28, 12, 878, 53]",9381,Babylon A.D.,en,Babylon A.D.,5.8761,2008-08-20,5.667,2318,Available
"[28, 18, 53]",9545,Sniper,en,Sniper,6.1807,1993-01-29,6.181,487,Available
"[28, 12, 36, 18]",602063,Rurouni Kenshin: The Final,ja,るろうに剣心 最終章 The Final,6.8913,2021-04-23,7.685,561,Available
"[12, 10751]",1266800,The Desert Child,fr,L'enfant du désert,6.0085,2026-04-08,7.7,27,Available
"[53, 18]",303858,Money Monster,en,Money Monster,5.9381,2016-05-12,6.431,3195,Available
[],110930,Goodbye Mothers,en,Adieu Mères,6.8377,2008-02-01,5.0,1,Available
"[18, 53]",773543,Fib the Truth,ru,Соври мне правду,7.7493,2021-09-09,5.769,93,Available
"[35, 18, 10749]",206831,Bitter Wine,lv,Rūgtais vīns,5.7792,2007-07-11,0.0,0,Available
"[35, 18]",838,American Graffiti,en,American Graffiti,5.8254,1973-08-11,7.047,1630,Available
[],1457869,From Candy to Cocaine,en,From Candy to Cocaine,4.3936,1986-01-01,0.0,0,Available
"[10751, 35, 12, 16, 878]",12589,Jimmy Neutron: Boy Genius,en,Jimmy Neutron: Boy Genius,6.1586,2001-12-14,6.114,1033,Available
"[35, 14]",9678,Little Nicky,en,Little Nicky,5.9503,2000-11-10,5.831,2037,Available
"[27, 878, 53]",1086260,The Astronaut,en,The Astronaut,6.0879,2025-09-26,6.144,448,Available
"[18, 35]",1740009,Kwak,nl,Kwak,5.8913,2026-08-07,0.0,0,Available
"[53, 28, 9648]",59965,Abduction,en,Abduction,6.1733,2011-09-22,5.835,3060,Available
"[878, 10749]",442512,First Love,hu,Első szerelem,7.4331,2008-02-19,0.0,0,Available
"[16, 28, 12, 878]",911916,Spider-Man: Beyond the Spider-Verse,en,Spider-Man: Beyond the Spider-Verse,6.3069,2027-06-17,0.0,0,Available
"[27, 9648, 53]",439015,Slender Man,en,Slender Man,6.1352,2018-05-17,4.306,2188,Available
"[16, 10751, 12, 35]",256835,Toy Story That Time Forgot,en,Toy Story That Time Forgot,5.814,2014-12-02,7.132,1178,Available
[],332062,Light Years,es,Años luz,7.1804,2013-01-01,10.0,1,Available
"[53, 27]",1024798,The Moon of the Kurent,sl,Kurentova luna,6.4339,2022-08-26,0.0,0,Available
"[18, 53]",1030598,In Bed,he,כאילו אין מחר,6.0878,2022-12-29,5.571,7,Available
"[28, 53, 80]",10861,Maximum Risk,en,Maximum Risk,6.7402,1996-09-13,5.826,588,Available
"[53, 27, 80]",207768,I Spit on Your Grave 2,en,I Spit on Your Grave 2,6.2661,2013-08-25,6.29,1461,Available
"[37, 18]",4929,Hang 'em High,en,Hang 'em High,6.1455,1968-04-12,6.869,883,Available
[18],207241,Ceļa zīmes,lv,Ceļa zīmes,6.7194,1968-07-13,0.0,0,Available
[],990412,Under the Influence,pt,Sob Influência,4.5761,2022-09-17,0.0,0,Available
[18],10435,Chaplin,en,Chaplin,6.4396,1992-12-17,7.411,1250,Available
"[10749, 878, 18, 14]",58244,Upside Down,en,Upside Down,7.1788,2012-09-27,6.278,2661,Available
"[27, 35, 14]",287903,Krampus,en,Krampus,6.2091,2015-11-26,6.207,2452,Available
"[18, 10749]",59350,Vidas pequeñas,es,Vidas pequeñas,7.4687,2011-03-18,7.5,2,Available
[],428518,Yellowsaver,en,Yellowsaver,5.8486,2012-12-01,0.0,0,Available
"[10751, 12, 16, 10749]",15969,The Return of Jafar,en,The Return of Jafar,6.1403,1994-12-15,6.232,3483,Available
"[10770, 80, 18, 14, 53, 16]",51482,Death Note Relight 1: Visions of a God,ja,DEATH NOTE リライト ～幻視する神～,6.3663,2007-08-31,7.872,403,Available
"[35, 27, 878]",11069,Tremors 2: Aftershocks,en,Tremors 2: Aftershocks,6.2474,1996-04-09,6.35,1099,Available
[35],9942,Major League,en,Major League,5.6583,1989-02-16,6.905,909,Available
[18],895788,A Geisha on Horseback,ja,馬賊芸者,3.9032,1954-11-15,7.0,2,Available
"[28, 53]",9322,Nikita,fr,Nikita,6.1452,1990-02-21,7.11,2210,Available
"[18, 10751, 14]",11236,The Secret Garden,en,The Secret Garden,5.5355,1993-08-13,7.4,1008,Available
[18],881173,Smoky Mountain,km,Smoky Mountain,6.9665,2020-03-30,6.0,1,Available
"[10751, 16, 12, 14]",10539,James and the Giant Peach,en,James and the Giant Peach,5.8119,1996-04-12,6.594,1473,Available
"[53, 28, 878]",8870,Red Planet,en,Red Planet,6.0978,2000-11-10,5.734,1212,Available
"[27, 9648]",547565,The Night House,en,The Night House,6.0014,2021-07-15,6.552,1385,Available
[18],65765,Corner in Madrid,es,Rinconcito madrileño,6.6396,1936-01-01,8.0,1,Available
"[10751, 35, 16]",1239146,Woody Woodpecker Goes to Camp,en,Woody Woodpecker Goes to Camp,5.9698,2024-04-12,6.398,211,Available
"[80, 53]",649409,No Sudden Move,en,No Sudden Move,6.399,2021-06-24,6.369,837,Available
"[12, 10749, 18]",6972,Australia,en,Australia,5.9229,2008-11-18,6.596,2494,Available
"[16, 35, 12, 10751, 878]",68179,Escape from Planet Earth,en,Escape from Planet Earth,5.912,2013-02-14,5.782,841,Available
"[35, 80]",8491,Weekend at Bernie's,en,Weekend at Bernie's,6.0364,1989-07-05,6.43,1172,Available
[18],1085315,Letárgico,pt,Letárgico,6.5421,2018-02-13,0.0,0,Available
"[35, 10749]",9029,What Happens in Vegas,en,What Happens in Vegas,5.5664,2008-05-07,6.121,3387,Available
"[18, 80]",33909,Wall Street: Money Never Sleeps,en,Wall Street: Money Never Sleeps,5.9642,2010-09-20,6.091,1736,Available
"[35, 10749]",8390,"Definitely, Maybe",en,"Definitely, Maybe",6.0251,2008-02-08,6.9,2679,Available
"[18, 36, 10752]",8880,Che: Part Two,en,Che: Part Two,6.0805,2008-12-12,6.632,711,Available
"[28, 53, 9648]",1439112,Muzzle: City of Wolves,en,Muzzle: City of Wolves,6.357,2025-11-13,6.6,157,Available
"[18, 80, 10402]",10060,Get Rich or Die Tryin',en,Get Rich or Die Tryin',6.4473,2005-11-09,6.841,1067,Available
"[10749, 18]",216471,Irezumi,ja,雪華葬刺し,5.8785,1982-11-27,5.692,13,Available
"[18, 35]",789910,Pina,it,Pina,5.958,2019-09-03,0.0,0,Available
"[27, 9648, 53]",4970,Gothika,en,Gothika,6.0196,2003-11-21,6.154,2618,Available
"[28, 9648, 18]",727340,Hunt,ko,헌트,6.5911,2022-08-10,6.734,218,Available
"[12, 27, 28, 36]",6312,Brotherhood of the Wolf,fr,Le Pacte des loups,5.9628,2001-01-31,6.7,1795,Available
[35],8469,Animal House,en,Animal House,6.0064,1978-07-28,6.951,1723,Available
"[10749, 18, 35]",1290182,You Are the Apple of My Eye,ko,"그 시절, 우리가 좋아했던 소녀",6.1916,2025-02-21,8.375,72,Available
[99],1484573,Ucrania: OBLIGADOS A SOBREVIVIR,es,Ucrania: OBLIGADOS A SOBREVIVIR,5.7402,2025-04-08,0.0,0,Available
"[10749, 18]",1268609,Pavane,ko,파반느,6.5927,2026-02-19,7.303,66,Available
"[18, 53]",1424965,Ice Skater,en,Ice Skater,6.1605,2026-08-20,2.0,1,Available
"[28, 53]",1522923,Safe House,en,Safe House,5.9252,2025-10-30,6.5,92,Available
"[18, 36, 10752]",11101,Stalingrad,de,Stalingrad,5.3333,1993-01-20,7.34,654,Available
"[16, 14, 12]",41498,One Piece Film: Strong World,ja,ONE PIECE FILM STRONG WORLD,5.6471,2009-12-12,7.4,410,Available
"[18, 36, 10749]",12783,The Duchess,en,The Duchess,5.4344,2008-09-05,6.977,1840,Available
[18],344980,Ília,pt,Ília,6.2107,2014-12-08,0.0,0,Available
"[16, 10751, 10402]",49948,Fantasia 2000,en,Fantasia 2000,6.024,2000-01-01,6.973,1392,Available
"[10402, 18]",817758,TÁR,en,TÁR,6.3753,2022-10-07,7.09,1595,Available
"[27, 53]",1007242,Simon Says,en,Simon Says,6.3751,2012-11-03,0.0,0,Available
"[28, 53]",77663,Killing Season,en,Killing Season,6.3751,2013-07-12,5.532,1051,Available
"[18, 36, 28]",10423,Dragon: The Bruce Lee Story,en,Dragon: The Bruce Lee Story,6.3748,1993-05-07,6.911,817,Available
"[37, 12]",9086,Young Guns II,en,Young Guns II,6.3743,1990-08-01,6.526,615,Available
"[28, 35]",1255788,The Gardener,fr,Le Jardinier,6.3737,2025-01-30,6.063,200,Available
"[28, 12, 18]",152747,All Is Lost,en,All Is Lost,6.3731,2013-08-23,6.647,1809,Available
"[35, 53, 80]",8012,Get Shorty,en,Get Shorty,6.3727,1995-10-20,6.499,1247,Available
[99],359364,Human,fr,Human,6.3725,2015-09-12,8.432,314,Available
"[27, 18, 9648, 878]",582913,The Room,en,The Room,6.3723,2019-09-12,6.408,1066,Available
"[9648, 53]",257094,Holland,en,Holland,6.3723,2025-03-09,5.375,534,Available
"[37, 18]",264656,The Homesman,en,The Homesman,6.372,2014-05-18,6.52,906,Available
[18],1607599,Break Point,en,Break Point,6.3719,2026-01-02,0.0,0,Available
"[53, 18, 27]",64720,Take Shelter,en,Take Shelter,6.3718,2011-09-30,7.054,2069,Available
"[35, 10751, 10749, 14]",10808,Dr. Dolittle 2,en,Dr. Dolittle 2,6.3718,2001-06-22,5.325,1793,Available
"[99, 10402]",1130231,Zen World,en,Zen World,6.3717,,6.0,1,Unknown
"[28, 35, 10751, 14]",1421552,Panda Plan: The Magical Tribe,zh,熊猫计划之部落奇遇记,6.3712,2026-02-17,6.281,16,Available
"[878, 12]",455839,Time Trap,en,Time Trap,6.3706,2017-05-19,6.338,1384,Available
[],859882,NUREOCHITA DOJO,ja,NUREOCHITA DOJO,6.3704,2019-01-31,0.0,0,Available
"[80, 18]",157845,The Rover,en,The Rover,5.8748,2014-06-04,6.263,1092,Available
"[28, 12, 18, 36]",1195631,William Tell,en,William Tell,6.3685,2025-01-17,6.199,266,Available
[14],135746,The River,fr,La rivière,6.3685,2001-01-01,4.571,7,Available
"[80, 53, 18]",845,Strangers on a Train,en,Strangers on a Train,5.6751,1951-06-27,7.661,1931,Available
"[28, 80, 53]",324542,Sleepless,en,Sleepless,6.0544,2017-01-12,5.932,1370,Available
"[28, 80]",224098,The Survivor,ro,Supraviețuitorul,6.5983,2008-04-10,6.2,10,Available
[18],177945,"Like Father, Like Son",ja,そして父になる,5.5332,2013-09-24,7.7,817,Available
[35],219318,The Volcano,fr,Eyjafjallajökull,6.1239,2013-10-02,5.585,689,Available
"[16, 18, 10749, 14, 878]",916192,"The Tunnel to Summer, the Exit of Goodbyes",ja,夏へのトンネル、さよならの出口,5.8422,2022-09-09,7.729,299,Available
"[28, 53]",757725,Shadow Force,en,Shadow Force,6.4773,2025-05-01,6.318,325,Available
[35],121504,La moglie in bianco... l'amante al pepe,it,La moglie in bianco... l'amante al pepe,6.3631,1981-02-12,5.696,46,Available
"[28, 878]",10366,Universal Soldier: The Return,en,Universal Soldier: The Return,6.0568,1999-08-05,5.881,1366,Available
"[80, 18, 9648]",3009,The Trial,en,Le Procès,5.7027,1962-08-25,7.395,583,Available
"[10402, 35, 10751, 14, 18]",10437,The Muppet Christmas Carol,en,The Muppet Christmas Carol,5.8543,1992-12-11,7.451,1207,Available
"[18, 36]",583406,Judas and the Black Messiah,en,Judas and the Black Messiah,6.0596,2021-02-12,7.284,1749,Available
"[35, 18]",65057,The Descendants,en,The Descendants,6.8145,2011-09-09,6.831,3151,Available
"[37, 18]",8879,Pale Rider,en,Pale Rider,6.3002,1985-06-28,7.168,1244,Available
[28],360776,Female Ninjas Magic Chronicles 3: Sacred Book of Sexual Positions,ja,くノ一忍法帖III 秘戯伝説の怪,6.0159,1993-05-21,6.417,6,Available
"[18, 28]",391757,Never Back Down: No Surrender,en,Never Back Down: No Surrender,6.3584,2016-06-07,7.1,519,Available
"[16, 10751, 10749, 12]",18269,Lady and the Tramp II: Scamp's Adventure,en,Lady and the Tramp II: Scamp's Adventure,5.7409,2001-02-18,6.336,1338,Available
[35],51481,Mean Girls 2,en,Mean Girls 2,5.8061,2011-01-23,5.245,1314,Available
"[28, 53, 80, 9648]",4959,The International,en,The International,6.7606,2009-02-03,6.272,1482,Available
"[16, 12, 35, 10751, 14]",778855,Chickenhare and the Hamster of Darkness,en,Chickenhare and the Hamster of Darkness,6.584,2022-02-16,7.222,293,Available
[18],403,Driving Miss Daisy,en,Driving Miss Daisy,5.3121,1989-12-13,7.228,1854,Available
[],302720,Château Intérieur,fr,Château Intérieur,6.72,2014-07-05,0.0,0,Available
"[16, 35, 10751, 12, 27]",1477104,Shaun the Sheep: The Beast of Mossy Bottom,en,Shaun the Sheep: The Beast of Mossy Bottom,6.6366,2026-09-17,0.0,0,Available
"[10749, 35]",1352755,Maintenance Required,en,Maintenance Required,6.2892,2025-10-07,6.146,206,Available
[10402],1245833,Lumen - Акустика (Концерт в центре им. Вс. Мейерхольда),ru,Lumen - Акустика (Концерт в центре им. Вс. Мейерхольда),6.757,2014-09-05,10.0,1,Available
"[12, 35, 18]",421,The Life Aquatic with Steve Zissou,en,The Life Aquatic with Steve Zissou,5.533,2004-12-10,7.072,3261,Available
"[28, 80, 53, 18]",1382406,Striking Rescue,zh,惊天大营救,6.1189,2024-12-05,7.47,182,Available
"[35, 18]",1245347,Twinless,en,Twinless,5.3899,2025-09-04,7.202,183,Available
"[18, 10751]",1222796,Foreigner,ru,Иностранка,6.6986,1937-01-01,7.0,1,Available
"[28, 35, 53, 10749]",37821,Killers,en,Killers,6.0095,2010-06-04,5.96,2347,Available
[18],1109255,Parthenope,it,Parthenope,6.0893,2024-10-24,6.663,789,Available
"[27, 53, 28]",643586,Willy's Wonderland,en,Willy's Wonderland,6.5188,2021-02-12,5.981,1186,Available
"[878, 12, 35]",8069,Barbarella,en,Barbarella,5.6805,1968-10-10,5.997,871,Available
"[12, 35, 10751]",11008,Major Payne,en,Major Payne,6.3115,1995-03-24,6.513,932,Available
"[80, 18, 9648]",11929,Dolores Claiborne,en,Dolores Claiborne,5.6228,1995-03-24,7.262,904,Available
"[18, 28, 53]",630004,The Vault,en,Way Down,6.5078,2021-03-04,6.799,1107,Available
"[35, 10749, 18]",41210,The Switch,en,The Switch,5.7849,2010-08-20,6.232,2073,Available
[18],200505,Draft Day,en,Draft Day,6.6454,2014-04-11,6.713,1031,Available
[35],11830,Tampopo,ja,タンポポ,5.6838,1985-11-23,7.789,451,Available
"[28, 80, 35]",979660,Freaky Tales,en,Freaky Tales,6.1357,2025-04-04,6.316,262,Available
[],227953,Vazio Coração,pt,Vazio Coração,6.1282,2013-11-01,0.0,0,Available
[],878380,El dorado,es,El dorado,6.5054,2022-09-29,6.0,1,Available
"[28, 878, 53, 9648]",470114,24 Hours to Live,en,24 Hours To Live,6.0041,2017-10-26,5.966,729,Available
[99],756361,Silent Voice,fr,Silent Voice,6.3858,2020-11-18,5.3,6,Available
"[18, 9648]",463555,Estranha Ligação,pt,Estranha Ligação,6.7252,2015-11-07,8.0,1,Available
"[27, 878, 9648, 53]",548473,Color Out of Space,en,Color Out of Space,6.3054,2020-01-24,6.088,1766,Available
"[10749, 18, 35]",11860,Sabrina,en,Sabrina,5.5666,1995-12-15,6.214,711,Available
"[12, 35, 10751, 14]",420814,Christopher Robin,en,Christopher Robin,5.4692,2018-08-01,7.294,2981,Available
"[27, 53]",587496,The Rental,en,The Rental,7.0538,2020-07-23,5.547,1017,Available
[27],379685,The Revenge Ghost of the Tree,zh,林投姐,6.0601,1988-01-17,0.0,0,Available
"[18, 12]",404,The Straight Story,en,The Straight Story,5.6624,1999-10-15,7.737,1867,Available
[18],81481,Silenced,ko,도가니,5.9944,2011-09-22,8.161,809,Available
"[28, 16, 14, 12]",73245,Bleach the Movie: Hell Verse,ja,劇場版 BLEACH 地獄篇,6.5097,2010-12-04,7.585,211,Available
"[16, 10751]",355338,Riley's First Date?,en,Riley's First Date?,5.7122,2015-11-03,7.201,1125,Available
"[53, 80]",10909,Kalifornia,en,Kalifornia,5.7804,1993-06-24,6.582,899,Available
"[80, 9648, 53]",11644,Blow Out,en,Blow Out,5.9779,1981-07-24,7.355,1738,Available
"[12, 18, 10752]",9952,Rescue Dawn,en,Rescue Dawn,6.2187,2007-06-23,6.951,1475,Available
[10749],1196656,Sugar Baby,tl,Sugar Baby,6.1581,2023-11-24,5.2,10,Available
"[18, 9648, 10749]",110,Three Colors: Red,fr,Trois couleurs : Rouge,5.5109,1994-05-12,7.9,1592,Available
"[18, 10749]",38301,The Japanese Wife,bn,The Japanese Wife,5.9515,2010-04-09,6.6,23,Available
[18],438794,Escándalo,es,Escándalo,7.6103,1940-05-07,7.5,2,Available
"[27, 53]",599975,Countdown,en,Countdown,6.3694,2019-10-24,6.207,2364,Available
"[27, 9648, 18]",361292,Suspiria,en,Suspiria,5.8202,2018-10-26,6.894,2824,Available
[],631708,Fortín alto,es,Fortín alto,7.0132,1941-06-03,0.0,0,Available
[99],457697,XXXXXXX,en,XXXXXXX,5.7703,2016-09-01,6.9,8,Available
"[28, 35, 80, 53]",10026,Hot Tamale,en,Hot Tamale,7.1896,2006-04-23,4.9,35,Available
"[12, 18, 53]",551,The Poseidon Adventure,en,The Poseidon Adventure,5.8124,1972-12-01,7.157,1055,Available
"[18, 10749]",1240433,Journey to the North,ja,北国の旅情,6.04,1967-01-03,0.0,0,Available
"[28, 80, 53]",2085,Romeo Must Die,en,Romeo Must Die,6.7988,2000-03-22,6.296,1398,Available
"[28, 53]",737568,The Doorman,en,The Doorman,5.3036,2020-10-01,5.785,477,Available
"[53, 18]",339849,Not Without Hope,en,Not Without Hope,6.0803,2025-12-04,6.7,124,Available
"[28, 80, 18]",450001,Master Z: Ip Man Legacy,cn,葉問外傳：張天志,5.9093,2018-12-20,6.534,610,Available
[99],1049762,Aldébaran,fr,Aldébaran,7.1783,2022-07-10,0.0,0,Available
"[10749, 18]",152584,Blue Is the Warmest Color,fr,La Vie d'Adèle - Chapitres 1 et 2,6.6996,2013-10-09,7.077,4931,Available
"[53, 27]",9540,Dead Ringers,en,Dead Ringers,5.9242,1988-09-23,7.125,1042,Available
[99],1592945,La búsqueda del otro,es,La búsqueda del otro,3.4139,2025-11-27,10.0,1,Available
"[18, 53, 80, 9648]",10851,Revolver,en,Revolver,6.3268,2005-09-11,6.361,1611,Available
"[53, 878, 9648]",437,Cube 2: Hypercube,en,Cube 2: Hypercube,6.3187,2002-04-15,5.493,1674,Available
"[12, 18, 10749]",547,The Horse Whisperer,en,The Horse Whisperer,6.3177,1998-02-01,6.896,1214,Available
"[18, 10770]",206961,The Zitar Family,lv,Zītaru dzimta (Vecā jūrnieku ligzda),6.3172,1990-05-22,5.0,1,Available
"[18, 10749]",918487,New Female Secretary,ko,신입 여비서,6.3171,2021-12-16,5.75,4,Available
"[53, 18, 10749]",1323784,Bad Influence,es,Mala influencia,6.3163,2025-01-24,5.745,306,Available
"[53, 80, 18]",1580,Rope,en,Rope,6.3162,1948-02-01,7.93,3081,Available
"[28, 80, 53]",2749,15 Minutes,en,15 Minutes,6.3155,2001-03-01,5.923,835,Available
[99],658049,Button Blanket,en,Button Blanket,6.3133,2009-10-22,0.0,0,Available
[27],129123,Erotic Nightmare,cn,勾魂惡夢,6.3126,1999-05-20,5.147,17,Available
"[28, 18]",10617,Once Upon a Time in China,cn,黃飛鴻,6.3107,1991-08-15,7.104,502,Available
[35],1854,...But Johnny!,de,...aber Jonny!,6.3093,1973-05-02,5.333,6,Available
"[18, 10752, 36]",1061699,The Six Triple Eight,en,The Six Triple Eight,6.3089,2024-12-06,7.575,724,Available
"[18, 14, 878]",581389,Space Sweepers,ko,승리호,6.3086,2021-02-05,7.025,1175,Available
"[35, 27, 878]",13009,Zombie Strippers!,en,Zombie Strippers!,6.3079,2008-04-18,4.851,449,Available
"[28, 53, 80, 12]",399361,Triple Frontier,en,Triple Frontier,6.3076,2019-03-06,6.336,3636,Available
"[18, 53, 80]",832,M,de,M - Eine Stadt sucht einen Mörder,6.3074,1931-05-11,8.062,2532,Available
[18],678908,The Culprit,en,Der Verurteilte,6.3068,2016-09-24,1.0,2,Available
[35],27323,Joysticks,en,Joysticks,6.3064,1983-03-04,4.444,81,Available
"[35, 10749]",32856,Valentine's Day,en,Valentine's Day,6.3062,2010-02-10,5.929,3210,Available
[35],1175174,Fackham Hall,en,Fackham Hall,6.2036,2025-12-05,6.678,205,Available
"[28, 18, 9648, 53, 80]",9415,Murder at 1600,en,Murder at 1600,5.9155,1997-04-18,6.084,608,Available
[35],864168,Joy Ride,en,Joy Ride,5.9044,2023-06-22,6.5,504,Available
[80],280844,Das Böse,de,Das Böse,7.1184,1998-03-16,5.667,3,Available
[99],1099642,Dying to live,nl,Dying to live,9.4942,2023-03-16,8.0,1,Available
[35],10393,The Replacements,en,The Replacements,6.5896,2000-08-11,6.717,1106,Available
[35],1694783,Toronto Apartment,en,Toronto Apartment,7.7656,2026-07-15,0.0,0,Available
"[18, 10749, 10752]",907,Doctor Zhivago,en,Doctor Zhivago,5.8991,1965-12-22,7.552,1305,Available
[35],109443,Anchorman 2: The Legend Continues,en,Anchorman 2: The Legend Continues,5.8652,2013-12-18,6.144,2895,Available
"[35, 18]",406436,Mr. Dólar,es,Mr. Dólar,5.5363,1964-12-18,0.0,0,Available
"[35, 28]",575219,Pegasus,zh,飞驰人生,6.821,2019-02-05,6.7,124,Available
"[35, 80, 53]",18892,Jawbreaker,en,Jawbreaker,5.5591,1999-01-30,6.432,609,Available
"[10751, 35]",462252,Lô Tô,vi,Lô Tô,6.6641,2017-03-31,5.0,1,Available
"[27, 53]",930600,The Deliverance,en,The Deliverance,6.1419,2024-08-16,6.018,586,Available
"[18, 14]",2323,Field of Dreams,en,Field of Dreams,5.7289,1989-04-21,7.12,1748,Available
[28],1628071,Ip Man: Kung Fu Legend,zh,宗师叶问2,6.3075,2026-07-22,5.556,9,Available
[99],1688804,Freefall: A Reckoning for Boeing,en,Freefall: A Reckoning for Boeing,5.9843,2026-08-14,6.958,36,Available
[35],131186,Europa Camping,hu,Európa kemping,7.4865,1992-03-13,9.0,1,Available
"[35, 18]",1056360,American Fiction,en,American Fiction,6.1006,2023-11-10,7.248,1429,Available
"[28, 878, 27]",12476,The Hidden,en,The Hidden,5.7696,1987-10-30,6.891,513,Available
"[53, 18]",958196,Inside,en,Inside,5.8127,2023-03-09,5.672,551,Available
"[28, 80, 53]",70074,Bullet to the Head,en,Bullet to the Head,6.0731,2012-11-14,5.608,1418,Available
[35],89492,This Is 40,en,This Is 40,6.2248,2012-12-20,5.903,2396,Available
"[28, 12, 35, 10751]",11335,Popeye,en,Popeye,6.7592,1980-12-12,5.58,732,Available
"[35, 18, 10749]",12572,"New York, I Love You",en,"New York, I Love You",5.9927,2008-09-06,5.956,616,Available
[18],68335,Now & Later,en,Now & Later,6.5597,2009-02-18,4.984,61,Available
[18],421223,La máscara,es,La máscara,7.309,1977-07-31,6.625,4,Available
"[18, 53, 80, 10749]",172226,In Secret,en,In Secret,6.4922,2014-02-21,6.111,261,Available
"[18, 53]",64084,Scorned,en,Scorned,6.0863,1993-07-14,5.3,49,Available
"[53, 80, 9648]",7183,Perfect Stranger,en,Perfect Stranger,5.923,2007-04-11,5.822,1062,Available
[18],637787,My Planet,fr,Ma planète,6.4946,2018-10-19,6.0,1,Available
[18],35304,Miss Sweden,sv,Fröken Sverige,7.1338,2004-03-09,5.241,29,Available
"[27, 53]",1087388,Sting,en,Sting,5.5584,2024-04-12,6.183,551,Available
"[10751, 35]",11806,Beethoven,en,Beethoven,6.175,1992-04-03,5.832,2297,Available
"[27, 18, 14]",590995,The Craft: Legacy,en,The Craft: Legacy,6.1335,2020-10-28,6.101,915,Available
"[10749, 18]",1291559,Drawing Closer,ja,余命一年の僕が、余命半年の君と出会った話。,6.1065,2024-06-26,8.403,227,Available
[878],793313,From the Heart,fi,Sydämestä,6.1154,2020-09-19,0.0,0,Available
"[28, 12, 878]",10329,Congo,en,Congo,5.884,1995-06-09,5.619,1014,Available
"[18, 53, 10752]",9075,Black Book,nl,Zwartboek,5.6156,2006-09-14,7.448,1274,Available
"[35, 10749]",11638,Guess Who,en,Guess Who,5.6064,2005-03-25,6.01,1018,Available
[],923877,Brothers,fr,Frères,6.2807,2022-04-05,7.0,1,Available
[35],349021,Double Trouble,en,Double Trouble,6.6306,1941-11-21,10.0,1,Available
"[16, 878, 28]",1209288,Justice League: Crisis on Infinite Earths Part Two,en,Justice League: Crisis on Infinite Earths Part Two,6.0725,2024-04-22,6.7,298,Available
"[80, 18, 53]",1628367,Kartavya,hi,कर्त्तव्य,6.011,2026-05-15,7.0,32,Available
[18],773352,Ooku: Empress of the Tokugawa,ja,徳川の女帝 大奥,6.1145,1988-08-27,2.667,3,Available
"[10402, 18, 10749, 80]",9762,Step Up,en,Step Up,6.3479,2006-08-11,6.879,3962,Available
"[80, 28, 53]",534490,Avengement,en,Avengement,6.0475,2019-05-24,6.81,641,Available
"[28, 35, 53]",1212855,Fight or Flight,en,Fight or Flight,6.1168,2025-04-03,6.265,409,Available
"[878, 18]",585378,After Yang,en,After Yang,5.9924,2022-03-04,6.413,543,Available
[27],10065,The Amityville Horror,en,The Amityville Horror,6.1461,2005-04-14,6.124,2414,Available
"[27, 53]",1362315,The Hand That Rocks the Cradle,en,The Hand That Rocks the Cradle,6.5124,2025-10-16,5.721,233,Available
"[27, 9648, 53, 878]",11015,The Relic,en,The Relic,6.2523,1997-01-10,6.159,656,Available
"[18, 36]",179956,"Hiver 54, l'abbé Pierre",fr,"Hiver 54, l'abbé Pierre",8.3859,1989-10-31,5.6,34,Available
"[14, 12, 10751]",245842,The King's Daughter,en,The King's Daughter,5.3953,2022-01-21,6.976,736,Available
"[28, 18, 35]",897160,Brave Citizen,ko,용감한 시민,6.0535,2023-10-25,7.569,166,Available
[],804219,The Journey,fr,La Traversée,5.8256,2021-12-17,4.5,2,Available
[18],2517,Nobody Knows,ja,誰も知らない,6.0077,2004-08-07,8.009,671,Available
"[16, 14, 28, 12]",176983,One Piece Film: Z,ja,ONE PIECE FILM Z,6.0871,2012-12-15,7.5,574,Available
"[27, 18]",11654,The Hunger,en,The Hunger,6.1997,1983-04-29,6.65,675,Available
"[53, 80, 18]",521,Dial M for Murder,en,Dial M for Murder,6.2717,1954-05-29,8.004,2940,Available
"[27, 28, 53]",11880,Dog Soldiers,en,Dog Soldiers,6.271,2002-05-10,6.732,1039,Available
"[12, 878, 28, 9648]",1086495,Taklee Genesis,th,ตาคลี เจเนซิส,6.2701,2024-09-12,7.133,49,Available
"[18, 10749]",315129,Dreams of Love,en,Szerelmi álmok,6.2701,1935-01-01,10.0,1,Available
[18],430417,Epidemia Nacional,pt,Epidemia Nacional,6.2698,2020-06-18,0.0,0,Available
[53],397560,Mal día,es,Mal día,6.2685,2015-05-20,0.0,0,Available
[18],315846,Our Little Sister,ja,海街diary,6.2668,2015-06-13,7.6,582,Available
"[35, 10749]",36850,A New Leaf,en,A New Leaf,6.2666,1971-03-11,7.3,207,Available
[],230289,Ağır Abi,tr,Ağır Abi,6.2657,2011-07-14,2.0,2,Available
"[878, 53]",615469,Spiderhead,en,Spiderhead,6.2654,2022-06-15,5.788,1800,Available
"[27, 53]",1164355,Lembayung,id,Lembayung,6.2645,2024-09-19,7.2,10,Available
[],450228,Csodálatos vadállatok,hu,Csodálatos vadállatok,6.2645,2005-05-22,9.0,1,Available
"[28, 12, 18]",9103,The Quest,en,The Quest,6.2637,1996-04-19,6.219,816,Available
"[18, 36]",556984,The Trial of the Chicago 7,en,The Trial of the Chicago 7,6.2631,2020-09-25,7.654,3440,Available
"[10749, 35]",24122,The Rebound,en,The Rebound,6.2627,2009-09-16,6.501,981,Available
"[27, 53]",10131,A Nightmare on Elm Street 4: The Dream Master,en,A Nightmare on Elm Street 4: The Dream Master,6.2604,1988-08-19,5.9,1679,Available
"[18, 35, 10749]",800939,Ticket to Paradise,en,Ticket to Paradise,6.26,2022-09-08,6.407,1435,Available
"[27, 9648, 53]",11601,Stir of Echoes,en,Stir of Echoes,6.26,1999-09-10,6.704,1399,Available
"[99, 10402]",24128,Stop Making Sense,en,Stop Making Sense,6.2598,1984-10-19,8.339,387,Available
"[37, 80, 53]",395817,The Thicket,en,The Thicket,6.2586,2024-09-05,6.39,186,Available
"[18, 80, 53]",413362,"Roman J. Israel, Esq.",en,"Roman J. Israel, Esq.",5.5364,2017-11-17,6.345,1428,Available
[35],505600,Booksmart,en,Booksmart,5.4147,2019-05-24,6.998,2910,Available
[35],2665,Airplane II: The Sequel,en,Airplane II: The Sequel,5.1101,1982-12-10,6.08,1305,Available
"[18, 27, 53]",65086,The Woman in Black,en,The Woman in Black,6.0816,2012-02-03,6.147,3756,Available
[53],11081,Taking Lives,en,Taking Lives,6.2883,2004-03-19,6.368,1801,Available
"[28, 12, 35]",21519,Project A,cn,A計劃,5.6507,1983-12-22,7.271,588,Available
"[80, 9648, 53]",8688,Snake Eyes,en,Snake Eyes,5.6468,1998-08-07,6.204,1565,Available
"[36, 18]",556574,Hamilton,en,Hamilton,6.5635,2025-09-05,7.9,151,Available
[10749],1460811,MZ College Student and Young Aunt,ko,MZ대학생과 어린이모,6.1894,2025-03-04,4.0,1,Available
"[27, 53, 18]",833339,Speak No Evil,da,Speak No Evil,6.0985,2022-03-17,6.645,1162,Available
"[35, 10402]",1425122,A Very Jonas Christmas Movie,en,A Very Jonas Christmas Movie,6.1187,2025-11-10,6.2,121,Available
"[27, 53]",1049942,Bambi: The Reckoning,en,Bambi: The Reckoning,5.6881,2025-07-11,5.8,198,Available
[99],846816,Slim Pickins,en,Slim Pickins,6.9957,2021-07-20,0.0,0,Available
"[14, 18]",586353,The Master and Margarita,ru,Мастер и Маргарита,5.9784,2024-01-25,6.8,165,Available
"[27, 9648, 18]",591273,Fear Street: 1994,en,Fear Street: 1994,6.3941,2021-06-28,6.7,2741,Available
"[53, 27]",890771,The Black Demon,en,The Black Demon,5.1791,2023-04-26,5.889,728,Available
"[28, 12, 53, 35]",230179,Big Game,en,Big Game,5.6746,2014-09-05,5.496,1247,Available
"[36, 53, 10752]",351339,Anthropoid,en,Anthropoid,6.2814,2016-08-12,7.132,1193,Available
"[18, 53]",7735,The Wave,de,Die Welle,6.0517,2008-03-13,7.488,3686,Available
[10749],355849,Silent Monastery,hu,Néma kolostor,6.6044,1941-12-22,9.0,1,Available
[10749],395000,Young Mother 4,ko,젊은 엄마 4,7.0174,2016-04-28,4.458,12,Available
"[16, 12, 35, 10751, 10402]",333667,Rock Dog,en,Rock Dog,6.1332,2016-07-08,6.294,328,Available
[99],339121,Ramón Ayala,en,Ramón Ayala,6.0813,2013-04-05,9.0,1,Available
"[18, 80, 28]",10648,Magnum Force,en,Magnum Force,6.1032,1973-12-13,7.12,1246,Available
"[99, 10770]",1750918,Crag Rescue,en,Crag Rescue,6.883,1974-01-09,0.0,0,Available
"[80, 18]",143667,Rope Hell,ja,縄地獄,6.2147,1978-06-24,5.0,13,Available
"[16, 10751, 12]",13683,Tarzan & Jane,en,Tarzan & Jane,6.7839,2002-06-24,6.024,701,Available
"[35, 18]",44564,The Dilemma,en,The Dilemma,5.7803,2011-01-13,5.355,941,Available
"[18, 10751]",747600,After the Rain,ky,Jamgyrdan Kiin,6.0371,2019-09-26,10.0,1,Available
[35],345922,Fist Fight,en,Fist Fight,6.1836,2017-02-16,6.04,1338,Available
"[28, 80, 53]",26877,Naked Killer,cn,赤裸羔羊,6.0676,1992-12-03,6.047,96,Available
"[18, 10749]",1059128,Queer,en,Queer,5.9076,2024-11-27,6.5,565,Available
"[14, 18, 53]",23488,Dorian Gray,en,Dorian Gray,6.3596,2009-09-09,6.046,2273,Available
[28],178,Blown Away,en,Blown Away,6.5796,1994-07-01,6.216,646,Available
"[878, 53, 27, 80]",1340110,Redux Redux,en,Redux Redux,5.7905,2025-12-28,6.674,224,Available
[10749],1240815,The Pubs,ko,그 술집의 사정 : 무삭제,6.077,2021-08-27,4.0,1,Available
[18],609819,Division Ave,en,Division Ave,5.897,2019-03-14,5.5,4,Available
[35],263132,Naked Ambition 3D,cn,3D 豪情,5.9014,2014-03-25,5.06,50,Available
"[12, 28, 35, 10749]",10303,The Jewel of the Nile,en,The Jewel of the Nile,5.4711,1985-08-01,6.211,1325,Available
[18],480672,Nome Provisório,pt,Nome Provisório,6.2436,2017-10-11,0.0,0,Available
"[878, 18]",970947,The Shrouds,en,The Shrouds,6.235,2025-04-03,5.825,265,Available
"[12, 16, 10751, 878]",50321,Mars Needs Moms,en,Mars Needs Moms,6.2342,2011-03-09,5.99,809,Available
"[28, 18]",10477,Driven,en,Driven,6.2337,2001-04-27,5.2,853,Available
[10749],1233728,Seven-day Swapping,ko,7일간의 스와핑,6.2329,2023-05-23,0.0,0,Available
"[53, 80, 18]",1630433,The Red Line,th,เส้นตาย สายลวง,6.232,2026-03-22,6.87,77,Available
"[18, 10749, 10752]",22971,Dear John,en,Dear John,6.2316,2010-02-04,6.8,4337,Available
"[35, 10749]",1181678,¿Quieres ser mi hijo?,en,¿Quieres ser mi hijo?,6.2311,2023-09-21,8.447,370,Available
[35],469887,Kinólatras,pt,Kinólatras,6.2303,2012-01-01,10.0,1,Available
"[28, 80, 878, 53]",605116,Project Power,en,Project Power,6.2297,2020-08-14,6.424,3140,Available
"[14, 53]",560751,Potential Victim,es,Víctima potencial,6.2287,2018-11-29,2.0,2,Available
"[28, 53, 80]",1027073,In the Land of Saints and Sinners,en,In the Land of Saints and Sinners,6.2285,2023-10-06,6.436,644,Available
"[35, 80, 27]",39857,The Untold Story,cn,八仙飯店之人肉叉燒包,6.228,1993-05-13,6.3,150,Available
"[28, 80, 53]",574060,Gunpowder Milkshake,en,Gunpowder Milkshake,6.2269,2021-07-14,6.261,1204,Available
"[35, 80]",10141,Dirty Rotten Scoundrels,en,Dirty Rotten Scoundrels,6.2264,1988-12-14,7.094,1082,Available
"[10749, 18]",1650804,Dear Amelia,en,Dear Amelia,6.2262,2026-03-21,0.0,0,Available
"[35, 12, 18]",760040,Martin & Margot,en,Martin & Margot,6.2256,2019-12-05,5.5,2,Available
"[28, 878, 12]",1523140,Man of Tomorrow,en,Man of Tomorrow,6.2254,2027-07-07,0.0,0,Available
"[16, 14, 9648, 878]",15916,Angel's Egg,ja,天使のたまご,6.2248,1985-12-22,7.7,609,Available
"[10751, 35]",60307,Diary of a Wimpy Kid: Rodrick Rules,en,Diary of a Wimpy Kid: Rodrick Rules,6.2241,2011-03-25,6.7,1290,Available
"[28, 12, 14, 10751]",454294,The Kid Who Would Be King,en,The Kid Who Would Be King,6.2234,2019-01-16,6.199,862,Available
[35],190452,Pepito Piscinas,es,Pepito Piscinas,6.2225,1978-04-22,6.0,5,Available
"[878, 12, 9648]",2067,Mission to Mars,en,Mission to Mars,6.222,2000-03-10,6.038,1644,Available
[18],404190,Nightmare Fever,de,Albtraumfieber,6.2205,2011-10-09,0.0,0,Available
"[16, 878, 28]",257346,Avengers Confidential: Black Widow & Punisher,ja,アベンジャーズ コンフィデンシャル：ブラック・ウィドウ ＆ パニッシャー,6.2195,2014-04-19,6.375,300,Available
[18],16219,Gladiator,en,Gladiator,6.2194,1992-03-06,7.636,420,Available
"[28, 35, 80]",23742,Cop Out,en,Cop Out,6.2191,2010-02-26,5.551,1678,Available
"[35, 878, 12, 10402]",501979,Bill & Ted Face the Music,en,Bill & Ted Face the Music,6.217,2020-08-27,5.883,1121,Available
"[28, 53, 10752, 18]",1880,Red Dawn,en,Red Dawn,6.217,1984-08-10,6.286,918,Available
[35],64807,Grudge Match,en,Grudge Match,6.2169,2013-12-25,6.104,1398,Available
"[18, 53]",391617,Kóblic,es,Kóblic,6.2167,2016-04-14,6.018,82,Available
"[53, 9648, 12]",12403,A Perfect Getaway,en,A Perfect Getaway,6.2165,2009-06-08,6.335,1472,Available
"[53, 28, 80, 18]",102362,Dead Man Down,en,Dead Man Down,6.2163,2013-03-08,6.168,1598,Available
"[28, 53, 10752]",75674,Act of Valor,en,Act of Valor,6.2163,2012-02-24,6.558,1292,Available
"[18, 10749]",86837,Amour,fr,Amour,6.2151,2012-09-20,7.751,1817,Available
[99],448312,Másik Magyarország,hu,Másik Magyarország,6.2144,2013-11-07,7.0,3,Available
"[10749, 28]",698779,Room Salon College Girls 3,ko,룸싸롱 여대생들 3,6.2141,2020-04-17,4.9,7,Available
"[80, 18, 53]",398181,You Were Never Really Here,en,You Were Never Really Here,6.2127,2017-11-08,6.542,3115,Available
"[18, 53, 9648]",2440,Joint Security Area,ko,공동경비구역 JSA,6.2123,2000-09-09,7.832,873,Available
[],934763,Molester Diary: A Man Who Kept Stroking Ass 4,ja,尻を撫でまわしつづけた男 痴漢日記4,6.2119,1996-01-01,6.0,1,Available
"[80, 18, 36]",9040,Serpico,en,Serpico,6.5646,1973-12-18,7.527,2256,Available
"[53, 80, 37]",596161,Let Him Go,en,Let Him Go,6.3662,2020-11-05,6.825,853,Available
"[12, 10751, 14]",11359,The Indian in the Cupboard,en,The Indian in the Cupboard,6.2103,1995-07-14,6.487,712,Available
"[18, 10749]",1503762,Sense and Sensibility,en,Sense and Sensibility,6.2096,2026-09-23,0.0,0,Available
"[28, 53, 80]",45610,Machine Gun Preacher,en,Machine Gun Preacher,6.426,2011-09-23,6.718,1163,Available
"[10749, 35]",12090,Just Married,en,Just Married,5.7064,2003-01-08,5.768,1491,Available
"[12, 878, 10751, 14]",407451,A Wrinkle in Time,en,A Wrinkle in Time,6.1859,2018-03-08,5.044,1886,Available
[10402],1192548,Hannah Waddingham: Home for Christmas,en,Hannah Waddingham: Home for Christmas,6.2266,2023-11-21,6.119,21,Available
"[14, 28, 12, 878]",8010,Highlander II: The Quickening,en,Highlander II: The Quickening,5.4867,1991-01-13,4.685,993,Available
"[28, 80, 53]",449992,The Night Comes For Us,id,The Night Comes For Us,5.6799,2018-10-05,6.934,848,Available
[27],476299,Ghostland,en,Ghostland,5.7005,2018-03-14,7.398,2734,Available
"[53, 18]",1097311,Echo Valley,en,Echo Valley,5.7902,2025-06-13,6.458,415,Available
"[16, 10751, 28, 12, 14]",1147411,"Miraculous World: Tokyo, Stellar Force",fr,"Miraculous World : Tokyo, Stellar Force",5.6471,2025-12-07,8.5,64,Available
"[28, 80, 53]",938008,The Killer,ko,더 킬러: 죽어도 되는 아이,6.2084,2022-07-13,7.63,435,Available
"[10751, 35]",10172,Are We Done Yet?,en,Are We Done Yet?,6.2349,2007-04-04,5.843,700,Available
"[12, 16, 35, 10751]",83201,Puss in Boots: The Three Diablos,en,Puss in Boots: The Three Diablos,5.9618,2012-02-07,6.5,535,Available
"[36, 10751, 18]",501907,A Beautiful Day in the Neighborhood,en,A Beautiful Day in the Neighborhood,5.7501,2019-09-07,6.959,1804,Available
"[18, 9648, 878, 53, 14]",9667,The Jacket,en,The Jacket,6.5613,2005-03-04,6.864,1765,Available
"[80, 18, 53]",842942,Bandit,en,Bandit,5.3885,2022-09-23,6.277,443,Available
[27],10906,Pet Sematary II,en,Pet Sematary II,6.0378,1992-08-28,5.481,617,Available
"[18, 53, 80, 36]",4169,Breach,en,Breach,5.6504,2007-02-12,6.635,691,Available
"[28, 12]",262359,Interception,ru,Перехват,6.0377,1986-06-06,4.545,11,Available
"[28, 27, 878]",10016,Ghosts of Mars,en,Ghosts of Mars,6.247,2001-08-14,5.163,1282,Available
[],1130760,Jungle Fever,pt,Itsuni Ügüno,8.1855,,0.0,0,Unknown
"[53, 80]",680071,Vanishing,ko,Vanishing,4.474,2022-03-30,6.565,69,Available
[18],401246,The Square,sv,The Square,5.5257,2017-08-25,6.744,1780,Available
"[80, 53, 28]",435601,V.I.P.,ko,브이아이피,5.8939,2017-08-23,7.698,232,Available
"[878, 12, 28]",9922,The Postman,en,The Postman,5.7096,1997-12-25,6.266,1234,Available
"[28, 12, 35, 10751]",332,Inspector Gadget,en,Inspector Gadget,6.0598,1999-07-23,4.528,1361,Available
"[53, 80, 27, 9648]",800815,The Pale Blue Eye,en,The Pale Blue Eye,5.9425,2022-12-22,6.786,2265,Available
[],436905,Abduction,es,Abducción,6.6615,2016-05-23,2.0,1,Available
"[80, 28, 9648, 53]",11412,The Long Kiss Goodnight,en,The Long Kiss Goodnight,7.2435,1996-10-11,6.583,1389,Available
"[18, 10749]",247749,Apple in the River,lv,Ābols upē,7.0158,1974-01-03,5.5,6,Available
"[35, 878]",86828,Absolutely Anything,en,Absolutely Anything,5.8878,2015-02-13,5.914,1683,Available
[18],222761,Tropic of Desire,en,Tropic of Desire,6.8498,1979-06-15,6.4,4,Available
[18],705,All About Eve,en,All About Eve,5.6912,1950-11-09,8.074,1753,Available
[],1076690,Cold Solutions,de,Cold Solutions,7.9767,2022-06-08,0.0,0,Available
[99],782622,The Dream Spring,lv,Sapņu pavasaris,6.3475,2020-01-11,0.0,0,Available
[],332889,The Compromise,ar,La Compromission,6.2858,1986-01-02,0.0,0,Available
"[18, 53, 80]",379,Miller's Crossing,en,Miller's Crossing,5.5688,1990-09-21,7.444,1903,Available
[],274466,José Luis,en,José Luis,7.2043,1966-01-01,5.0,1,Available
[],1698233,Kingdom: The Stage,ja,舞台『キングダム』,3.7457,2023-02-27,0.0,0,Available
"[10751, 16]",14813,Mickey's Christmas Carol,en,Mickey's Christmas Carol,6.1032,1983-10-19,7.7,1003,Available
"[18, 28, 35]",11712,Sanjuro,ja,椿三十郎,5.4609,1962-01-01,7.928,745,Available
"[16, 18]",699115,WAVE!! Surfing Yappe!! - Chapter 1,ja,WAVE!!～サーフィンやっぺ!!～,5.1878,2020-10-02,0.0,0,Available
"[878, 53]",476926,The Titan,en,The Titan,5.8276,2018-03-30,5.329,1361,Available
"[10402, 18]",837390,The Well,pt,O Poço,6.5761,2019-11-19,0.0,0,Available
[35],8386,How High,en,How High,5.7407,2001-12-21,6.378,1089,Available
"[53, 80, 9648]",798362,The Marsh King's Daughter,en,The Marsh King's Daughter,5.5204,2023-09-28,6.407,420,Available
[],1123550,Fragments,pt,Pedaços,6.4342,2014-10-27,0.0,0,Available
[10749],713607,Mom's Friend 2020,ko,엄마친구 2020,5.7979,2020-06-05,2.5,2,Available
"[10752, 36, 18]",11165,Tora! Tora! Tora!,en,Tora! Tora! Tora!,6.1705,1970-01-26,7.181,622,Available
"[878, 28, 14, 12]",601796,Alienoid,ko,외계+인 1부,6.1983,2022-07-20,6.922,594,Available
"[18, 53]",4946,The Swimming Pool,fr,La Piscine,6.0079,1969-01-31,6.973,579,Available
"[28, 18, 80, 53]",1128650,The Prosecutor,cn,誤判,6.0216,2024-12-08,7.078,237,Available
"[35, 18, 10749, 14, 12]",347031,Swiss Army Man,en,Swiss Army Man,5.7707,2016-06-24,6.911,3904,Available
[18],10316,The Ides of March,en,The Ides of March,6.1324,2011-10-07,6.676,2794,Available
"[12, 16, 35, 10751]",1273,TMNT,en,TMNT,5.6726,2007-03-23,6.206,1267,Available
"[28, 35, 27, 53]",8869,Eight Legged Freaks,en,Eight Legged Freaks,5.4016,2002-07-17,5.808,1386,Available
"[27, 53]",338947,Hellraiser,en,Hellraiser,5.8097,2022-09-28,6.217,1092,Available
"[27, 9648, 53]",28355,Case 39,en,Case 39,6.0299,2009-08-13,6.317,2429,Available
"[28, 53]",1367575,A Line of Fire,en,A Line of Fire,5.9297,2025-04-05,5.776,85,Available
"[35, 28]",10074,Hot Rod,en,Hot Rod,6.1494,2007-08-03,6.405,1137,Available
"[27, 35]",10776,Little Shop of Horrors,en,Little Shop of Horrors,6.3096,1986-12-19,6.988,1692,Available
[27],9793,The Hills Have Eyes 2,en,The Hills Have Eyes 2,6.6651,2007-03-22,5.582,1668,Available
"[878, 28, 53, 18]",467824,Illang: The Wolf Brigade,ko,인랑,5.5414,2018-07-25,6.277,336,Available
"[35, 10749]",259694,How to Be Single,en,How to Be Single,6.1879,2016-02-08,6.257,3396,Available
"[18, 10749]",446696,Life Itself,en,Life Itself,5.8578,2018-09-21,7.176,647,Available
"[53, 18]",1537,Changing Lanes,en,Changing Lanes,6.0168,2002-04-07,6.286,1255,Available
"[28, 35, 53, 80]",47423,Once a Thief,cn,縱橫四海,7.5588,1991-02-02,6.847,186,Available
[],511934,The Century,en,O Século,6.1909,2011-01-01,0.0,0,Available
[],981126,Bird Empire,en,Bird Empire,6.7356,2022-05-28,0.0,0,Available
"[18, 10752]",86493,She Devils of the SS,de,Eine Armee Gretchen,5.8354,1973-08-23,5.046,97,Available
"[99, 35]",831425,Flight of the Conchords: On Air,en,Flight of the Conchords: On Air,4.1349,2009-02-14,8.5,2,Available
"[10749, 18]",1495694,Beauty from Pain,en,Beauty from Pain,6.515,2025-12-18,7.025,20,Available
"[35, 18]",1305715,Unexpected Family,zh,过家家,5.8793,2026-01-01,7.966,44,Available
"[10751, 35, 12, 16, 878]",422803,A Shaun the Sheep Movie: Farmageddon,en,A Shaun the Sheep Movie: Farmageddon,6.1719,2019-09-26,6.894,607,Available
"[14, 35, 18]",9647,Scrooged,en,Scrooged,5.5228,1988-11-22,6.8,1749,Available
"[53, 9648]",29917,Exam,en,Exam,5.5984,2009-06-19,6.676,2364,Available
[18],637920,Miracle in Cell No. 7,tr,7. Koğuştaki Mucize,6.3456,2019-10-10,8.251,4596,Available
"[18, 16]",1255357,A l'Aube d'un Renouveau,fr,À l'aube d'un renouveau,8.6897,2023-08-24,0.0,0,Available
"[18, 10749]",281350,Impossible Love,de,Unmögliche Liebe,7.3916,1932-12-23,9.0,2,Available
"[28, 35, 80, 9648]",1374534,Almost Cops,nl,Bad Boa's,5.6561,2025-07-10,5.896,183,Available
[35],79279,The Dream Factory,zh,甲方乙方,4.5775,1997-02-01,7.133,64,Available
"[35, 27, 14]",12110,Dracula: Dead and Loving It,en,Dracula: Dead and Loving It,5.9726,1995-12-22,6.068,1141,Available
"[28, 35, 80]",567646,Extreme Job,ko,극한직업,5.592,2019-01-23,7.174,368,Available
"[35, 18]",579583,The King of Staten Island,en,The King of Staten Island,5.575,2020-07-22,6.978,1168,Available
"[28, 12, 16, 35, 10751, 878]",12610,Osmosis Jones,en,Osmosis Jones,5.8093,2001-08-10,6.499,1111,Available
[18],235037,On the field of blood. Aceldama,uk,На полі крові. Aceldama,7.0285,2001-04-18,0.0,0,Available
"[80, 18, 53]",9407,Red Corner,en,Red Corner,6.0936,1997-10-30,6.34,418,Available
[99],883688,Mãe Fátima,pt,Mãe Fátima,6.5811,2009-10-17,0.0,0,Available
"[28, 12, 35, 10751, 14, 878]",1499,Teenage Mutant Ninja Turtles III,en,Teenage Mutant Ninja Turtles III,6.4374,1993-03-17,5.513,937,Available
"[10749, 9648, 53]",2124,Color of Night,en,Color of Night,5.8857,1994-08-19,5.766,649,Available
"[18, 10402]",1629063,Downbeat,en,Downbeat,6.1532,2026-03-13,5.5,2,Available
[35],146239,Delivery Man,en,Delivery Man,6.1943,2013-10-10,6.252,1615,Available
"[99, 10402]",1616267,The Man with the Big Hat,en,The Man with the Big Hat,7.2901,2026-03-14,0.0,0,Available
"[27, 18]",889580,Whisper of the Dead,id,Bisikan Jenazah,6.3647,2021-11-04,1.0,2,Available
"[37, 18, 53]",14168,3:10 to Yuma,en,3:10 to Yuma,5.5974,1957-08-07,7.285,434,Available
[18],522459,Alter Ego,en,Alter Ego,7.5823,2017-07-07,0.0,0,Available
[18],253416,The Defenceless,no,De vergeløse,5.9962,1939-09-28,6.667,3,Available
"[80, 53, 9648, 18]",10354,True Crime,en,True Crime,5.6048,1999-03-19,6.518,882,Available
"[27, 53, 28]",341006,The Belko Experiment,en,The Belko Experiment,5.7687,2017-03-17,6.176,1716,Available
[35],454293,Night School,en,Night School,5.9673,2018-09-27,6.116,1790,Available
[99],663917,Purple Sea,ar,Das Purpurmeer,6.1868,2021-09-09,5.75,4,Available
"[18, 35]",239678,This Is Where I Leave You,en,This Is Where I Leave You,5.5447,2014-09-10,6.642,1531,Available
"[12, 878]",10249,The Rocketeer,en,The Rocketeer,5.7736,1991-06-21,6.486,1082,Available
"[53, 27, 35]",80794,Daughter of Darkness,zh,滅門慘案之孽殺,6.174,1993-10-28,5.483,29,Available
"[18, 35]",252373,The Last,es,La última,7.7803,1937-01-24,5.75,4,Available
"[18, 10749]",9044,Tristan & Isolde,en,Tristan & Isolde,5.9337,2006-04-07,6.688,867,Available
[27],242512,Ouija,en,Ouija,5.5205,2014-10-24,5.14,2815,Available
"[10749, 35, 18]",1307078,My Oxford Year,en,My Oxford Year,5.8544,2025-07-31,7.013,639,Available
[35],11064,Brewster's Millions,en,Brewster's Millions,5.226,1985-05-22,6.58,694,Available
"[28, 27]",1001311,Under Paris,fr,Sous la Seine,6.1786,2024-06-04,5.923,1452,Available
"[80, 18, 35]",85889,Filth,en,Filth,6.1396,2013-09-27,6.826,1966,Available
"[18, 10749]",357547,Tenderness,de,Zärtlichkeiten,5.7258,1985-05-17,0.0,0,Available
[53],1406259,Thin Walls,sv,Tunna väggar,6.3695,2024-10-03,0.0,0,Available
"[28, 35]",1316427,7 Dogs,ar,7 كلاب,6.3544,2026-05-27,6.1,13,Available
"[28, 18, 36]",2669,The Bounty,en,The Bounty,5.4306,1984-05-04,6.758,668,Available
"[28, 80, 53, 18]",18857,Crime Story,cn,重案組,6.1327,1993-06-24,6.767,215,Available
"[14, 28, 12]",736526,Troll,no,Troll,6.1322,2022-11-30,6.557,2088,Available
[18],21966,Blood and Bones,ja,血と骨,6.1313,2004-11-06,6.605,57,Available
"[28, 53]",931642,Lights Out,en,Lights Out,6.1311,2024-02-16,7.034,161,Available
"[53, 18, 10749]",114168,Perras,es,Perras,6.1287,2011-03-04,7.3,317,Available
"[28, 12, 10752]",948713,The Last Kingdom: Seven Kings Must Die,en,The Last Kingdom: Seven Kings Must Die,6.1286,2023-04-14,7.233,881,Available
[16],580468,Little Hero,en,Little Hero,6.1266,2018-12-31,5.3,3,Available
"[27, 53]",517116,Haunt,en,Haunt,6.1265,2019-09-13,6.669,1411,Available
"[80, 53]",3432,Mr. Brooks,en,Mr. Brooks,6.1256,2007-05-31,6.923,1938,Available
[18],1058694,Radical,es,Radical,6.1247,2023-10-19,8.334,513,Available
[18],286636,Peacetime,hu,Békeidő,6.1241,1980-08-13,6.0,2,Available
"[18, 10749]",5038,Vicky Cristina Barcelona,en,Vicky Cristina Barcelona,6.1239,2008-08-15,6.8,4114,Available
"[28, 12, 80, 35]",270774,Skiptrace,en,Skiptrace,6.1234,2016-07-21,5.763,784,Available
"[18, 80]",457799,"Extremely Wicked, Shockingly Evil and Vile",en,"Extremely Wicked, Shockingly Evil and Vile",6.1232,2019-05-02,6.997,3595,Available
[35],286619,Fig-Leaf,hu,Fügefalevél,6.1224,1966-08-12,7.5,2,Available
"[18, 10402]",1390154,Beef,es,Ruido,6.1217,2025-11-28,6.6,8,Available
"[80, 35, 28]",38322,"Big Mommas: Like Father, Like Son",en,"Big Mommas: Like Father, Like Son",6.1214,2011-02-16,5.542,1321,Available
"[37, 14, 53]",20533,Jonah Hex,en,Jonah Hex,6.1214,2010-06-18,4.979,1585,Available
"[27, 53]",1306525,The Elixir,id,Abadi Nan Jaya,6.1205,2025-10-22,5.951,223,Available
"[28, 53]",291276,Unlocked,en,Unlocked,6.1201,2017-04-27,6.268,1230,Available
"[18, 80]",11327,Midnight Express,en,Midnight Express,6.2276,1978-08-31,7.44,1941,Available
"[18, 878, 9648]",2103,Solaris,en,Solaris,5.6281,2002-11-27,5.955,1514,Available
"[10752, 18, 10749]",332270,Battle for Sevastopol,ru,Битва за Севастополь,5.6198,2015-04-02,7.269,511,Available
"[14, 18, 10751]",40205,16 Wishes,en,16 Wishes,5.5378,2010-10-02,6.319,1381,Available
"[35, 12, 28]",2294,Jay and Silent Bob Strike Back,en,Jay and Silent Bob Strike Back,5.9406,2001-08-22,6.439,1796,Available
[18],1219620,All That's Left of You,ar,اللي باقي منك,6.3945,2025-09-25,7.936,78,Available
[35],521777,Good Boys,en,Good Boys,5.9953,2019-08-14,6.829,2062,Available
"[18, 14]",578394,Normality,no,Normaliteten,6.0202,2014-01-01,8.0,1,Available
"[14, 28, 878]",455476,Knights of the Zodiac,en,Knights of the Zodiac,5.8883,2023-04-27,6.3,1330,Available
"[35, 80, 18]",1295400,The Last Viking,da,Den sidste viking,6.0427,2025-10-09,7.263,232,Available
[18],408978,Number Eighty,es,El ochenta,6.7256,2016-03-04,0.0,0,Available
"[27, 35]",852096,We Have a Ghost,en,We Have a Ghost,5.7192,2023-02-24,6.429,713,Available
"[28, 53, 12, 18]",421658,Final Score,en,Final Score,6.4613,2018-09-07,6.094,582,Available
"[35, 10749]",977163,Love Battle vs Bullfighting,th,มนต์รักวัวชน,6.0453,2022-06-29,3.7,3,Available
"[28, 12, 35, 53]",8427,I Spy,en,I Spy,5.7766,2002-10-31,5.437,1078,Available
"[27, 14]",653,Nosferatu,de,"Nosferatu, eine Symphonie des Grauens",6.1772,1922-02-16,7.7,2523,Available
[35],263308,Whoops,hu,Hoppá,6.5319,1993-02-12,7.0,2,Available
"[28, 80]",10027,Unleashed,en,Unleashed,5.1793,2005-02-02,6.947,2255,Available
"[16, 10751, 14]",1186957,The Velveteen Rabbit,en,The Velveteen Rabbit,5.4858,2023-11-21,6.87,77,Available
"[99, 16]",836919,"Who Are You, Charlie Brown?",en,"Who Are You, Charlie Brown?",5.3582,2021-06-24,6.886,44,Available
"[16, 28, 80, 9648]",1047041,Detective Conan: Black Iron Submarine,ja,名探偵コナン 黒鉄の魚影（サブマリン）,5.577,2023-04-14,7.0,147,Available
"[27, 35, 18]",32629,A Chinese Torture Chamber Story,cn,滿清十大酷刑,6.3007,1994-05-19,5.7,73,Available
[10751],1729163,Shared Times,es,Tiempos Compartidos,8.6331,2018-11-23,0.0,0,Available
[10749],1137047,West Sex Journey 2,zh,咸湿西游记之猪八戒淫闹女儿国,5.9588,1998-06-16,5.6,17,Available
[27],14254,The Uninvited,en,The Uninvited,5.7072,2009-01-30,6.474,1670,Available
[18],5156,Bicycle Thieves,it,Ladri di biciclette,6.0751,1948-07-21,8.163,2740,Available
[],1519320,AEW All In: London,en,AEW All In: London,6.2063,2026-08-30,9.2,8,Available
"[28, 53, 80, 9648]",94348,Alex Cross,en,Alex Cross,5.8069,2012-10-18,5.134,787,Available
"[18, 80, 10749]",269,Breathless,fr,À bout de souffle,5.8086,1960-03-16,7.5,2084,Available
"[28, 53, 80]",460846,Security,en,Security,5.881,2017-03-04,6.324,975,Available
"[10749, 12, 35]",276118,Cyclists in Love,hu,Szerelmes biciklisták,6.6368,1965-06-11,7.0,2,Available
"[12, 28, 16, 35, 14]",347201,Boruto: Naruto the Movie,ja,BORUTO -NARUTO THE MOVIE-,5.9528,2015-08-07,7.463,1671,Available
"[10749, 35, 18]",1254786,The Life List,en,The Life List,6.19,2025-03-27,7.0,630,Available
"[36, 18]",1037264,The Disappearance of Josef Mengele,de,La Disparition de Josef Mengele,7.664,2025-10-16,6.606,47,Available
"[28, 53, 878]",19384,Dark Angel,en,Dark Angel,5.7859,1990-01-26,6.157,397,Available
"[35, 18]",621587,Next Goal Wins,en,Next Goal Wins,5.8817,2023-11-16,6.44,612,Available
"[53, 28, 18]",9566,The Fan,en,The Fan,5.9146,1996-08-15,5.99,902,Available
"[28, 35, 18]",9584,Convoy,en,Convoy,5.5491,1978-06-27,6.284,442,Available
"[16, 12, 18]",80079,Tibetan Dog,ja,チベット犬物語 ～金色のドージェ～,6.5631,2011-07-15,6.412,17,Available
"[27, 53, 9648]",1361982,The Room Below,en,The Room Below,4.8436,2026-09-01,3.8,5,Available
"[18, 14, 28]",656908,Ramayana,hi,रामायण,6.0203,2026-11-06,0.0,0,Available
"[18, 35, 10749]",603661,The Hating Game,en,The Hating Game,5.6839,2021-12-09,7.276,1252,Available
[27],11906,Suspiria,it,Suspiria,6.0717,1977-02-01,7.463,3252,Available
"[18, 10749]",257657,Julia,fr,Giulia,4.9664,1999-01-01,3.848,23,Available
"[18, 35, 10749]",37703,Flirting Scholar,zh,唐伯虎點秋香,6.622,1993-07-01,7.5,203,Available
"[35, 18, 10749, 10402]",80585,Rock of Ages,en,Rock of Ages,5.9076,2012-06-13,6.195,1383,Available
"[35, 16, 10751]",57089,Hoodwinked Too! Hood VS. Evil,en,Hoodwinked Too! Hood VS. Evil,5.4424,2011-04-29,5.172,599,Available
"[28, 53]",14289,Fire Down Below,en,Fire Down Below,5.4688,1997-09-05,5.757,404,Available
"[53, 28, 878]",775996,Outside the Wire,en,Outside the Wire,5.3864,2021-01-15,6.351,1983,Available
"[35, 10749]",343744,Story of My Foolishness,hu,Butaságom története,5.5302,1966-01-20,10.0,1,Available
"[10770, 18]",501624,Girl in the Bunker,en,Girl in the Bunker,5.3126,2018-01-12,7.051,49,Available
"[53, 36, 18, 28]",416144,Hotel Mumbai,en,Hotel Mumbai,6.2249,2019-03-14,7.529,1789,Available
[],401951,Negócio Fechado,es,Negócio Fechado,6.5958,2001-06-13,7.0,1,Available
[53],1015333,The Escort Wife,tl,The Escort Wife,12.2499,2022-09-16,4.643,14,Available
"[10751, 14, 16]",15139,The Pagemaster,en,The Pagemaster,6.0248,1994-11-23,6.403,808,Available
"[27, 9648]",13515,Mirrors,en,Mirrors,5.6565,2008-08-14,6.309,2117,Available
"[18, 10752]",779816,White Bird,en,White Bird,5.6646,2023-10-25,7.8,247,Available
"[35, 10749, 18]",2976,Hairspray,en,Hairspray,5.303,2007-07-19,6.666,2672,Available
"[18, 10749]",447362,Life in a Year,en,Life in a Year,5.7875,2020-11-27,8.224,2003,Available
"[28, 35]",331313,Keeping Up with the Joneses,en,Keeping Up with the Joneses,5.7967,2016-10-20,6.086,2186,Available
"[14, 27, 18, 9648, 10770]",221865,Marked,fi,Yöjuttu: Merkitty,5.6205,1984-09-15,5.056,9,Available
"[28, 80, 53]",1339876,Mardaani 3,hi,मर्दानी 3,6.4031,2026-01-30,7.6,44,Available
"[53, 27]",8461,Funny Games,en,Funny Games,5.8083,2008-03-14,6.545,2333,Available
"[10402, 10751]",1757465,Versailles en fête,fr,Versailles en fête,5.8855,2026-09-05,0.0,0,Available
"[18, 27]",104524,Helter Skelter,ja,ヘルタースケルター,6.0715,2012-07-14,6.7,174,Available
"[35, 10402]",100045,Spanish Round,es,Ronda española,6.3784,1951-12-05,8.0,1,Available
[35],547227,Drama,ml,DRAമാ,5.3081,2018-11-01,4.3,5,Available
"[14, 35]",1567605,Ebenezer,en,Ebenezer,6.131,2026-11-11,0.0,0,Available
"[35, 18, 10402]",1262815,The Choral,en,The Choral,5.8241,2025-11-07,6.483,60,Available
"[28, 80, 35, 9648]",486131,Shaft,en,Shaft,6.0605,2019-06-14,6.528,1916,Available
"[53, 80, 28]",421473,Above Suspicion,en,Above Suspicion,5.771,2019-06-20,5.93,321,Available
"[10749, 35]",1392469,Cocktail 2,hi,कॉकटेल २,6.0301,2026-06-19,5.917,30,Available
"[18, 27, 53]",11655,Cronos,es,Cronos,5.8055,1993-11-05,6.669,794,Available
"[28, 53, 10752]",16113,The Delta Force,en,The Delta Force,5.6599,1986-02-14,5.999,538,Available
"[18, 10749]",387839,Power Diary: Cow Farm Saedaek,ko,전원일기: 젖소농장새댁,5.4962,2015-12-15,7.0,1,Available
"[10752, 18]",10015,Heartbreak Ridge,en,Heartbreak Ridge,5.5315,1986-12-05,6.911,1158,Available
"[35, 18]",1602727,Night King,cn,夜王,5.9937,2026-02-14,6.88,25,Available
"[28, 12, 16, 14, 878]",2114,Final Fantasy: The Spirits Within,en,Final Fantasy: The Spirits Within,5.4062,2001-07-02,6.198,1652,Available
"[28, 80, 18, 53]",10651,The Dead Pool,en,The Dead Pool,5.8076,1988-07-13,6.276,980,Available
"[27, 9648]",424121,Apostle,en,Apostle,5.4856,2018-09-21,6.149,1640,Available
"[18, 878, 53]",228066,Victor Frankenstein,en,Victor Frankenstein,6.1536,2015-11-10,5.955,2321,Available
"[10749, 35]",2642,Two Weeks Notice,en,Two Weeks Notice,6.115,2002-12-19,6.366,2274,Available
"[35, 12, 10751, 14]",527435,The Christmas Chronicles,en,The Christmas Chronicles,5.2329,2018-11-22,7.154,2431,Available
"[53, 9648, 27]",11033,Dressed to Kill,en,Dressed to Kill,5.4706,1980-07-25,6.945,1161,Available
"[27, 878, 9648, 53]",10676,Halloween III: Season of the Witch,en,Halloween III: Season of the Witch,6.0248,1982-10-22,5.236,1580,Available
"[28, 80, 53]",106747,Machete Kills,en,Machete Kills,5.775,2013-09-12,5.62,2092,Available
[99],458772,Death In Hollywood,en,Death In Hollywood,10.0736,1990-10-01,6.8,5,Available
"[18, 53]",1484913,Ikka,hi,Ikka,5.7568,2026-07-10,5.738,21,Available
"[53, 28, 80]",603119,The Silencing,en,The Silencing,5.9831,2020-07-18,6.493,843,Available
"[10749, 18, 10402]",417261,Forever My Girl,en,Forever My Girl,5.7452,2018-01-26,7.631,1420,Available
"[12, 10402]",1280655,VIRGO,en,VIRGO,5.9726,2021-04-14,6.7,7,Available
[35],454513,The Skirtchaser,el,Ο Γυναικάς,3.2426,1957-02-07,4.333,6,Available
"[35, 27, 53]",401561,Mom and Dad,en,Mom and Dad,5.9497,2018-01-19,5.41,1098,Available
"[10751, 18]",43959,Soul Surfer,en,Soul Surfer,5.5298,2011-04-08,7.019,1276,Available
[18],341159,"Cordélia, Cordélia",pt,"Cordélia, Cordélia",5.9038,1971-05-21,10.0,1,Available
"[27, 18]",5336,"Salò, or the 120 Days of Sodom",it,Salò o le 120 giornate di Sodoma,5.7307,1976-01-10,6.335,2360,Available
"[18, 80, 53]",9516,Menace II Society,en,Menace II Society,5.9163,1993-05-26,7.52,946,Available
"[28, 18, 53, 80]",144336,Sabotage,en,Sabotage,6.0401,2014-03-28,5.627,1558,Available
[10749],597528,All Wives Party,en,All Wives Party,5.0266,2004-02-04,3.667,3,Available
[27],393345,Cult of Chucky,en,Cult of Chucky,5.894,2017-10-12,5.9,1437,Available
"[27, 53, 9648]",27324,Pulse,ja,回路,5.5081,2001-02-03,6.706,712,Available
"[10752, 18]",155999,Men in Soldier's Overcoats,et,Inimesed sõdurisinelis,6.3063,1968-07-25,3.857,7,Available
[35],477274,My Travel Buddy,tr,Yol Arkadaşım,5.8636,2017-10-27,6.014,73,Available
"[16, 10751]",13691,Piglet's Big Movie,en,Piglet's Big Movie,5.2001,2003-03-16,6.682,418,Available
"[18, 35]",1688652,Gary,en,Gary,5.7479,2026-05-05,6.524,63,Available
"[10749, 18, 35]",1016121,Beautiful Disaster,en,Beautiful Disaster,5.4333,2023-04-04,6.642,915,Available
"[9648, 80, 53]",1108211,Lost in the Stars,zh,消失的她,5.2966,2023-06-22,6.446,111,Available
"[9648, 80, 53]",419835,Crooked House,en,Crooked House,6.3457,2017-09-06,6.378,1013,Available
"[35, 9648, 80]",426563,Holmes & Watson,en,Holmes & Watson,5.6982,2018-12-25,4.295,954,Available
"[35, 10749]",224598,Simple Agi Ondh Love Story,kn,ಸಿಂಪಲ್ ಆಗ್ ಒಂದ್ Love Story,7.1405,2013-09-28,6.5,9,Available
"[35, 14, 27]",5680,Elvira: Mistress of the Dark,en,Elvira: Mistress of the Dark,6.1823,1988-09-30,6.703,639,Available
"[10749, 878, 18]",365942,The Space Between Us,en,The Space Between Us,6.0364,2017-01-26,7.04,2586,Available
"[53, 36, 18]",393624,Official Secrets,en,Official Secrets,5.7645,2019-08-30,7.226,1150,Available
"[80, 18, 28]",524659,Crown Vic,en,Crown Vic,5.709,2019-11-01,6.186,227,Available
"[35, 10751]",11011,Ri¢hie Ri¢h,en,Ri¢hie Ri¢h,6.0768,1994-12-19,6.0,2476,Available
"[28, 12, 35]",9838,King Solomon's Mines,en,King Solomon's Mines,5.295,1985-11-22,5.436,488,Available
"[18, 53, 27, 80]",782007,Another XX: Fanatic Love,ja,Another XX ダブルエックス 狂愛,4.6976,1998-01-09,5.5,2,Available
"[12, 18, 10752]",10911,The Guns of Navarone,en,The Guns of Navarone,5.5687,1961-04-27,7.3,906,Available
[],1021337,Ready Cash,en,Ready Cash,6.1917,2023-01-01,0.0,0,Available
"[18, 9648, 53]",18190,Dream Lover,en,Dream Lover,7.0324,1994-05-06,6.788,156,Available
"[53, 80, 28]",11258,Hard Rain,en,Hard Rain,5.748,1998-01-16,5.874,825,Available
[99],397099,A tartótiszt,hu,A tartótiszt,5.6069,2013-04-22,0.0,0,Available
[99],666380,Tropicaltrance,pt,Transetropical,6.5151,2021-03-16,0.0,0,Available
[18],1627796,Pansamantala,tl,Pansamantala,6.2489,2026-02-13,6.5,4,Available
"[18, 10749]",552643,My Wife's Lover 2,ko,아내의 애인2,5.0526,2018-06-14,4.5,2,Available
[18],763893,Three Blades,ht,Trois machettes,5.8036,2019-01-24,5.0,1,Available
[],900536,ONE NINE,en,ONE NINE,5.9048,2021-11-14,0.0,0,Available
"[16, 10751]",15016,Barbie of Swan Lake,en,Barbie of Swan Lake,6.1977,2003-09-27,7.042,1157,Available
[16],500561,Wanda,no,Wanda,6.4911,2018-01-01,0.0,0,Available
[28],128607,Sacred Heart,en,Sagrado Corazón,6.2811,2007-01-01,5.0,1,Available
"[18, 28, 53]",459910,Braven,en,Braven,5.8192,2018-02-01,6.187,1129,Available
"[27, 18, 80]",117144,The Trap,it,La Gabbia,5.2082,1985-09-11,4.2,15,Available
[27],8852,Prince of Darkness,en,Prince of Darkness,5.4548,1987-10-23,6.768,1190,Available
[18],103731,Mud,en,Mud,5.8035,2013-04-26,7.06,3138,Available
"[35, 27]",728949,Nightbitch,en,Nightbitch,5.5837,2024-12-06,5.7,402,Available
[53],524247,The Intruder,en,The Intruder,5.3501,2019-05-03,6.051,634,Available
"[28, 80]",894169,Vendetta,en,Vendetta,6.9657,2022-05-17,6.09,351,Available
[28],704673,Trigger Warning,en,Trigger Warning,6.1819,2024-06-20,5.653,597,Available
[],411742,Esküvőtől válóperig,hu,Esküvőtől válóperig,6.051,,0.0,0,Unknown
"[18, 10749]",1380898,Double Exposure,ko,이중노출,6.0501,2024-06-07,6.667,6,Available
"[28, 53, 18]",70435,Haywire,en,Haywire,6.0501,2011-11-01,5.706,1523,Available
[28],17809,Fist of Legend,zh,精武英雄,6.0501,1994-12-22,7.465,635,Available
"[16, 10751, 28, 12, 14]",1147400,"Miraculous World: Paris, Tales of Shadybug and Claw Noir",fr,"Miraculous World : Paris, Les Aventures de Toxinelle et Griffe Noire",6.0499,2024-02-11,7.3,548,Available
"[35, 10749]",218746,Young Mother,ko,젊은 엄마,6.0488,2013-07-31,4.975,20,Available
"[10751, 16, 35, 12]",9385,The Twelve Tasks of Asterix,fr,Les 12 travaux d'Astérix,6.0473,1976-06-26,7.345,1382,Available
[18],321741,Concussion,en,Concussion,6.0467,2015-11-12,7.078,2768,Available
"[16, 10751, 35]",406785,Inner Workings,en,Inner Workings,6.0462,2016-11-23,7.828,311,Available
[18],862968,Pain Hustlers,en,Pain Hustlers,6.0452,2023-10-20,6.635,820,Available
"[28, 35]",51533,Let the Bullets Fly,zh,让子弹飞,6.045,2010-12-20,7.8,360,Available
"[10752, 99, 36]",1251636,The Bloody Hundredth,en,The Bloody Hundredth,6.0448,2024-03-14,7.226,53,Available
"[16, 10751, 35, 10749]",12448,The Hunchback of Notre Dame II,en,The Hunchback of Notre Dame II,6.0445,2002-02-06,5.376,862,Available
[35],958968,Lovers Leap,en,Lovers Leap,6.0438,2022-06-23,0.0,0,Available
"[878, 28, 18, 53]",1490436,Cool Down,de,Cool Down,6.0424,,0.0,0,Unknown
"[10749, 35, 10402]",615904,Marry Me,en,Marry Me,6.0419,2022-02-09,6.6,1126,Available
"[28, 53, 878]",12088,Fortress,en,Fortress,6.0418,1992-12-18,6.088,760,Available
"[10751, 14, 16, 12]",13225,FernGully: The Last Rainforest,en,FernGully: The Last Rainforest,6.0416,1992-04-10,6.404,658,Available
"[18, 53, 9648]",1440619,Aed (Garden),et,Aed (Garden),6.0413,,0.0,0,Unknown
[35],257200,The Conquerors,fr,Les conquérants,6.9573,2013-09-25,4.8,7,Available
[99],1257741,Beyond December 6,fr,Au-delà du 6 décembre,5.5106,1991-05-01,0.0,0,Available
[99],36088,The Flicker,es,El Destello,6.9248,2011-01-01,0.0,0,Available
"[53, 80, 28]",262338,Good People,en,Good People,5.1914,2014-08-12,5.5,498,Available
[35],40224,Nuit d'ivresse,fr,Nuit d'ivresse,4.4515,1986-09-23,6.042,107,Available
"[878, 12, 28, 35, 10751]",1497,Teenage Mutant Ninja Turtles II: The Secret of the Ooze,en,Teenage Mutant Ninja Turtles II: The Secret of the Ooze,5.5749,1991-03-22,6.235,1283,Available
"[28, 35, 878]",59678,Attack the Block,en,Attack the Block,5.6956,2011-05-11,6.464,2344,Available
"[28, 12, 14, 878, 53]",14164,Dragonball Evolution,en,Dragonball Evolution,5.4317,2009-03-12,2.939,2259,Available
"[16, 28, 878, 18, 14]",39323,Dragon Ball Z: Bardock - The Father of Goku,ja,ドラゴンボールZ たったひとりの最終決戦〜フリーザに挑んだZ戦士 孫悟空の父〜,5.9739,1990-10-17,7.606,790,Available
"[14, 18, 10749]",109491,Beautiful Creatures,en,Beautiful Creatures,6.0248,2013-02-13,6.047,2970,Available
"[28, 35, 53, 10749]",9434,Grosse Pointe Blank,en,Grosse Pointe Blank,5.4404,1997-04-11,6.961,1068,Available
[27],1242937,The Dreadful,en,The Dreadful,7.4214,2026-02-20,6.0,81,Available
"[10749, 18]",461846,Erotic Sister,ko,야한누나들,5.8359,2016-01-01,5.6,9,Available
"[35, 10749]",11520,Grumpy Old Men,en,Grumpy Old Men,5.2245,1993-12-25,6.68,777,Available
"[27, 878, 53]",1062215,Afraid,en,Afraid,5.5086,2024-08-28,5.885,542,Available
"[10751, 12, 35, 10749]",11637,Are We There Yet?,en,Are We There Yet?,5.3338,2005-01-20,5.733,1084,Available
"[18, 10752]",17360,Escape to Victory,en,Escape to Victory,5.805,1981-06-17,6.882,1036,Available
"[18, 9648, 53, 10749]",13944,Passengers,en,Passengers,5.7001,2008-09-26,6.134,1034,Available
"[28, 27, 53]",1029235,Azrael,en,Azrael,5.8612,2024-09-27,5.849,476,Available
[18],252522,The Happy Life of Debbie,zh,黛比的幸福生活,10.5218,2012-01-26,6.5,1,Available
"[18, 35]",442265,Sacred Fire,fr,Feu sacré,6.9574,1942-11-12,7.0,2,Available
"[35, 80, 18]",9085,Harlem Nights,en,Harlem Nights,6.0474,1989-11-17,6.074,367,Available
"[53, 9648, 80]",488623,Forgotten,ko,기억의 밤,6.0401,2017-11-29,7.881,1390,Available
[18],304357,Woman in Gold,en,Woman in Gold,5.9533,2015-03-20,7.268,1479,Available
"[28, 35, 80]",11384,The Hard Way,en,The Hard Way,5.2518,1991-03-08,6.18,497,Available
"[18, 36, 10752]",8881,Che: Part One,en,Che: Part One,5.8171,2008-09-05,6.803,850,Available
"[35, 18]",40807,50/50,en,50/50,5.1775,2011-09-30,7.2,4250,Available
"[36, 10752, 28]",12246,Mongol: The Rise of Genghis Khan,ru,Монгол,5.9798,2007-09-20,6.794,800,Available
"[16, 28, 18]",1104844,BLUE LOCK THE MOVIE -EPISODE NAGI-,ja,劇場版ブルーロック -EPISODE 凪-,5.7903,2024-04-19,7.596,260,Available
"[18, 10749, 10402]",891584,The History of Sound,en,The History of Sound,5.0635,2025-09-12,6.9,142,Available
"[16, 35, 10751]",295693,The Boss Baby,en,The Boss Baby,6.1017,2017-03-23,6.45,7570,Available
"[53, 18, 36]",1211472,September 5,en,September 5,5.8614,2024-11-07,7.0,601,Available
"[18, 53]",586461,Swallow,en,Swallow,5.0563,2020-01-15,6.561,877,Available
"[35, 10749]",34806,The Back-Up Plan,en,The Back-Up Plan,5.9419,2010-04-23,6.125,1510,Available
"[53, 80, 9648]",1710,Copycat,en,Copycat,5.6839,1995-10-27,6.5,1339,Available
"[53, 80, 18]",605886,To Catch a Killer,en,To Catch a Killer,5.7932,2023-04-06,6.846,1370,Available
"[35, 12]",17610,Year One,en,Year One,5.2207,2009-06-18,4.998,2093,Available
"[18, 36]",532865,The Dig,en,The Dig,5.3091,2021-01-14,6.843,1394,Available
"[27, 53]",1571594,The Photographer,es,La fotógrafa,6.3299,2025-10-30,7.2,5,Available
"[10752, 28, 18]",966220,Sniper: The White Raven,uk,Снайпер. Білий ворон,6.0649,2022-05-03,7.711,944,Available
[18],55269,Night of the Pencils,es,La Noche de los Lápices,6.3386,1986-09-04,7.021,72,Available
"[18, 27, 80]",1696,The Devil's Rejects,en,The Devil's Rejects,5.5304,2005-07-22,6.718,1600,Available
"[12, 18]",13888,Return to the Blue Lagoon,en,Return to the Blue Lagoon,5.5371,1991-08-02,6.169,1266,Available
[99],649668,Santa Liberdade,gl,Santa Liberdade,6.6597,2004-01-22,8.0,1,Available
"[18, 80]",9344,Kids,en,Kids,5.8013,1995-07-21,6.877,1348,Available
"[18, 9648]",10740,Birth,en,Birth,5.7739,2004-10-29,6.062,784,Available
"[35, 18, 10749]",9675,Sideways,en,Sideways,5.6796,2004-10-22,7.1,1962,Available
[35],41222,Bad Joke 3,cs,Kameňák 3,5.554,2005-01-13,2.579,19,Available
"[35, 18, 10749]",8346,My Big Fat Greek Wedding,en,My Big Fat Greek Wedding,5.1726,2002-04-19,6.496,2345,Available
"[28, 53, 80]",11330,Pusher 3,da,Pusher 3,5.8113,2005-08-22,7.172,446,Available
[18],1143643,Entre Silêncios,pt,Entre Silêncios,6.7864,2023-06-29,0.0,0,Available
"[35, 9648, 80]",974250,Greedy People,en,Greedy People,6.5984,2024-08-23,6.305,291,Available
"[18, 28, 35]",25676,Rob-B-Hood,cn,寶貝計劃,6.2476,2006-09-28,7.0,703,Available
[18],11023,Thirteen,en,Thirteen,5.5263,2003-08-20,6.7,1823,Available
"[35, 80]",7229,Ruby & Quentin,fr,Tais-toi !,5.9947,2003-10-22,6.706,928,Available
"[16, 35]",1329336,The Bad Guys: Haunted Heist,en,The Bad Guys: Haunted Heist,5.8129,2024-10-02,6.859,167,Available
"[28, 80, 18, 53]",22907,Takers,en,Takers,5.6125,2010-08-26,6.251,1415,Available
"[28, 35, 80]",281536,All Revved Up,en,OK Garage,7.2771,1998-04-19,5.571,7,Available
[878],746346,Bình,vi,Bình,6.186,2020-10-28,0.0,0,Available
[35],987917,Old Dads,en,Old Dads,5.9145,2023-10-20,6.191,487,Available
"[16, 18, 36]",339877,Loving Vincent,en,Loving Vincent,6.0097,2017-06-22,7.982,2647,Available
"[10749, 35]",272693,The DUFF,en,The DUFF,6.0096,2015-02-20,6.758,4494,Available
"[18, 53]",210479,Locke,en,Locke,6.0096,2014-04-10,6.89,3030,Available
"[878, 28, 12, 53]",157,Star Trek III: The Search for Spock,en,Star Trek III: The Search for Spock,5.9202,1984-06-01,6.586,1575,Available
"[18, 12, 10749]",290512,The Mountain Between Us,en,The Mountain Between Us,6.0081,2017-10-05,6.644,2580,Available
"[10751, 14, 12]",896536,The Legend of Ochi,en,The Legend of Ochi,6.0073,2025-04-18,6.14,343,Available
[99],1634949,Lorne,en,Lorne,6.0069,2026-04-17,6.875,16,Available
"[878, 28, 80]",932420,Code 8 Part II,en,Code 8 Part II,6.0068,2024-02-27,6.37,743,Available
"[28, 35]",268920,Hot Pursuit,en,Hot Pursuit,6.0061,2015-05-08,5.739,1762,Available
"[35, 10749]",460668,I Feel Pretty,en,I Feel Pretty,6.0056,2018-04-19,6.378,2150,Available
[27],11586,Exorcist II: The Heretic,en,Exorcist II: The Heretic,6.0758,1977-06-17,4.539,816,Available
[],283682,Youth's First Morning,tg,Nisso,6.0048,1979-01-02,0.0,0,Available
"[10749, 18]",761053,Gabriel's Inferno: Part III,en,Gabriel's Inferno: Part III,6.0031,2020-11-19,8.332,1095,Available
"[80, 18, 53]",19457,The Yards,en,The Yards,5.537,2000-04-27,6.25,545,Available
[27],9730,Friday the 13th: The Final Chapter,en,Friday the 13th: The Final Chapter,5.883,1984-04-13,6.132,1555,Available
"[18, 35]",1088548,Bitter Christmas,es,Amarga Navidad,7.4783,2026-03-20,6.3,135,Available
"[35, 10752, 10749]",961,The General,en,The General,5.5862,1926-12-25,7.916,1451,Available
[18],606829,The Nettle,cs,Kopřiva,5.9987,2017-11-03,2.667,3,Available
"[28, 35, 80, 53]",9416,Money Talks,en,Money Talks,5.9983,1997-08-22,5.994,439,Available
"[53, 28]",241254,The Prince,en,The Prince,5.9963,2014-08-22,4.926,517,Available
"[18, 10751]",1632473,"This, That, and Everything in Between",tl,"Ganito, Ganyan, Ganoon",5.9958,2026-08-13,6.5,3,Available
"[18, 36, 10749]",11820,Mona Lisa Smile,en,Mona Lisa Smile,5.9954,2003-12-19,6.9,1937,Available
"[16, 18, 10749, 10770]",21057,Ocean Waves,ja,海がきこえる,5.9941,1993-10-09,6.406,1007,Available
"[80, 18, 53]",1307373,Wasteman,en,Wasteman,5.9936,2026-02-20,7.326,89,Available
"[35, 10749]",9494,Look Who's Talking,en,Look Who's Talking,5.9929,1989-10-12,6.292,2528,Available
[18],750695,November,fr,Novembre,5.9925,2020-11-04,6.0,4,Available
[18],1435092,Goodbye June,en,Goodbye June,5.9924,2025-12-12,6.503,161,Available
"[28, 12, 14, 27, 878, 53]",10336,Spawn,en,Spawn,5.9924,1997-07-31,5.471,1531,Available
[18],1358942,Altering Ego,de,Altering Ego,5.9922,2024-10-11,0.0,0,Available
"[16, 35, 878]",1239251,Megamind vs. the Doom Syndicate,en,Megamind vs. the Doom Syndicate,5.9919,2024-03-01,5.011,359,Available
"[80, 53, 18]",1610181,Pressure Cooker,bn,প্রেশার কুকার,5.9916,2026-03-21,0.0,0,Available
"[80, 18, 10749]",232,Rumble Fish,en,Rumble Fish,5.9899,1983-10-09,6.967,783,Available
[27],24150,Halloween II,en,Halloween II,5.9897,2009-08-28,5.311,1572,Available
"[16, 14, 12, 10751, 35]",832502,The Monkey King,en,The Monkey King,5.9881,2023-07-30,6.488,363,Available
"[35, 10751, 14]",8989,Harry and the Hendersons,en,Harry and the Hendersons,5.9878,1987-06-05,6.114,766,Available
"[35, 18, 10749]",53168,King of Comedy,cn,喜劇之王,5.9873,1999-02-08,7.4,215,Available
"[18, 27, 53]",400710,Flatliners,en,Flatliners,5.9859,2017-09-28,5.642,2424,Available
"[28, 12, 53]",9624,On Deadly Ground,en,On Deadly Ground,5.9857,1994-02-18,5.203,529,Available
"[10751, 28, 14, 35]",615677,We Can Be Heroes,en,We Can Be Heroes,5.9855,2020-12-25,5.923,829,Available
"[10751, 35]",348964,Baby Phone,fr,Baby Phone,5.985,2014-01-17,5.1,73,Available
"[28, 12, 80, 18, 9648, 53]",2087,The Getaway,en,The Getaway,5.9844,1994-02-11,5.825,402,Available
"[99, 36]",568805,Experiment Stuka,es,Experiment Stuka,5.9837,2018-11-08,6.0,1,Available
"[9648, 27, 878]",378018,The Void,en,The Void,5.9835,2016-09-22,6.01,1490,Available
"[27, 878]",84708,Captive Wild Woman,en,Captive Wild Woman,5.9823,1943-06-04,5.321,39,Available
[18],428352,Jóvenes viciosas,es,Jóvenes viciosas,5.9818,1981-04-06,3.333,3,Available
[99],1020399,Andi,fr,Andi,5.9807,2022-08-25,0.0,0,Available
"[53, 27, 80, 9648]",844398,Shattered,en,Shattered,5.9805,2022-01-14,5.686,229,Available
"[12, 18, 10751, 14]",16523,Where the Wild Things Are,en,Where the Wild Things Are,5.9799,2009-10-16,6.497,2068,Available
[99],1732097,Euphoria: A Look Back,en,Euphoria: A Look Back,5.9796,2026-07-24,4.1,8,Available
[18],1234000,Daughter-in-law Who Cheated On Her Father-in-law,ko,시아버지를 농락한 며느리,5.9796,2023-02-03,3.0,2,Available
[80],154547,Unknown Hour,cs,Hodinu nevíš...,5.9789,2009-08-27,4.2,5,Available
"[18, 10402]",17332,The Soloist,en,The Soloist,5.9778,2009-04-24,6.674,850,Available
"[35, 80, 28, 12]",11676,Nothing to Lose,en,Nothing to Lose,5.9775,1997-07-18,6.594,742,Available
"[18, 878, 27]",1551,Flatliners,en,Flatliners,5.9751,1990-08-10,6.516,1786,Available
[37],11697,The Man Who Shot Liberty Valance,en,The Man Who Shot Liberty Valance,5.9746,1962-04-13,7.8,1331,Available
[16],532260,Why UNESCO?,cs,Proč UNESCO?,5.9742,1959-01-01,0.0,0,Available
"[18, 10749]",42337,Beau Pere,fr,Beau-père,5.9726,1981-09-16,6.432,154,Available
[],1188482,Pink Dream,zh,粉红色的梦,5.9721,1992-01-01,0.0,0,Available
"[53, 878]",1425045,Brick,de,Brick,5.6281,2025-07-02,5.798,777,Available
"[35, 28, 16, 12]",16907,Naruto the Movie: Ninja Clash in the Land of Snow,ja,劇場版 NARUTO 大活劇! 雪姫忍法帖だってばよ!!,5.7593,2004-08-21,7.273,629,Available
[27],723072,Host,en,Host,5.3495,2020-09-10,6.568,1324,Available
[18],893140,Unerreichbare Nähe,de,Unerreichbare Nähe,6.6025,1984-10-27,8.0,1,Available
"[878, 35, 12]",11379,The Adventures of Buckaroo Banzai Across the 8th Dimension,en,The Adventures of Buckaroo Banzai Across the 8th Dimension,5.3827,1984-08-10,5.954,514,Available
"[80, 18]",425336,Loving Pablo,es,Loving Pablo,6.0569,2017-12-14,6.294,1053,Available
"[53, 28, 80]",2155,Reindeer Games,en,Reindeer Games,5.8669,2000-02-25,5.705,748,Available
[99],510713,"Fly, Little  Angel",nl,Engelchen flieg,6.1315,2001-03-10,7.6,5,Available
"[18, 10402]",1125,Dreamgirls,en,Dreamgirls,5.594,2006-12-25,6.716,1109,Available
"[99, 80]",1662317,The Crash,en,The Crash,5.5651,2026-05-14,6.8,176,Available
"[27, 9648, 14]",10185,The Midnight Meat Train,en,The Midnight Meat Train,5.8524,2008-08-07,6.195,1303,Available
[18],746948,The Petrichor,en,The Petrichor,6.0863,2020-10-02,0.0,0,Available
"[28, 35, 878]",262841,Monster Trucks,en,Monster Trucks,6.2306,2016-12-21,6.081,946,Available
"[35, 18]",12573,A Serious Man,en,A Serious Man,5.1672,2009-10-02,6.687,2450,Available
"[28, 35, 53, 80, 10751]",6951,Turner & Hooch,en,Turner & Hooch,5.6563,1989-07-28,6.323,1476,Available
[18],618416,Penguin Bloom,en,Penguin Bloom,6.0265,2021-01-21,6.887,345,Available
"[14, 35]",390478,L'Apparition,fr,L'Apparition,6.2341,1986-03-30,8.5,2,Available
[35],9427,The Full Monty,en,The Full Monty,5.0349,1997-08-13,7.002,1845,Available
"[18, 35]",2060,Spoiled Children,fr,Des enfants gâtés,7.7015,1977-09-07,6.2,20,Available
"[16, 35, 878]",1359227,LEGO Marvel Avengers: Mission Demolition,en,LEGO Marvel Avengers: Mission Demolition,5.7574,2024-10-17,6.457,129,Available
[18],441953,Last Calls,he,Sichot Achronot,6.3671,2012-07-05,8.0,1,Available
[18],912161,Vida Observável,pt,Vida Observável,5.7105,2021-12-06,0.0,0,Available
"[53, 80, 28, 18]",10650,Sudden Impact,en,Sudden Impact,5.4624,1983-12-08,6.554,1037,Available
"[18, 10749]",52683,In All Innocence,fr,En plein cœur,6.2065,1998-11-25,5.9,32,Available
[18],386370,"Farewell, Berlin Wall",vi,Quyên,6.3958,2015-06-19,8.5,2,Available
[18],662050,Sunset at Noon,en,Naplemente délben,5.3085,1979-01-01,8.0,1,Available
[],758537,Cinématon XXXIV,fr,Cinématon XXXIV,6.0828,1984-06-21,5.0,1,Available
"[28, 878, 53]",9556,Darkman,en,Darkman,5.343,1990-08-24,6.426,1570,Available
"[10751, 35, 12]",9530,RV,en,RV,5.5457,2006-04-28,5.902,1839,Available
"[12, 14]",43194,Ulysses,it,Ulisse,5.5735,1954-10-06,6.563,255,Available
"[10749, 35, 80]",16558,Duplicity,en,Duplicity,5.6302,2009-03-18,5.895,896,Available
[18],147,The 400 Blows,fr,Les Quatre Cents Coups,5.3639,1959-06-03,7.995,2381,Available
"[16, 28, 878]",886396,Batman and Superman: Battle of the Super Sons,en,Batman and Superman: Battle of the Super Sons,6.0629,2022-10-17,7.637,365,Available
"[27, 53]",11442,Halloween: Resurrection,en,Halloween: Resurrection,5.0702,2002-07-01,4.601,1445,Available
"[80, 10749]",452310,Sứ Mệnh Trái Tim,vi,Sứ Mệnh Trái Tim,5.2804,2016-11-11,0.0,0,Available
"[28, 12, 16, 35, 10751, 878, 10770]",71689,Phineas and Ferb the Movie: Across the 2nd Dimension,en,Phineas and Ferb the Movie: Across the 2nd Dimension,5.7637,2011-08-05,7.114,621,Available
"[28, 16, 878]",39102,Dragon Ball Z: Lord Slug,ja,ドラゴンボールゼット 超スーパーサイヤ人じんだ孫そん悟ご空くう,6.0008,1991-03-19,6.5,601,Available
"[28, 12]",289720,Outcast,en,Outcast,6.4245,2014-09-26,5.157,519,Available
"[9648, 53, 10749]",46503,All Good Things,en,All Good Things,5.5766,2010-12-03,6.067,1030,Available
[],1593075,Guardian Angel,ml,Guardian Angel,6.3645,2024-05-17,0.0,0,Available
"[28, 18, 36]",1185528,Legends of the Condor Heroes: The Gallants,zh,射雕英雄传：侠之大者,6.5067,2025-01-29,7.1,104,Available
"[27, 53]",77883,The Possession,en,The Possession,5.9866,2012-08-30,6.033,1738,Available
"[10402, 35, 53]",1422562,The Moment,en,The Moment,6.4688,2026-01-30,6.34,78,Available
[35],366980,Peculiar Attraction,es,Atracción peculiar,5.4728,1988-03-03,6.449,39,Available
"[28, 12, 80, 53]",430040,The Hurricane Heist,en,The Hurricane Heist,5.9934,2018-02-28,5.681,1094,Available
"[18, 80, 10749]",575813,Better Days,zh,少年的你,5.9878,2019-10-25,8.118,578,Available
"[16, 28, 12, 14, 878]",647,Final Fantasy VII: Advent Children,ja,Final Fantasy VII: Advent Children,5.2969,2005-07-14,7.158,1280,Available
"[80, 53, 18]",4477,The Devil's Own,en,The Devil's Own,5.5041,1997-03-13,6.2,1404,Available
"[28, 80, 18, 53]",14362,Out for Justice,en,Out for Justice,5.5864,1991-04-12,6.181,532,Available
"[12, 99]",119727,Between Home,en,Between Home,6.8557,2012-07-10,6.5,2,Available
[18],960206,Godland,da,Vanskabte land,7.3513,2022-12-01,6.751,209,Available
"[18, 10749]",26022,My Name Is Khan,hi,My Name Is Khan,5.8103,2010-02-10,8.039,1497,Available
[99],252451,Defying the Nazis: The Sharps' War,en,Defying the Nazis: The Sharps' War,8.4657,2016-09-20,6.9,17,Available
[18],55197,The Flavor of Green Tea Over Rice,ja,お茶漬けの味,5.867,1952-10-01,7.542,108,Available
"[10752, 36, 18]",1222248,Number 24,no,Nr. 24,5.582,2024-10-30,7.146,384,Available
"[53, 9648]",505177,10x10,en,10x10,5.5304,2018-03-16,5.248,614,Available
[27],812621,The Gloom,en,La Penumbra,6.5865,2021-04-01,6.0,1,Available
"[10751, 14, 878, 12, 35]",36819,Time Bandits,en,Time Bandits,5.9366,1981-07-13,6.629,1193,Available
"[18, 10751]",971606,Out of My Mind,en,Out of My Mind,5.9365,2024-01-19,7.778,90,Available
"[27, 53, 18]",632727,Texas Chainsaw Massacre,en,Texas Chainsaw Massacre,5.9363,2022-02-18,5.171,1703,Available
"[35, 10749]",15144,Sixteen Candles,en,Sixteen Candles,5.9363,1984-05-04,6.75,2258,Available
"[12, 16, 35, 14, 10751]",13394,Shrek the Halls,en,Shrek the Halls,5.9361,2007-11-28,6.4,936,Available
"[9648, 80, 53]",910,The Big Sleep,en,The Big Sleep,5.9355,1946-08-22,7.596,1194,Available
"[28, 53]",1116490,Cash Out,en,Cash Out,5.9345,2024-04-26,6.193,270,Available
[18],293,A River Runs Through It,en,A River Runs Through It,5.9342,1992-10-09,7.0,1232,Available
"[9648, 80, 53]",11092,Presumed Innocent,en,Presumed Innocent,5.9329,1990-07-27,6.809,847,Available
"[27, 53, 9648]",329440,The Forest,en,The Forest,5.9327,2016-01-07,5.2,1906,Available
"[27, 80, 18]",73196,The Jail: The Women's Hell,it,Anime perse,5.9321,2006-05-01,7.648,54,Available
[18],263827,Identification,hu,Azonosítás,5.9317,1975-02-28,8.0,1,Available
"[12, 18, 28]",246,Zatoichi,ja,座頭市,5.9305,2003-09-06,7.239,991,Available
"[10751, 18]",60224,Hidden Lives,tr,Saklı Hayatlar,5.9299,2011-03-11,6.5,2,Available
"[27, 80]",111934,Concrete,ja,コンクリート,5.9298,2004-02-11,5.0,34,Available
"[80, 18]",21575,A Prophet,fr,Un prophète,5.9298,2009-08-26,7.56,1780,Available
[],449940,Hêvî,de,Hêvî,5.9296,2014-03-06,8.0,1,Available
"[16, 35, 10751, 12]",328111,The Secret Life of Pets,en,The Secret Life of Pets,5.9294,2016-06-18,6.326,8655,Available
"[28, 18]",1511417,Bāhubali: The Epic,te,Bāhubali: The Epic,5.9268,2025-10-29,6.4,42,Available
"[18, 10749, 14]",152603,Only Lovers Left Alive,en,Only Lovers Left Alive,5.9264,2013-12-12,7.202,2449,Available
[18],1040,The Leopard,it,Il gattopardo,5.415,1963-03-27,7.716,974,Available
"[878, 35, 10751]",2605,Short Circuit,en,Short Circuit,6.641,1986-05-09,6.651,1673,Available
[18],255397,Eating Lunch,sv,Äta lunch,6.3315,2013-01-23,5.7,3,Available
[35],698907,Ji Dullah,jv,Ji Dullah,6.8903,2017-12-04,3.0,1,Available
"[35, 9648, 80]",724665,"Confess, Fletch",en,"Confess, Fletch",5.4766,2022-09-16,6.205,418,Available
"[27, 14, 35]",23202,Trick 'r Treat,en,Trick 'r Treat,6.7711,2007-12-09,6.983,2127,Available
[],1074156,淫乱人间,zh,淫乱人间,6.0099,1994-01-01,3.0,2,Available
"[35, 10749]",2800,Rumor Has It...,en,Rumor Has It...,5.541,2005-12-22,5.7,1276,Available
"[12, 16, 10751, 878]",804370,Arco,fr,Arco,5.1363,2025-10-22,7.544,272,Available
"[53, 27, 878]",11336,The Dead Zone,en,The Dead Zone,6.7016,1983-10-21,7.013,1896,Available
"[16, 10751, 12, 35]",638134,Pets United,en,Pets United,6.1281,2019-11-08,5.874,230,Available
"[28, 35, 878, 10751]",791155,Secret Headquarters,en,Secret Headquarters,5.5949,2022-08-12,6.336,433,Available
[99],1287729,Незримое,ru,Незримое,6.193,2007-01-01,0.0,0,Available
"[14, 28, 12]",31947,King Kong Lives,en,King Kong Lives,5.7496,1986-12-16,5.213,272,Available
[18],869735,Experimetral,pt,Ex Perimental,5.6676,2019-10-30,0.0,0,Available
"[27, 18, 9648]",8408,Day of the Dead,en,Day of the Dead,5.4963,1985-07-03,7.009,1442,Available
"[27, 53]",10307,Stigmata,en,Stigmata,5.489,1999-09-02,6.309,1295,Available
[27],2662,House of 1000 Corpses,en,House of 1000 Corpses,6.0947,2003-04-11,6.194,1824,Available
"[10751, 14, 12]",426543,The Nutcracker and the Four Realms,en,The Nutcracker and the Four Realms,5.9726,2018-10-26,6.08,2267,Available
[18],388508,After All,en,És mégis...,5.7957,1991-03-18,7.0,1,Available
[35],11890,Oscar,en,Oscar,5.6234,1991-04-26,6.361,592,Available
"[12, 28, 35]",3989,Team America: World Police,en,Team America: World Police,5.736,2004-10-10,6.72,2112,Available
"[878, 53, 18]",300681,Replicas,en,Replicas,5.5538,2018-10-25,6.028,1522,Available
"[99, 10402]",654754,Billie Eilish: The World's a Little Blurry,en,Billie Eilish: The World's a Little Blurry,5.4017,2021-02-26,8.17,348,Available
"[28, 16, 35, 10751, 14, 878]",556901,Teen Titans Go! vs. Teen Titans,en,Teen Titans Go! vs. Teen Titans,5.9599,2019-07-21,7.514,533,Available
"[28, 35, 53]",10616,Contract Killer,cn,殺手之王,4.9871,1998-04-03,7.091,269,Available
"[28, 53, 80, 18]",80389,Get the Gringo,en,Get the Gringo,5.4493,2012-03-15,6.606,1853,Available
"[18, 35]",947891,My Old Ass,en,My Old Ass,5.7528,2024-09-13,6.777,515,Available
[27],816360,Sadi-Scream Vol. 2,ja,Sadi-Scream Vol. 2,5.6032,2007-08-24,3.667,3,Available
"[18, 36, 53]",493551,Operation Finale,en,Operation Finale,5.2181,2018-08-29,6.668,1125,Available
"[10752, 18, 36]",315559,Port Arthur,ja,二百三高地,5.3736,1980-08-02,7.429,14,Available
[18],815137,Young Captain,ko,Gyoma Seonjang,6.1234,1958-07-01,0.0,0,Available
"[16, 10751, 12, 14]",494407,Pokémon the Movie: The Power of Us,ja,劇場版ポケットモンスター みんなの物語,5.6754,2018-07-13,7.19,234,Available
"[35, 80, 18, 10749, 53, 36]",4912,Confessions of a Dangerous Mind,en,Confessions of a Dangerous Mind,5.2815,2002-12-31,6.671,1305,Available
[99],1537366,Lost in the Jungle,en,Lost in the Jungle,5.2042,2025-08-30,7.2,12,Available
[27],1208808,Night Shift,es,Turno nocturno,5.9624,2024-12-05,6.415,195,Available
[18],479697,Céu Azul,pt,Céu Azul,5.7415,2008-11-22,0.0,0,Available
"[12, 18, 28, 36, 10752]",10047,The Messenger: The Story of Joan of Arc,en,Joan of Arc,5.6909,1999-10-27,6.429,1645,Available
[99],651623,Wasted Waste,pt,Wasted Waste,6.7921,2018-02-01,4.0,1,Available
"[28, 35]",18707,"Twinkle, Twinkle Lucky Stars",cn,夏日福星,5.1912,1985-08-15,6.455,168,Available
[],816014,Frontera Roja,es,Frontera Roja,6.1702,2009-12-31,5.0,1,Available
"[18, 10402]",763884,Extra-Terrestrial,pt,Exo-Orbital,6.2621,2020-11-14,0.0,0,Available
"[35, 28]",747934,Private Eyes,ms,MATA,5.4238,2020-10-01,5.0,1,Available
"[878, 35, 12]",23048,Hot Tub Time Machine,en,Hot Tub Time Machine,5.8108,2010-03-26,6.048,2821,Available
"[27, 878, 53]",914215,Humane,en,Humane,5.3996,2024-04-26,5.411,248,Available
"[18, 35]",345200,El señor,es,El señor,6.2769,2012-02-21,5.0,2,Available
[35],10246,Porky's,en,Porky's,5.6909,1981-11-13,6.398,992,Available
"[28, 80, 9648]",531384,Project Gutenberg,cn,無雙,5.7796,2018-09-30,7.164,143,Available
"[35, 18, 10749]",906221,Magic Mike's Last Dance,en,Magic Mike's Last Dance,6.0705,2023-02-09,6.383,609,Available
"[10749, 53]",112949,Safe Haven,en,Safe Haven,5.2677,2013-02-07,7.232,2460,Available
[80],844417,Marlowe,en,Marlowe,5.8194,2023-02-15,5.72,448,Available
"[35, 18]",371638,The Disaster Artist,en,The Disaster Artist,5.407,2017-03-12,7.093,3836,Available
[27],11879,Near Dark,en,Near Dark,5.6145,1987-10-02,6.83,911,Available
"[10749, 18, 10402]",243683,Step Up All In,en,Step Up All In,5.9335,2014-07-15,6.816,2024,Available
[35],678478,40-Love,en,40-Love,6.1071,2021-10-29,2.667,6,Available
"[10749, 35]",16270,Career Opportunities,en,Career Opportunities,4.9242,1991-03-29,6.866,778,Available
[35],62029,Bingo Bongo,it,Bingo Bongo,6.1011,1982-12-23,5.684,182,Available
"[35, 12]",13335,Harold & Kumar Escape from Guantanamo Bay,en,Harold & Kumar Escape from Guantanamo Bay,5.8995,2008-04-25,6.317,1682,Available
[35],138402,The Blueberry War,sv,Blåbärskriget,5.8986,2007-10-26,4.5,2,Available
[18],426426,Roma,es,Roma,5.8983,2018-11-21,7.613,4181,Available
"[28, 35]",513691,The Debt Collector,en,The Debt Collector,5.8981,2018-06-05,5.839,261,Available
"[16, 18, 878]",21832,Neon Genesis Evangelion: Death and Rebirth,ja,新世紀エヴァンゲリオン劇場版 シト新生,5.8967,1997-03-15,7.4,516,Available
"[53, 27]",1555951,Salikmata,tl,Salikmata,5.8962,2025-10-22,3.3,3,Available
"[18, 53, 80, 27, 878]",1162791,Mamántula,es,Mamántula,5.8961,2023-09-27,4.143,7,Available
"[14, 10402]",13192,Moonwalker,en,Moonwalker,5.8957,1988-10-29,7.105,688,Available
"[53, 27]",18781,The Haunting in Connecticut,en,The Haunting in Connecticut,5.8956,2009-03-27,6.169,1234,Available
"[9648, 12, 80]",328387,Nerve,en,Nerve,5.8951,2016-06-27,6.994,7094,Available
"[99, 10770, 28]",1750886,Operation Overhang,en,Operation Overhang,5.8935,1964-01-01,0.0,0,Available
[18],111892,Esruhumun eszamani,tr,Eşruhumun Eşzamanı,5.8934,2012-02-03,0.0,0,Available
"[10402, 18, 10749]",85446,Step Up Revolution,en,Step Up Revolution,5.893,2012-07-26,6.9,2154,Available
"[28, 18, 14]",1083637,Kantara - A Legend: Chapter 1,kn,ಕಾಂತಾರ: ಅಧ್ಯಾಯ - ೧,5.8925,2025-10-01,7.227,97,Available
"[27, 9648]",11096,Hide and Seek,en,Hide and Seek,5.8919,2005-01-27,6.35,1777,Available
"[18, 53, 10752]",333352,Eye in the Sky,en,Eye in the Sky,5.8917,2015-09-07,7.002,1786,Available
"[18, 10749]",250734,Far from the Madding Crowd,en,Far from the Madding Crowd,5.8914,2015-04-23,7.02,1129,Available
"[53, 80]",1148713,The Courier,es,El correo,5.8912,2024-01-19,6.43,194,Available
"[80, 18, 9648, 53]",5955,The Pledge,en,The Pledge,5.8911,2001-01-19,6.578,1253,Available
[10749],386716,Young Mother 3,ko,젊은 엄마3,5.8908,2015-09-03,6.028,18,Available
"[27, 53, 18]",1092936,The Holy Boy,it,La valle dei sorrisi,5.0078,2025-09-17,6.834,160,Available
"[16, 10751, 12, 35, 14]",466876,Gnome Alone,en,Gnome Alone,5.3138,2017-11-02,6.136,272,Available
"[878, 53, 9648, 28, 12]",475210,How It Ends,en,How It Ends,5.6307,2018-07-13,5.29,2077,Available
[18],84308,"Madrid, 1987",es,"Madrid, 1987",5.8181,2012-04-13,6.581,74,Available
"[16, 18, 10402]",676581,The Island,ro,Insula,6.7819,2023-06-07,6.5,4,Available
"[878, 27]",837271,Future Fear,en,Future Fear,6.6583,2021-06-08,6.4,16,Available
"[53, 80, 28]",346709,Line of Duty,en,Line of Duty,5.6324,2019-12-25,5.876,371,Available
"[53, 28, 18]",352002,To My Beloved,pt,Para Minha Amada Morta,6.5594,2016-03-31,6.3,15,Available
"[28, 80, 53]",11702,The Replacement Killers,en,The Replacement Killers,5.4386,1998-02-06,6.293,600,Available
"[35, 18]",9571,Dazed and Confused,en,Dazed and Confused,5.3826,1993-09-24,7.315,2341,Available
"[10749, 18]",860340,My Girlfriend's Mother 3,ko,여친 엄마 3,5.8889,2019-03-22,5.0,4,Available
[],1216012,Night of Bloody Hell,ja,地獄の夜は真紅だぜ,5.698,1962-09-22,0.0,0,Available
[18],853376,Villa Maids,ko,별장하녀들,5.7434,2021-05-21,2.5,2,Available
"[18, 10752]",364321,Nameless,fr,Le boche,6.9794,2014-11-13,0.0,0,Available
"[18, 10749]",40641,Lola,fr,Lola,4.7515,1961-03-03,7.054,306,Available
"[16, 12, 35]",416153,Arctic Dogs,en,Arctic Dogs,6.1871,2019-11-01,5.983,145,Available
[18],537971,Mia,es,Mia,5.8584,2017-12-17,6.1,34,Available
"[28, 35]",44147,Wild Target,en,Wild Target,5.4473,2010-06-17,6.457,803,Available
"[28, 12, 27]",1595325,The Anacondas,en,The Anacondas,7.1822,2025-12-19,4.318,11,Available
[18],7090,Ken Park,en,Ken Park,5.8939,2003-01-30,5.999,706,Available
"[18, 36]",345816,Toprağın Çocukları,tr,Toprağın Çocukları,6.1767,2012-09-14,5.7,3,Available
"[35, 18, 10749]",427900,Home Again,en,Home Again,5.74,2017-09-07,6.086,1252,Available
"[10751, 16, 35]",975490,Snoopy Presents: Lucy's School,en,Snoopy Presents: Lucy's School,6.0829,2022-08-11,7.275,40,Available
"[878, 18, 10749]",9663,Starman,en,Starman,5.5124,1984-12-13,6.926,1047,Available
"[28, 35, 80, 18]",1139817,Officer Black Belt,ko,무도실무관,5.2713,2024-09-12,7.683,382,Available
[18],942238,"Ella, María",es,"Ella, María",6.5037,2016-12-25,0.0,0,Available
"[14, 35]",11687,The Visitors,fr,Les Visiteurs,5.6482,1993-01-27,7.125,2097,Available
"[878, 18]",827778,Kichkina Tabib,uz,Kichkina Tabib,5.7102,1998-01-01,0.0,0,Available
"[27, 18, 14]",1630958,The Birth,en,The Birth,6.0841,2026-01-16,0.0,0,Available
"[35, 18]",23514,The Rum Diary,en,The Rum Diary,5.2736,2011-10-13,5.891,1362,Available
"[18, 35]",77930,Magic Mike,en,Magic Mike,5.3007,2012-06-28,6.158,3136,Available
"[36, 18]",1165369,De Gaulle: Liberté,fr,La Bataille de Gaulle : J’écris ton nom,5.896,2026-06-26,7.842,177,Available
"[9648, 10749, 53]",381,To Catch a Thief,en,To Catch a Thief,5.6015,1955-08-03,7.261,1713,Available
[],464821,Cão Guia,pt,Cão Guia,6.2666,1999-01-01,0.0,0,Available
"[18, 36]",457136,Mary Queen of Scots,en,Mary Queen of Scots,5.4654,2018-12-07,6.543,1970,Available
"[28, 12, 80, 53]",326,Snakes on a Plane,en,Snakes on a Plane,5.2681,2006-08-17,5.5,2051,Available
"[53, 27]",360784,Hidden,en,Hidden,5.757,2015-09-15,6.964,1238,Available
"[35, 14, 10751]",1022964,Candy Cane Lane,en,Candy Cane Lane,5.8214,2023-11-29,5.975,514,Available
"[80, 18, 9648]",2768,American Gigolo,en,American Gigolo,6.1794,1980-02-01,6.185,744,Available
"[12, 35]",9396,Crocodile Dundee II,en,Crocodile Dundee II,5.2862,1988-05-19,5.867,1267,Available
[],442570,C-losing Time,hu,Veszett idők,5.9842,1999-02-19,0.0,0,Available
"[28, 18, 878, 53]",429415,Extinction,en,Extinction,5.6219,2018-07-15,6.058,2051,Available
"[27, 9648, 53]",1383233,The Penthouse,en,The Penthouse,6.7683,2026-08-26,0.0,0,Available
[18],524635,The Chronology of Water,en,The Chronology of Water,5.3396,2025-10-15,6.714,91,Available
"[27, 53]",9064,Hellbound: Hellraiser II,en,Hellbound: Hellraiser II,5.1789,1988-12-23,6.407,1289,Available
"[878, 35]",156126,"Onesime, Clockmaker",fr,Onésime horloger,6.4239,1912-11-01,6.0,12,Available
"[28, 53, 80]",578189,Black and Blue,en,Black and Blue,5.7181,2019-10-25,6.78,998,Available
"[35, 28, 80]",1451344,Husbands in Action,ko,남편들,6.3632,2026-06-15,7.339,124,Available
"[18, 10749, 878]",42188,Never Let Me Go,en,Never Let Me Go,5.3545,2010-03-18,6.85,2530,Available
"[18, 53]",12117,Instinct,en,Instinct,5.5989,1999-06-04,6.497,678,Available
"[53, 878]",242095,The Signal,en,The Signal,5.8569,2014-03-15,6.028,1902,Available
"[28, 12, 16, 18]",14003,Fullmetal Alchemist the Movie: Conqueror of Shamballa,ja,劇場版 鋼の錬金術師 シャンバラを征く者,5.9731,2005-07-21,7.33,420,Available
"[27, 35]",246196,Rape Zombie: Lust of the Dead 3,ja,レイプゾンビ3 LUST OF THE DEAD,5.0878,2013-06-23,6.1,107,Available
"[18, 36]",491480,The Boy Who Harnessed the Wind,en,The Boy Who Harnessed the Wind,5.9135,2019-02-14,7.886,1921,Available
"[99, 18]",680058,The Rescue,en,The Rescue,5.2528,2021-10-08,7.964,279,Available
"[10749, 12, 35, 10751]",10874,Muppet Treasure Island,en,Muppet Treasure Island,5.0903,1996-02-16,6.721,486,Available
"[27, 28, 53, 878]",71469,The Darkest Hour,en,The Darkest Hour,5.7605,2011-12-22,5.299,1626,Available
"[80, 18]",500837,Prénom: Mathieu,fr,Prénom: Mathieu,6.4224,2018-02-20,5.143,7,Available
"[27, 53]",1251717,Vicious,en,Vicious,5.7051,2025-08-06,6.06,298,Available
"[12, 27, 28, 878]",10304,Starship Troopers 2: Hero of the Federation,en,Starship Troopers 2: Hero of the Federation,5.4995,2004-05-19,4.474,728,Available
"[27, 35, 12]",1381216,Gator Lake,en,Gator Lake,5.7009,2024-05-01,6.211,57,Available
"[27, 53]",82505,House at the End of the Street,en,House at the End of the Street,5.8783,2012-09-21,5.794,1933,Available
"[28, 80, 53, 10752]",11909,Bullet in the Head,cn,喋血街頭,5.2026,1990-08-17,7.567,329,Available
"[27, 18, 10749]",10395,Wolf,en,Wolf,5.1536,1994-06-17,6.138,1046,Available
[878],1658896,Breach,en,Breach,7.0116,2026-03-27,6.1,4,Available
"[18, 53, 10749]",910571,Fair Play,en,Fair Play,6.1411,2023-09-28,6.356,661,Available
[99],411353,Sparkle,hu,Csillogás,5.7529,2008-12-03,6.2,4,Available
"[14, 27]",46146,Troll Hunter,no,Trolljegeren,5.3474,2010-10-29,6.712,1800,Available
[27],1426297,Play Dead,en,Play Dead,5.9603,2025-03-29,6.086,81,Available
"[18, 27, 53]",86825,Stoker,en,Stoker,5.8394,2013-02-28,6.639,2486,Available
"[16, 35, 12, 53, 10751]",1107216,Pets on a Train,fr,Falcon Express,6.0083,2025-07-02,7.114,70,Available
"[99, 10770]",306399,Mass Extinction: Life at the Brink,en,Mass Extinction: Life at the Brink,4.1523,2014-11-30,7.0,2,Available
[37],11842,Red Sun,fr,Soleil Rouge,5.1543,1971-09-15,6.8,327,Available
"[28, 80, 53]",1182387,Armor,en,Armor,5.8978,2024-10-30,5.444,305,Available
[28],290764,Tracers,en,Tracers,5.3508,2015-01-15,6.013,1133,Available
[35],33337,Dear Inspector,fr,Tendre Poulet,5.2795,1978-01-18,5.835,88,Available
"[18, 35, 10749]",6964,Something's Gotta Give,en,Something's Gotta Give,6.3926,2003-12-12,6.624,1825,Available
[],469929,A cigánybáró,hu,A cigánybáró,5.8968,1969-05-24,0.0,0,Available
"[28, 18, 80, 53]",9923,Domino,en,Domino,5.2908,2005-10-14,5.898,1311,Available
[16],1506802,Empire fongique,fr,Empire fongique,5.7578,2025-07-31,0.0,0,Available
[10749],528549,Room Salon College Girls,ko,룸싸롱 여대생들,5.6129,2018-03-29,6.7,3,Available
"[18, 12]",1497123,Finn,en,Finn,7.909,2026-03-04,0.0,0,Available
[18],25538,Yi Yi,zh,一一,5.8648,2000-09-20,7.944,701,Available
[99],898525,A Devil with Harpoon,no,El arponero,6.5013,2022-05-05,8.0,1,Available
"[27, 53, 28, 18]",295011,Patient Zero,en,Patient Zero,5.5471,2018-09-14,5.286,416,Available
[18],1103257,International Departures,tr,Dış Hatlar,6.6459,2021-09-20,4.0,3,Available
"[10751, 35, 12, 16]",831815,Saving Bikini Bottom: The Sandy Cheeks Movie,en,Saving Bikini Bottom: The Sandy Cheeks Movie,5.8727,2024-10-01,6.161,189,Available
[],394291,Chapter 66,es,Capítulo 66,6.2331,1994-03-01,6.0,5,Available
"[35, 18]",376660,The Edge of Seventeen,en,The Edge of Seventeen,5.6919,2016-11-18,7.149,4320,Available
"[18, 36, 53]",1852,World Trade Center,en,World Trade Center,5.8113,2006-08-09,6.118,1861,Available
"[18, 10749, 35]",9454,EverAfter,en,EverAfter,5.8624,1998-07-31,7.5,1620,Available
"[18, 35, 80]",577,To Die For,en,To Die For,5.4446,1995-09-22,6.586,916,Available
"[28, 53, 80]",4954,Drop Zone,en,Drop Zone,5.2006,1994-12-08,5.751,475,Available
[27],322056,Black Ghost,ko,흑귀,6.5921,1976-05-08,9.0,1,Available
"[16, 35, 10751]",22582,Tom and Jerry: The Movie,en,Tom and Jerry: The Movie,6.1809,1992-10-01,6.3,641,Available
"[53, 28]",1233069,Exterritorial,de,Exterritorial,5.8091,2025-04-29,6.596,677,Available
[18],524348,The Report,en,The Report,5.2092,2019-09-12,7.033,1189,Available
"[10751, 12, 16, 14, 28, 878]",25961,Pokémon: The Rise of Darkrai,ja,劇場版ポケットモンスター ダイヤモンド&パール ディアルガVSパルキアVSダークライ,5.5831,2007-07-14,6.958,325,Available
[37],11916,Two Mules for Sister Sara,en,Two Mules for Sister Sara,5.1676,1970-03-02,6.961,701,Available
"[18, 36]",9443,Chariots of Fire,en,Chariots of Fire,5.6303,1981-05-15,6.786,1068,Available
"[35, 14, 12]",334298,Monster Hunt,zh,捉妖记,5.2957,2015-07-16,6.5,380,Available
"[28, 35, 878, 14]",9067,Tank Girl,en,Tank Girl,5.1806,1995-03-31,5.501,593,Available
"[18, 10749]",6615,Lars and the Real Girl,en,Lars and the Real Girl,5.1049,2007-10-12,7.204,2160,Available
"[18, 10770]",12219,12 Angry Men,en,12 Angry Men,11.2427,1997-08-17,7.7,467,Available
"[18, 10770]",35044,Full Body Massage,en,Full Body Massage,5.3862,1999-07-10,5.3,53,Available
"[35, 10749]",1337562,Splitsville,en,Splitsville,5.7298,2025-08-21,6.3,253,Available
"[16, 18]",1295026,100 METERS,ja,ひゃくえむ。,5.4888,2025-09-19,7.783,145,Available
[18],68924,The Ice Storm,en,The Ice Storm,5.632,1997-09-27,6.878,763,Available
[18],50780,The Beaver,en,The Beaver,5.4016,2011-05-05,6.371,954,Available
"[35, 12, 28]",6519,The Dukes of Hazzard,en,The Dukes of Hazzard,5.3851,2005-08-05,5.62,1348,Available
"[35, 878, 12]",1154538,Nirvanna the Band the Show the Movie,en,Nirvanna the Band the Show the Movie,5.3914,2026-02-02,7.6,120,Available
"[18, 9648, 878, 53]",8338,Blindness,en,Blindness,5.362,2008-05-14,6.521,1418,Available
[18],220,East of Eden,en,East of Eden,5.2962,1955-04-10,7.526,829,Available
"[53, 27]",835560,The Lacerated,en,The Lacerated,5.6635,2022-03-13,0.0,0,Available
"[35, 9648]",15159,The Pink Panther 2,en,The Pink Panther 2,5.7086,2009-02-06,5.706,1303,Available
[18],1129786,Hotline,en,Signaler,6.0408,,0.0,0,Unknown
"[9648, 53, 18]",500840,I'm Thinking of Ending Things,en,I'm Thinking of Ending Things,5.0314,2020-08-28,6.532,2274,Available
"[18, 28, 37]",327164,Grande Sertão,pt,Grande Sertão,6.0386,1965-01-01,5.2,5,Available
"[28, 35, 18, 53]",663870,Riders of Justice,da,Retfærdighedens ryttere,5.2476,2020-11-19,7.279,1123,Available
"[99, 36]",1418508,All I Had Was Nothingness,fr,"Je n'avais que le néant : ""Shoah"" par Lanzmann",4.8509,2025-11-26,7.8,10,Available
"[28, 53]",1371151,Off the Grid,en,Off the Grid,5.3999,2025-06-27,6.394,137,Available
"[35, 18, 10749]",25704,Post Grad,en,Post Grad,5.5099,2009-08-21,4.98,326,Available
"[36, 28, 18]",606870,The Survivor,en,The Survivor,5.3678,2022-04-07,6.789,209,Available
"[16, 878, 28, 18]",1146972,Mobile Suit Gundam SEED FREEDOM,ja,機動戦士ガンダムSEED FREEDOM,5.1984,2024-01-26,7.1,83,Available
"[10749, 18, 9648]",1431068,Main Vaapas Aaunga,hi,मैं वापस आऊंगा,5.4446,2026-06-11,7.1,24,Available
"[53, 18, 9648]",9963,Premonition,en,Premonition,5.2502,2007-02-08,6.282,1721,Available
[99],548996,Letter to My Sister,fr,Lettre à Ma Soeur,4.993,2006-10-03,8.5,2,Available
[35],544247,Unreal Estate,en,Unreal Estate,6.5729,2016-11-18,0.0,0,Available
"[10770, 35]",1746465,Plötzlich Schwiegervater,de,Plötzlich Schwiegervater,7.8788,2026-08-19,0.0,0,Available
"[878, 9648, 53, 18, 27]",15613,Fire in the Sky,en,Fire in the Sky,5.8917,1993-03-12,6.684,737,Available
"[35, 10749]",347626,He's All That,en,He's All That,5.5993,2021-08-27,6.467,1498,Available
[35],1133356,Mad Dash,en,Mad Dash,6.4878,2023-07-02,10.0,1,Available
"[18, 53, 27]",630240,Titane,fr,Titane,5.7322,2021-07-14,6.328,1740,Available
[27],1590613,Cerita Lila,id,Cerita Lila,5.7614,2026-06-18,5.0,3,Available
"[53, 28, 18]",4349,The Kingdom,en,The Kingdom,5.4306,2007-08-22,6.748,1881,Available
"[14, 28, 12, 18]",611698,A Writer's Odyssey,zh,刺杀小说家,5.4219,2021-02-12,7.087,378,Available
"[53, 80, 10749]",10396,Tequila Sunrise,en,Tequila Sunrise,5.494,1988-12-02,6.069,603,Available
"[35, 10749]",487297,What Men Want,en,What Men Want,5.907,2019-02-08,6.196,1614,Available
[53],1199193,Pose,en,Pose,5.6855,2026-02-25,6.0,39,Available
"[16, 28, 12, 14]",505262,My Hero Academia: Two Heroes,ja,僕のヒーローアカデミア THE MOVIE ～2人の英雄～,5.8367,2018-08-03,7.886,1141,Available
"[14, 9648]",495065,Spiritus Lepus,en,Spiritus Lepus,6.4948,2017-11-08,4.5,3,Available
"[28, 53]",293768,Kidnap,en,Kidnap,5.6791,2017-08-03,6.252,1371,Available
[35],765119,The Bubble,en,The Bubble,5.3064,2022-03-25,4.604,526,Available
[99],1517772,Unknown Number: The High School Catfish,en,Unknown Number: The High School Catfish,5.0159,2025-08-28,6.753,235,Available
"[10749, 18]",1755674,Summer Rain,en,Summer Rain,6.1055,,0.0,0,Unknown
"[80, 28, 53]",438674,Dragged Across Concrete,en,Dragged Across Concrete,5.7782,2019-02-21,6.596,1163,Available
"[35, 28, 12, 878]",567604,Once Upon a Deadpool,en,Once Upon a Deadpool,5.7726,2018-12-11,7.116,867,Available
"[18, 36, 10752]",10142,Casualties of War,en,Casualties of War,4.9727,1989-08-18,7.161,1043,Available
"[35, 28]",9622,Beverly Hills Ninja,en,Beverly Hills Ninja,5.2642,1997-01-17,5.658,868,Available
"[878, 18, 53]",1317088,The Assessment,en,The Assessment,5.2807,2025-03-21,6.842,475,Available
"[28, 12]",1408,Cutthroat Island,en,Cutthroat Island,5.5478,1995-12-22,5.803,646,Available
"[53, 80]",9558,King of New York,en,King of New York,5.0907,1990-07-18,6.763,816,Available
"[18, 53, 27]",9272,The Good Son,en,The Good Son,5.0522,1993-09-24,6.8,1079,Available
"[28, 53]",1331375,Dominique,en,Dominique,5.5801,2024-10-11,6.676,187,Available
[16],511142,The Tooth,fr,La dent,5.3747,2017-09-15,0.0,0,Available
"[9648, 53, 28, 18]",862552,The Ritual Killer,en,The Ritual Killer,5.1169,2023-03-09,5.829,378,Available
"[28, 35, 80]",2334,Taxi 3,fr,Taxi 3,5.7028,2003-01-29,5.763,1703,Available
"[35, 18, 10749]",353069,Mother's Day,en,Mother's Day,6.1562,2016-04-28,5.976,1322,Available
"[53, 18]",568091,Fractured,en,Fractured,5.8934,2019-09-22,6.769,2995,Available
"[18, 53, 878]",43933,Monsters,en,Monsters,5.5178,2010-06-18,6.19,1833,Available
"[36, 18]",11450,Quiz Show,en,Quiz Show,5.2969,1994-08-25,7.247,1015,Available
[18],166725,The Dwarf,fr,Le Nain,7.1241,1912-09-12,4.643,7,Available
"[18, 35, 10749, 10402]",243,High Fidelity,en,High Fidelity,5.627,2000-03-17,7.131,2259,Available
[27],17898,Silver Bullet,en,Silver Bullet,5.5716,1985-10-10,6.7,723,Available
"[35, 18]",4255,The Party at Kitty and Stud's,en,The Party at Kitty and Stud's,6.5682,1970-02-10,3.842,79,Available
[18],458737,First Reformed,en,First Reformed,5.1816,2018-05-18,6.967,1488,Available
[18],345885,Séraphin,fr,Séraphin,6.0655,1950-02-17,8.0,3,Available
"[35, 14]",1097870,Dear Santa,en,Dear Santa,5.8449,2024-11-24,6.161,528,Available
"[10749, 18]",419478,Midnight Sun,en,Midnight Sun,6.1215,2018-03-22,7.803,3573,Available
"[35, 80]",345914,The House,en,The House,5.5125,2017-06-29,5.633,998,Available
"[53, 28, 12, 80]",8978,Assault on Precinct 13,en,Assault on Precinct 13,5.5121,2005-01-19,6.184,1240,Available
"[18, 53]",1128655,The Surfer,en,The Surfer,6.0152,2025-04-11,5.736,366,Available
"[12, 28, 14, 10752, 36]",127533,Rurouni Kenshin Part I: Origins,ja,るろうに剣心,5.2991,2012-08-25,7.534,941,Available
[18],239679,After The Storm,lv,Pēc vētras,6.7022,1956-11-26,9.0,1,Available
[18],16804,Departures,ja,おくりびと,5.8084,2008-09-13,7.9,958,Available
"[80, 18]",4816,Ghost Dog: The Way of the Samurai,en,Ghost Dog: The Way of the Samurai,5.4533,1999-10-06,7.348,1460,Available
"[35, 10751, 10749]",19186,The Parent Trap,en,The Parent Trap,5.4217,1961-05-13,7.0,439,Available
"[27, 10749, 35]",1302916,Heart Eyes,en,Heart Eyes,5.712,2025-02-06,6.224,593,Available
"[18, 35]",2755,About Schmidt,en,About Schmidt,5.0816,2002-12-12,6.868,1408,Available
"[12, 80]",102531,José María,es,José María,6.1797,1963-01-01,6.5,2,Available
"[18, 10749]",73134,Tender Cousins,fr,Tendres Cousines,6.1131,1980-11-19,5.814,94,Available
"[28, 16, 878, 10770]",39101,Dragon Ball Z: The Tree of Might,ja,ドラゴンボールZ 地球まるごと超決戦,5.5463,1990-06-07,6.549,637,Available
"[14, 18, 10751]",10510,Miracle on 34th Street,en,Miracle on 34th Street,5.4157,1994-11-18,6.758,1192,Available
"[27, 14, 53]",11428,Sleepwalkers,en,Sleepwalkers,5.5207,1992-04-10,6.086,646,Available
"[35, 18, 10749]",625450,Tall Girl,en,Tall Girl,5.0581,2019-09-13,6.276,1975,Available
"[35, 10749]",583083,The Kissing Booth 2,en,The Kissing Booth 2,5.3421,2020-07-24,7.598,5170,Available
"[10749, 18]",1522377,Two Worlds One Wish,tr,İki Dünya Bir Dilek,5.9729,2025-11-24,7.25,52,Available
"[27, 53]",10823,Children of the Corn,en,Children of the Corn,5.1236,1984-03-09,5.73,1165,Available
"[28, 80, 18, 53]",972614,Knox Goes Away,en,Knox Goes Away,6.1513,2024-03-15,6.96,525,Available
"[35, 878, 12, 10751]",11260,Meet Dave,en,Meet Dave,5.9132,2008-07-08,5.329,1592,Available
"[53, 27]",306947,The Invitation,en,The Invitation,5.6714,2016-04-08,6.423,2942,Available
[18],397215,Kolorádó Kid,hu,Kolorádó Kid,5.3202,2010-10-14,3.333,3,Available
"[10749, 18]",1400032,10DANCE,ja,10DANCE,5.4424,2025-12-17,7.557,122,Available
"[35, 27, 878]",10925,The Return of the Living Dead,en,The Return of the Living Dead,5.3358,1985-04-25,7.197,2352,Available
[35],131304,Firehouse,en,Firehouse,5.782,1987-08-01,3.8,20,Available
"[37, 35, 28, 12]",347969,The Ridiculous 6,en,The Ridiculous 6,5.3097,2015-12-11,5.237,1565,Available
"[27, 35]",16281,Creepshow,en,Creepshow,5.4209,1982-11-10,6.898,1186,Available
[35],11017,Billy Madison,en,Billy Madison,5.4935,1995-02-10,6.175,1866,Available
[35],14367,Adventures in Babysitting,en,Adventures in Babysitting,4.8829,1987-07-01,6.87,788,Available
"[35, 27]",1018416,Slaughter Beach,en,Slaughter Beach,7.5965,2022-10-08,7.0,1,Available
"[35, 27, 878]",3980,Critters,en,Critters,5.7325,1986-04-11,6.488,1139,Available
"[28, 18]",1636891,Mexicali,en,Mexicali,5.8418,2026-03-13,7.8,72,Available
"[18, 35]",626735,Dog,en,Dog,5.4029,2022-02-17,7.3,1802,Available
[18],25793,Precious: Based on the Novel 'Push' by Sapphire,en,Precious: Based on the Novel 'Push' by Sapphire,5.3289,2009-11-06,7.314,1814,Available
"[18, 10749]",1518121,Ligaya,tl,Ligaya,5.2606,2025-08-01,6.0,4,Available
"[16, 35, 18]",783675,The First Slam Dunk,ja,THE FIRST SLAM DUNK,5.001,2022-12-03,7.757,562,Available
"[53, 18, 27]",10493,Dead Calm,en,Dead Calm,5.6067,1989-04-07,6.557,851,Available
[18],478925,Die Entführung,de,Die Entführung,5.141,1936-03-31,8.0,1,Available
"[9648, 14]",1716450,Cold Case,nl,Cold Case,6.8771,2023-11-27,0.0,0,Available
"[27, 9648, 53]",605804,The Wretched,en,The Wretched,5.3403,2019-12-15,6.039,714,Available
"[18, 10749, 878, 12]",401513,Attraction,ru,Притяжение,5.1779,2017-01-26,6.664,939,Available
[],257943,Quiéreme más,es,Quiéreme más,6.5379,2013-05-30,0.0,0,Available
"[35, 10749, 80]",333385,Mr. Right,en,Mr. Right,5.7728,2016-02-29,6.44,1491,Available
"[18, 80]",283235,99 Homes,en,99 Homes,5.7727,2015-09-25,6.809,880,Available
"[27, 9648]",1125311,Imaginary,en,Imaginary,5.771,2024-03-06,5.879,718,Available
"[28, 18, 36]",54512,Portrait of the Fighter as a Young Man,ro,Portretul luptătorului la tinereţe,5.7703,2010-02-13,7.1,13,Available
"[10402, 36, 18]",998846,Back to Black,en,Back to Black,5.7699,2024-04-11,6.665,749,Available
[18],684268,Operación Antartida,es,Operación Antartida,5.7699,1957-07-25,10.0,2,Available
[35],177205,Suicídio Encomendado,pt,Suicídio Encomendado,5.7699,2007-03-14,7.0,2,Available
"[28, 80, 53, 9648]",17466,Death Warrant,en,Death Warrant,5.7691,1990-09-14,6.274,651,Available
"[28, 12, 80, 35, 18, 53]",25716,Crows Zero II,ja,クローズZERO II,5.769,2009-04-11,7.23,250,Available
"[18, 36]",821881,The Swimmers,en,The Swimmers,5.7689,2022-09-08,7.416,659,Available
"[80, 35, 53]",9430,Go,en,Go,5.7682,1999-04-09,6.972,854,Available
"[18, 53]",1259983,Guru,fr,Gourou,5.7677,2026-01-28,6.061,261,Available
"[28, 35, 99]",656663,Jackass Forever,en,Jackass Forever,5.7676,2022-02-01,6.8,973,Available
[18],1757146,NOCTURNAL ADDICTION,pt,VÍCIO NOTURNO,5.7672,2025-11-20,0.0,0,Available
"[27, 53]",11569,Hellraiser III: Hell on Earth,en,Hellraiser III: Hell on Earth,5.7666,1992-09-11,5.64,871,Available
"[14, 35, 10751]",322240,Nine Lives,en,Nine Lives,5.7665,2016-08-03,5.833,1161,Available
[18],215006,Ellis Island,en,Ellis Island,5.7661,1936-11-04,6.25,4,Available
"[12, 10749, 28]",10907,The Adventures of Robin Hood,en,The Adventures of Robin Hood,5.7661,1938-05-13,7.474,872,Available
"[28, 80]",9501,Crying Freeman,en,Crying Freeman,5.766,1995-04-23,6.37,369,Available
"[28, 53, 10752, 12]",460555,Operation Red Sea,zh,红海行动,5.7644,2018-02-16,7.371,445,Available
"[10402, 99]",581429,The Reich's Orchestra,de,Das Reichsorchester,6.7225,2007-11-01,6.5,4,Available
"[28, 12, 35, 53]",11375,Hollywood Homicide,en,Hollywood Homicide,5.7504,2003-06-09,5.241,719,Available
"[28, 18, 53]",626872,Emergency Declaration,ko,비상선언,5.4099,2022-08-03,7.445,447,Available
"[35, 10751, 14]",14136,The Love Bug,en,The Love Bug,5.7251,1968-12-23,6.568,662,Available
"[28, 878]",1687,Escape from the Planet of the Apes,en,Escape from the Planet of the Apes,5.374,1971-05-20,6.397,1273,Available
"[10749, 18, 10402, 35]",369557,Sing Street,en,Sing Street,5.374,2016-03-11,7.856,2507,Available
[35],300439,Operation Mantis,es,Operación Mantis,6.3712,1984-01-01,3.5,4,Available
[18],1523,The Last King of Scotland,en,The Last King of Scotland,5.244,2006-09-27,7.409,2444,Available
[],1118741,Fallen Aliens,tl,Fallen Aliens,5.6071,2023-05-03,0.0,0,Available
"[35, 18, 10751]",11887,High School Musical 3: Senior Year,en,High School Musical 3: Senior Year,5.5713,2008-10-11,6.539,3645,Available
"[16, 35, 12, 10751]",170522,Asterix: The Mansions of the Gods,fr,Astérix : Le Domaine des dieux,5.6823,2014-11-26,6.793,1497,Available
[],623117,Black Sun,tr,Siyah Güneş,5.0325,2019-08-12,5.0,4,Available
"[28, 35, 80, 18]",45186,Big Bad Mama,en,Big Bad Mama,5.6644,1974-09-19,5.7,76,Available
[28],929130,Heroine in Peril Omnibus - Fighter of the Sun Leona V,ja,ヒロインピンチオムニバス04　太陽の戦士レオーナV,6.0245,2013-08-23,0.0,0,Available
"[35, 80]",957304,Drive-Away Dolls,en,Drive-Away Dolls,5.3318,2024-02-22,5.502,616,Available
[18],914266,Maidenhood,es,La Baláhna,5.712,2022-10-22,7.333,3,Available
"[35, 18, 36]",140823,Saving Mr. Banks,en,Saving Mr. Banks,5.3769,2013-11-29,7.334,3561,Available
[99],1662432,Finding Harry: The Craft Behind the Magic,en,Finding Harry: The Craft Behind the Magic,5.8072,2026-04-05,7.6,40,Available
"[28, 53, 80]",20676,Deep Cover,en,Deep Cover,5.5569,1992-04-15,6.816,276,Available
"[27, 878]",4961,Mimic,en,Mimic,4.9846,1997-08-22,6.087,1305,Available
"[28, 12, 16, 878]",652754,Dragon Ball Z Side Story: Plan to Eradicate the Saiyans,ja,ドラゴンボールZ外伝 サイヤ人絶滅計画,5.3415,1993-09-23,6.5,67,Available
"[28, 27, 53]",13022,Rogue,en,Rogue,5.7921,2007-11-08,6.305,789,Available
[35],951,Kindergarten Cop,en,Kindergarten Cop,5.654,1990-12-21,6.135,2893,Available
[28],35854,Flash Point,cn,導火線,5.2472,2007-07-26,6.953,382,Available
"[878, 12, 18]",1258151,Kraken,ru,Кракен,5.2892,2025-04-17,6.816,106,Available
"[80, 18, 36]",499546,We,nl,Wij,6.2892,2018-07-12,5.363,124,Available
"[80, 18, 53]",8286,The Unfaithful Wife,fr,La Femme infidèle,5.5693,1969-01-22,6.885,152,Available
"[53, 12, 28]",602654,Horizon Line,en,Horizon Line,5.2977,2020-10-29,5.577,430,Available
"[16, 10751, 35]",15400,Mickey's Once Upon a Christmas,en,Mickey's Once Upon a Christmas,6.309,1999-10-31,7.139,732,Available
"[878, 28, 12]",681887,Cosmic Sin,en,Cosmic Sin,6.0244,2021-03-12,3.964,593,Available
"[35, 18, 80]",4985,The Longest Yard,en,The Longest Yard,5.9177,1974-08-21,6.745,335,Available
[27],1321491,The Banished,en,The Banished,5.5967,2025-07-18,4.431,29,Available
[18],7979,The Kite Runner,en,The Kite Runner,5.5678,2007-12-14,7.332,1279,Available
"[28, 35, 80]",11078,National Security,en,National Security,5.7644,2003-01-17,5.981,1096,Available
"[53, 80, 9648]",13483,Awake,en,Awake,5.515,2007-11-28,6.593,1614,Available
"[16, 28, 10751]",59387,The Powerpuff Girls Movie,en,The Powerpuff Girls Movie,5.5564,2002-07-03,6.815,360,Available
"[28, 16, 12, 35, 14, 878]",39144,Dragon Ball: Curse of the Blood Rubies,ja,ドラゴンボール 神龍の伝説,5.6869,1986-12-20,6.871,385,Available
"[10749, 18, 35]",988078,Through My Window: Across the Sea,es,A través del mar,5.3766,2023-06-23,6.572,980,Available
"[80, 18, 53]",7972,Before the Devil Knows You're Dead,en,Before the Devil Knows You're Dead,5.9116,2007-09-26,7.109,1799,Available
[],1751753,Schwedens Krone,en,Schwedens Krone,5.7122,2023-01-04,0.0,0,Available
"[28, 80]",278215,Ring Tone,ml,റിങ്ങ്  Tone,5.2524,2010-06-04,4.7,3,Available
"[10402, 99]",1041513,Encanto at the Hollywood Bowl,en,Encanto at the Hollywood Bowl,5.1,2022-12-27,6.976,168,Available
"[35, 10749]",16538,"I Love You, Man",en,"I Love You, Man",5.4522,2009-03-20,6.567,1994,Available
"[28, 80, 12]",452551,The Adventurers,cn,The Adventurers,6.0605,2017-08-11,5.959,193,Available
[18],7874,Black Snake Moan,en,Black Snake Moan,5.3078,2006-12-31,6.829,1006,Available
"[18, 37, 12]",581032,News of the World,en,News of the World,6.3099,2020-12-25,6.906,1982,Available
"[35, 18, 53]",1172676,Poison,en,Poison,4.8773,2023-09-29,6.843,632,Available
[99],627905,Static,no,Static,7.182,1995-01-01,0.0,0,Available
[18],1913,The Sea Inside,es,Mar adentro,5.125,2004-09-03,7.561,1046,Available
"[10749, 9648, 53]",695969,Haseen Dillruba,hi,हसीन दिलरुबा,3.886,2021-06-30,6.784,125,Available
[35],2925,The First Wives Club,en,The First Wives Club,5.402,1996-09-20,6.704,844,Available
"[35, 18]",415541,My Pussy is the Best,es,Mi conejo es el mejor,6.4349,1982-10-10,5.0,10,Available
"[35, 18]",565310,The Farewell,en,The Farewell,5.5312,2019-07-12,7.411,1582,Available
"[10749, 35, 10402, 18]",606679,The High Note,en,The High Note,5.8294,2020-06-10,7.0,480,Available
[10749],679057,Bosomy Tae-hee,ko,가슴 큰 태희,5.392,2020-02-27,4.7,7,Available
"[35, 10402, 14, 12]",2179,Tenacious D in The Pick of Destiny,en,Tenacious D in The Pick of Destiny,5.9562,2006-11-22,6.798,1848,Available
"[18, 10749, 36]",12184,The Other Boleyn Girl,en,The Other Boleyn Girl,5.1722,2008-02-28,6.706,2277,Available
[27],157547,Oculus,en,Oculus,5.9107,2014-04-03,6.496,3277,Available
"[878, 28, 12, 53]",193,Star Trek: Generations,en,Star Trek: Generations,5.2925,1994-11-18,6.52,1552,Available
"[18, 36]",711,Finding Forrester,en,Finding Forrester,5.1659,2000-12-21,7.123,1258,Available
"[16, 14, 10751, 10402, 35]",683127,Earwig and the Witch,ja,アーヤと魔女,5.1924,2021-02-03,5.891,311,Available
"[35, 10751, 10749]",33689,It Takes Two,en,It Takes Two,5.3477,1995-11-17,6.498,1001,Available
"[35, 80]",2069,The Whole Nine Yards,en,The Whole Nine Yards,5.5163,2000-02-18,6.469,2130,Available
"[27, 18, 878]",1284460,Alpha,fr,Alpha,5.6834,2025-08-20,6.199,136,Available
"[10751, 35]",18736,The Lizzie McGuire Movie,en,The Lizzie McGuire Movie,5.5803,2003-05-02,6.333,1359,Available
"[27, 9648, 53]",12205,Dark Water,ja,仄暗い水の底から,5.7124,2002-01-19,6.826,753,Available
"[27, 35]",13122,The People Under the Stairs,en,The People Under the Stairs,5.2915,1991-11-01,6.559,793,Available
"[18, 36]",3777,Throne of Blood,ja,蜘蛛巣城,5.3483,1957-01-15,7.9,1015,Available
[18],290917,Red Earth,hu,Vörös föld,5.6366,1982-09-06,7.0,5,Available
"[53, 18, 9648]",14462,The Manchurian Candidate,en,The Manchurian Candidate,5.0942,2004-07-30,6.493,1797,Available
[28],107503,The Magic Ring,zh,Shen huan,5.6472,1976-09-17,0.0,0,Available
"[10749, 18]",481891,An Affair: My Friend's Mom,ko,정사: 친구의 엄마,5.8996,2017-08-24,3.714,7,Available
[35],10406,Encino Man,en,Encino Man,5.1341,1992-05-22,5.802,739,Available
"[80, 53, 28]",9846,To Live and Die in L.A.,en,To Live and Die in L.A.,4.9081,1985-11-01,7.118,837,Available
"[14, 27, 10749]",11979,Queen of the Damned,en,Queen of the Damned,5.4996,2002-02-10,6.117,1209,Available
"[18, 53, 36]",698948,Thirteen Lives,en,Thirteen Lives,5.863,2022-07-18,7.819,1569,Available
"[9648, 35, 80]",766475,See How They Run,en,See How They Run,5.7001,2022-09-09,6.333,1344,Available
"[18, 35]",1465557,"Our Hero, Balthazar",en,"Our Hero, Balthazar",5.0757,2026-03-27,7.0,16,Available
[35],1283401,Breaking Cody,en,Breaking Cody,5.9765,2021-05-27,0.0,0,Available
[10402],581364,Corpornô,pt,Corpornô,5.6424,2013-09-30,0.0,0,Available
"[16, 53, 878]",823,Jin-Roh: The Wolf Brigade,ja,人狼 JIN-ROH,5.4186,1999-11-17,7.397,583,Available
"[80, 10749, 53]",438689,Siberia,en,Siberia,5.4678,2018-07-13,4.755,627,Available
[35],208134,Jackass Presents: Bad Grandpa,en,Jackass Presents: Bad Grandpa,5.4841,2013-10-22,6.184,1744,Available
[18],374473,"I, Daniel Blake",en,"I, Daniel Blake",5.1364,2016-10-21,7.714,1570,Available
"[18, 53]",702,A Streetcar Named Desire,en,A Streetcar Named Desire,5.3402,1951-09-18,7.6,1518,Available
"[28, 16, 878, 10752]",19256,Mobile Suit Zeta Gundam - A New Translation I: Heirs to the Stars,ja,機動戦士Ζガンダム A New Translation 星を継ぐ者,5.5051,2005-05-28,6.741,27,Available
"[28, 12, 35]",10136,The Golden Child,en,The Golden Child,5.531,1986-12-12,5.939,1218,Available
[35],11077,Problem Child,en,Problem Child,5.5686,1990-07-27,6.199,947,Available
"[18, 10752]",227306,Unbroken,en,Unbroken,5.5866,2014-12-25,7.417,4443,Available
"[27, 53]",514593,You Should Have Left,en,You Should Have Left,5.3925,2020-06-18,6.078,1010,Available
"[18, 10749]",228205,The Longest Ride,en,The Longest Ride,5.5805,2015-04-09,7.636,3370,Available
"[18, 27, 53]",63197,Megan Is Missing,en,Megan Is Missing,5.2298,2011-05-01,6.132,873,Available
"[28, 35, 53, 9648]",345915,Once Upon a Time in Venice,en,Once Upon a Time in Venice,5.7932,2017-06-08,5.219,723,Available
"[12, 10751, 878]",14199,The Adventures of Sharkboy and Lavagirl,en,The Adventures of Sharkboy and Lavagirl,5.4067,2005-06-10,5.207,1644,Available
[18],931035,Elder Sister's Diary,ja,姉日記,5.4585,1984-06-29,4.2,5,Available
"[35, 10749, 18]",6620,Sabrina,en,Sabrina,5.2672,1954-09-01,7.5,1391,Available
[18],806368,The Son,en,The Son,5.9541,2022-11-10,6.759,602,Available
"[10752, 28, 12]",3536,U-571,en,U-571,5.6357,2000-04-20,6.55,1409,Available
"[35, 18, 10749]",1320660,Pati Patni Aur Woh Do,hi,पति पत्नी और वो दो,5.9435,2026-05-15,6.0,20,Available
"[27, 14]",10351,Wishmaster,en,Wishmaster,5.1715,1997-09-19,6.121,730,Available
[18],58633,Jimmy Rivière,fr,Jimmy Rivière,5.9213,2011-03-09,4.0,4,Available
"[35, 18, 10749]",37786,Sex and the City 2,en,Sex and the City 2,5.2803,2010-05-26,6.04,1756,Available
"[53, 27]",1428990,This Is Not a Test,en,This Is Not a Test,5.6847,2026-02-20,5.559,76,Available
[18],472674,The Goldfinch,en,The Goldfinch,5.3878,2019-09-12,7.12,956,Available
"[28, 35, 18]",16269,God of Gamblers,cn,賭神,5.6587,1989-12-14,7.24,198,Available
"[10751, 35, 12, 14]",38745,Gulliver's Travels,en,Gulliver's Travels,5.5212,2010-12-23,5.224,2612,Available
[18],916405,The Quiet Girl,ga,An Cailín Ciúin,5.3476,2022-05-12,7.466,595,Available
"[27, 53]",42941,30 Days of Night: Dark Days,en,30 Days of Night: Dark Days,5.4444,2010-10-04,4.998,612,Available
"[14, 28, 12, 18]",2137,The Storm Riders,zh,風雲：雄霸天下,5.8943,1998-07-18,6.5,111,Available
"[12, 99]",447375,Terceiro Milênio,pt,Terceiro Milênio,5.3703,1981-08-01,6.6,5,Available
[35],326282,Aadu,ml,ആട്,5.3988,2015-02-06,6.872,39,Available
"[12, 28, 53]",16353,Ong Bak 2,th,องค์บาก 2,5.717,2008-12-04,6.492,746,Available
"[18, 14, 9648, 10749]",137321,Winter's Tale,en,Winter's Tale,5.6043,2014-02-13,6.281,1432,Available
"[28, 12, 80, 53]",2207,16 Blocks,en,16 Blocks,5.8803,2006-03-01,6.46,2167,Available
[],691052,Our House,xx,Meidän talomme,4.5512,2018-11-27,0.0,0,Available
"[18, 53]",13825,The Lazarus Project,en,The Lazarus Project,5.218,2008-10-24,5.965,404,Available
"[12, 35, 10751, 14]",10488,Nim's Island,en,Nim's Island,5.9053,2008-04-03,5.932,1214,Available
"[10749, 35]",1429605,F Valentine's Day,en,F Valentine's Day,5.8474,2026-02-12,6.0,79,Available
"[80, 53]",105819,The Peeping Tom,cn,赤足驚魂,4.8598,1997-03-21,4.875,12,Available
"[10402, 16, 10751, 14]",302429,Strange Magic,en,Strange Magic,6.0865,2015-01-23,7.247,594,Available
[18],113,"Spring, Summer, Fall, Winter... and Spring",ko,봄 여름 가을 겨울 그리고 봄,4.7421,2003-09-19,7.799,1236,Available
"[14, 18]",34647,Enter the Void,en,Enter the Void,6.0527,2010-05-05,7.28,2046,Available
"[18, 80, 53, 9648]",331962,Exposed,en,Exposed,5.621,2016-01-22,4.934,595,Available
"[12, 14, 878, 10751]",475430,Artemis Fowl,en,Artemis Fowl,5.6496,2020-05-29,5.52,1759,Available
"[53, 36]",121876,Operation Autumn,pt,Operação Outono,6.1114,2012-11-22,6.8,5,Available
"[35, 80]",97434,Gambit,en,Gambit,5.1074,2012-04-25,5.523,741,Available
"[80, 28, 53, 18]",10649,The Enforcer,en,The Enforcer,6.1411,1976-12-16,6.726,1021,Available
"[878, 28, 16, 9648]",142061,"Batman: The Dark Knight Returns, Part 2",en,"Batman: The Dark Knight Returns, Part 2",5.8645,2013-01-03,7.923,1630,Available
"[35, 10749, 14, 18]",103332,Ruby Sparks,en,Ruby Sparks,5.4723,2012-07-25,7.109,1831,Available
"[28, 12, 16, 878, 18, 14]",65291,Green Lantern: Emerald Knights,en,Green Lantern: Emerald Knights,5.4908,2011-06-07,6.655,566,Available
"[18, 10749]",1135869,Salome,xx,Kelas Bintang - Salome,5.5245,2023-05-13,10.0,2,Available
"[53, 16, 28, 80]",242643,Batman: Assault on Arkham,en,Batman: Assault on Arkham,5.2105,2014-08-12,7.322,1208,Available
"[18, 35]",343475,Spider Football,hu,Pókfoci,5.9586,1976-06-05,6.5,4,Available
"[28, 53]",1093995,Chief of Station,en,Chief of Station,5.3059,2024-05-02,6.295,263,Available
[],486968,"Adiós, tiburón",es,"Adiós, tiburón",7.8888,1996-11-13,0.0,0,Available
"[35, 18, 10749]",664035,Love Sarah,en,Love Sarah,5.4852,2020-07-02,6.185,84,Available
[18],510638,Mountain Fever,en,Bergfieber,5.901,2016-01-01,6.0,1,Available
[35],18480,Brüno,en,Brüno,4.9261,2009-07-08,5.6,1976,Available
"[10749, 18]",719410,Your Name Engraved Herein,zh,刻在你心底的名字,5.4605,2020-09-30,7.884,314,Available
"[878, 53]",1225675,Master Control,en,Master Control,6.5882,2024-01-03,0.0,0,Available
[18],298319,Fish,tr,Balık,5.7258,2014-10-17,5.167,6,Available
"[18, 35, 10749]",11178,My Sassy Girl,ko,엽기적인 그녀,5.6333,2001-07-27,7.548,679,Available
[18],1756547,Alice Appears,fr,Alice Appears,5.5336,2026-09-11,0.0,0,Available
"[35, 10402]",1403003,A Carpool Karaoke Christmas,en,A Carpool Karaoke Christmas,5.3336,2024-12-15,6.125,8,Available
"[27, 53]",134597,The Collection,en,The Collection,5.432,2012-11-30,6.393,1179,Available
"[35, 18]",11545,Rushmore,en,Rushmore,5.3508,1998-12-11,7.4,2806,Available
[16],376937,The Gingerbread House,cs,Perníková chaloupka,6.7779,1951-08-31,7.0,2,Available
"[16, 14, 10751, 10749]",13313,Beauty and the Beast: The Enchanted Christmas,en,Beauty and the Beast: The Enchanted Christmas,5.9159,1997-11-11,6.232,1113,Available
[18],27585,Rabbit Hole,en,Rabbit Hole,5.288,2010-12-16,6.634,678,Available
"[14, 16, 28]",17581,Naruto Shippuden the Movie: Bonds,ja,劇場版 NARUTO -ナルト- 疾風伝 絆,5.5113,2008-08-02,7.318,531,Available
[99],485226,8 Fotógrafos,es,8 Fotógrafos,5.7343,2012-09-25,0.0,0,Available
[37],576,The Wild Bunch,en,The Wild Bunch,6.2148,1969-06-19,7.592,1375,Available
"[35, 28]",325358,Superfast!,en,Superfast!,4.9365,2015-03-05,5.12,526,Available
[99],1058974,Goodbye Words,fi,Jäähyväiset sanoille,5.7812,2023-01-25,0.0,0,Available
"[18, 35]",228194,The Hundred-Foot Journey,en,The Hundred-Foot Journey,5.0985,2014-08-06,7.267,1579,Available
[18],1754942,Moon River,pt,Crescente,5.3208,2026-08-22,0.0,0,Available
[18],211816,Secret World,en,La Promesse,6.1874,1969-07-09,6.25,4,Available
"[37, 28, 18]",11509,Silverado,en,Silverado,5.4612,1985-07-10,6.95,847,Available
"[35, 18]",1206008,Ella McCay,en,Ella McCay,5.7869,2025-12-11,5.6,144,Available
"[18, 35, 27]",1422120,Mermaid,en,Mermaid,5.327,2026-04-08,5.0,9,Available
[35],82687,The Guilt Trip,en,The Guilt Trip,5.3194,2012-12-19,5.614,782,Available
"[35, 10749, 18]",972230,Maybe I Do,en,Maybe I Do,5.5941,2023-01-27,5.5,288,Available
[99],390850,Pócspetri,hu,Pócspetri,6.4481,1983-04-01,6.75,4,Available
"[18, 9648]",823766,The Wonder,en,The Wonder,5.4073,2022-11-02,6.598,1007,Available
[99],723369,Sulev Nõmmik,et,Sulev Nõmmik,6.2566,1987-11-20,0.0,0,Available
"[18, 878, 10749]",844,2046,zh,2046,5.9184,2004-09-29,7.243,1113,Available
[18],337844,In Dubious Battle,en,In Dubious Battle,5.4369,2016-10-08,5.809,160,Available
[18],1076027,The Holiday Gift,tr,Bayram Harçlığı,5.9538,2013-11-28,0.0,0,Available
"[10749, 18, 35]",9715,Hope Floats,en,Hope Floats,5.8771,1998-05-29,6.433,513,Available
[35],12154,3 Men and a Baby,en,3 Men and a Baby,4.7438,1987-11-27,6.172,1134,Available
[27],36073,Guinea Pig Part 2: Flower of Flesh and Blood,ja,ギニーピッグ2 血肉の華,4.7783,1985-10-07,4.56,142,Available
"[80, 9648, 53]",60670,The Crimson Rivers,fr,Les Rivières pourpres,5.5692,2000-09-27,6.92,1800,Available
"[35, 10749]",2018,The Wedding Planner,en,The Wedding Planner,5.7152,2001-01-26,5.925,1859,Available
"[80, 18]",1294698,Case 137,fr,Dossier 137,6.5731,2025-11-19,6.9,280,Available
"[18, 36, 27]",41215,Black Death,en,Black Death,5.2198,2010-06-07,6.075,998,Available
"[10752, 18]",581859,Da 5 Bloods,en,Da 5 Bloods,5.3677,2020-06-12,6.419,1196,Available
"[18, 80, 53]",2001,We Own the Night,en,We Own the Night,5.5581,2007-10-12,6.686,1564,Available
[18],284062,Freedom Station,pt,Estação Liberdade,5.8657,2013-06-04,5.5,2,Available
"[35, 18, 10749]",72207,The Five-Year Engagement,en,The Five-Year Engagement,5.2996,2012-04-27,5.848,1435,Available
"[35, 18]",523172,Late Night,en,Late Night,5.3218,2019-01-25,6.387,900,Available
"[35, 10751]",22949,Old Dogs,en,Old Dogs,4.9769,2009-11-24,5.551,804,Available
"[18, 10752, 36]",17295,The Battle of Algiers,it,La battaglia di Algeri,5.048,1966-09-08,7.9,924,Available
"[28, 80]",352827,The Call of Blood,ja,俺たちの血が許さない,5.2166,1964-10-03,5.75,8,Available
"[37, 10402, 18]",365093,El ciclón,es,El ciclón,6.1804,1959-10-02,5.571,7,Available
"[10749, 35]",828613,About Fate,en,About Fate,5.3006,2022-09-08,7.5,544,Available
"[12, 878, 37]",2362,Westworld,en,Westworld,5.1802,1973-08-15,6.778,1507,Available
"[80, 28]",1468057,GATAO: Big Brothers,zh,角頭－鬥陣欸,6.0868,2025-08-21,6.154,13,Available
[18],1599230,Elsinore,en,Elsinore,5.3152,2026-11-20,0.0,0,Available
"[35, 80, 53]",11896,Throw Momma from the Train,en,Throw Momma from the Train,4.9924,1987-12-11,6.149,676,Available
"[80, 18, 10749]",1725,West Side Story,en,West Side Story,5.0236,1961-12-13,7.22,2092,Available
"[18, 36]",848200,Cura Brochero,es,Cura Brochero,6.0605,2016-10-13,0.0,0,Available
[35],34000,The Million Pound Note,en,The Million Pound Note,4.8126,1954-01-07,7.0,84,Available
[99],576712,Everybody’s Everything,en,Everybody’s Everything,5.6187,2019-11-12,8.427,310,Available
"[28, 878, 53]",178809,The Colony,en,The Colony,5.559,2013-04-12,5.465,1278,Available
[35],431530,A Bad Moms Christmas,en,A Bad Moms Christmas,5.6703,2017-08-04,6.321,2234,Available
"[28, 35, 53]",18670,Legend of the Red Dragon,cn,洪熙官之少林五祖,5.6697,1994-02-05,7.1,175,Available
"[10752, 18]",238673,Peace on Earth,da,Pax æterna,5.6693,1917-02-15,5.5,4,Available
"[12, 16, 35, 10751, 14, 10770]",438747,Tangled: Before Ever After,en,Tangled: Before Ever After,5.6691,2017-03-10,6.8,408,Available
"[878, 28, 53, 80, 37]",10540,Outland,en,Outland,5.6691,1981-05-22,6.422,727,Available
"[16, 12, 14]",16910,Naruto the Movie: Legend of the Stone of Gelel,ja,劇場版 NARUTO -ナルト- 大激突!幻の地底遺跡だってばよ,5.6686,2005-08-06,6.779,448,Available
"[878, 18, 28]",514207,Invasion,ru,Вторжение,5.6677,2020-02-27,6.874,914,Available
"[18, 10749, 36]",96724,Anna Karenina,en,Anna Karenina,5.6675,2012-09-06,6.692,2441,Available
[18],464733,Trafficked,en,Trafficked,5.6673,2017-10-06,6.644,97,Available
[53],397685,Wikén,es,Wikén,5.6669,2016-04-15,0.0,0,Available
[16],463598,La bête,fr,La bête,5.6662,2013-01-31,5.0,4,Available
[53],1293550,Bandar,hi,बंदर,5.6655,2026-06-04,6.0,5,Available
"[35, 18, 10749]",255,Stolen Kisses,fr,Baisers volés,5.6652,1968-09-04,7.296,471,Available
"[28, 53, 878]",763164,Apex,en,Apex,5.6642,2021-11-12,5.129,620,Available
"[27, 9648]",9877,Urban Legend,en,Urban Legend,5.6638,1998-09-25,5.738,1511,Available
"[35, 18]",17899,"Sex, Party and Lies",es,Mentiras y gordas,5.6637,2009-03-27,4.601,164,Available
"[18, 10752]",10592,Hart's War,en,Hart's War,5.6637,2002-02-15,6.376,1101,Available
"[28, 12, 18, 53]",2320,Executive Decision,en,Executive Decision,5.6637,1996-03-15,6.352,1066,Available
"[18, 10749, 80]",3133,Badlands,en,Badlands,5.6636,1974-01-05,7.457,1384,Available
"[80, 18, 53, 28]",7873,Harsh Times,en,Harsh Times,5.6633,2005-09-11,6.426,802,Available
"[16, 35, 12, 10751]",756397,Hitpig!,en,Hitpig!,5.3103,2024-11-01,6.7,56,Available
"[14, 878, 12]",902,The City of Lost Children,fr,La Cité des enfants perdus,4.5972,1995-05-17,7.25,1258,Available
"[35, 18]",727333,Come from Away,en,Come from Away,5.8007,2021-09-09,7.457,58,Available
"[18, 10749]",239571,The Best of Me,en,The Best of Me,5.5344,2014-10-15,7.5,2742,Available
[35],56123,The Banquet,cn,豪門夜宴,7.8095,1991-11-30,5.8,20,Available
"[35, 18]",152737,August: Osage County,en,August: Osage County,5.3362,2013-12-26,6.863,1618,Available
[18],838082,Dano Lunático,pt,Dano Lunático,6.1833,2023-03-07,0.0,0,Available
"[878, 18]",614911,The Midnight Sky,en,The Midnight Sky,5.6728,2020-12-10,5.731,2073,Available
[99],58496,Senna,en,Senna,5.1402,2010-10-07,8.1,1233,Available
[],980593,Blue Boys,pt,Meninos Tristes,5.8767,2017-08-01,3.0,3,Available
"[53, 27, 10752]",89644,Captive Women 4,fr,Elsa Fräulein SS,5.9571,1977-09-26,4.894,33,Available
"[18, 36]",505707,Waiting for the Barbarians,en,Waiting for the Barbarians,5.8481,2020-07-30,5.92,400,Available
[35],620725,Jexi,en,Jexi,5.848,2019-10-10,6.748,1317,Available
[35],187596,Walk of Shame,en,Walk of Shame,6.3426,2014-05-02,5.967,1556,Available
"[28, 80, 53]",829799,Paradise City,en,Paradise City,5.7865,2022-11-11,5.429,189,Available
"[18, 10749]",471564,The Couple's Sponsor,ko,부부의 스폰서,5.6458,2016-09-09,6.0,1,Available
"[35, 99, 28]",16290,Jackass 3D,en,Jackass 3D,5.1076,2010-10-15,6.642,1519,Available
[18],581734,Nomadland,en,Nomadland,6.1542,2021-01-29,7.159,3459,Available
"[18, 878]",141123,Stay Tuned for Terror,es,Extraña invasión,5.6539,1965-01-01,6.2,5,Available
"[12, 35, 10751, 14, 878]",20856,Aliens in the Attic,en,Aliens in the Attic,5.6533,2009-07-30,5.706,1079,Available
"[27, 53]",1420733,The Cursed: Insatiable Desires,ko,귀시,5.6526,2025-09-17,5.6,9,Available
[99],691972,Guests,ru,Hosci,5.6523,2015-10-10,0.0,0,Available
"[80, 18, 53]",586863,Les Misérables,fr,Les Misérables,5.6519,2019-11-14,7.563,1627,Available
"[10402, 35]",294513,New Faces,en,New Faces,5.6516,1954-02-19,5.889,9,Available
[18],1444454,Diary of a Mad Old Man,ja,Diary of a Mad Old Man,5.6515,2026-09-11,0.0,0,Available
"[16, 80, 9648, 12]",21422,Detective Conan: The Time Bombed Skyscraper,ja,名探偵コナン 時計じかけの摩天楼,5.6508,1997-04-19,7.4,281,Available
"[27, 9648, 53]",926606,The Home,en,The Home,5.6497,2025-07-24,6.879,314,Available
[],1074135,大陆性初航,zh,大陆性初航,5.6485,1986-01-01,0.0,0,Available
"[18, 53]",2176,The Glass House,en,The Glass House,5.6484,2001-09-14,5.974,1133,Available
"[18, 27]",10489,Cujo,en,Cujo,5.6479,1983-08-10,6.179,1165,Available
"[35, 10751, 14]",21972,Like Mike,en,Like Mike,5.6463,2002-07-03,6.097,579,Available
[10749],538335,Mother's Seduction,ko,엄마의 유혹,5.646,2018-07-31,4.7,3,Available
[],757481,Le Flambe,fr,Le Flambe,5.6456,1995-01-01,0.0,0,Available
"[28, 80, 53]",1562032,Father Joe,en,Father Joe,5.6448,2026-09-05,7.5,2,Available
[99],414543,Happy Generation,pt,Geração Feliz,5.644,1999-01-01,10.0,1,Available
"[27, 53, 9648]",524251,I See You,en,I See You,5.6439,2019-09-11,6.975,1705,Available
"[18, 36]",215150,Épuration,fr,Épuration,5.6436,2007-10-15,3.1,5,Available
"[28, 35, 80]",879444,Accident Man: Hitman's Holiday,en,Accident Man: Hitman's Holiday,5.6433,2022-10-14,6.854,271,Available
"[12, 878, 28]",11127,Starship Troopers 3: Marauder,en,Starship Troopers 3: Marauder,5.5509,2008-07-19,4.816,614,Available
[99],458169,Être vivant,fr,Être vivant,6.0631,2013-12-01,6.5,2,Available
"[18, 12]",1588838,To the Max,es,La fiera,5.3651,2026-02-06,6.38,49,Available
"[16, 35, 80]",1725116,Simpsley,en,Simpsley,5.6594,2026-07-03,8.0,75,Available
"[16, 14, 12]",37933,Tales from Earthsea,ja,ゲド戦記,5.7512,2006-07-29,6.5,1535,Available
[99],421029,Movies Are My Life,en,Movies Are My Life,6.156,1988-04-17,6.75,4,Available
[18],1155828,Sing Sing,en,Sing Sing,5.5918,2024-07-12,7.393,398,Available
"[16, 18, 14]",476292,Maquia: When the Promised Flower Blooms,ja,さよならの朝に約束の花をかざろう,5.6788,2018-02-24,8.138,731,Available
[18],325603,Aşk Ruleti,en,Aşk Ruleti,4.9736,2006-01-05,0.0,0,Available
"[53, 27]",185648,The Girl and the Wooden Horse Torture,ja,団鬼六　少女木馬責め,4.9242,1982-12-03,5.9,22,Available
"[28, 80, 27]",9696,Ichi the Killer,ja,殺し屋1,5.4287,2001-12-22,6.995,1145,Available
"[18, 10749]",638449,The Last Letter from Your Lover,en,The Last Letter from Your Lover,4.7131,2021-07-23,7.334,682,Available
"[80, 53, 18]",127978,To Be Unwanted,lv,Liekam būt,6.1056,1977-06-13,6.5,6,Available
[35],15596,Back to School,en,Back to School,5.348,1986-06-13,6.338,515,Available
"[28, 80]",449503,Kill 'em All,en,Kill 'em All,5.9038,2017-06-06,5.721,199,Available
[],784146,When a Man Risks His Life,ja,男が命を賭ける時,5.2737,1959-12-27,0.0,0,Available
[36],447541,Hunting for Englishmen,hu,Vadászat angolokra,6.0735,2006-11-30,6.0,1,Available
[18],620161,Coming Home,vi,Đường Về,5.6306,2016-11-14,0.0,0,Available
[53],1366906,The Gates,en,The Gates,5.1954,2026-03-13,7.636,99,Available
"[9648, 878, 53]",438,Cube Zero,en,Cube Zero,5.0688,2004-10-10,5.66,1193,Available
"[53, 18]",846956,Rogue Agent,en,Rogue Agent,5.6447,2022-08-12,6.262,279,Available
"[53, 18, 9648, 14]",529216,Mirage,es,Durante la tormenta,5.7578,2018-11-30,7.465,2051,Available
"[35, 18, 53]",290,Barton Fink,en,Barton Fink,5.1939,1991-08-01,7.463,1939,Available
"[35, 18]",536464,Vilaiyaattu Pasange,ta,Vilaiyaattu Pasange,6.1129,2011-10-13,9.0,1,Available
"[12, 18, 35]",4538,The Darjeeling Limited,en,The Darjeeling Limited,5.3788,2007-09-07,7.141,4083,Available
[35],740006,Paleontology,en,Paläontologie,5.2685,2018-06-15,3.333,3,Available
[18],1754654,Vera,es,Vera,4.6522,2026-08-24,0.0,0,Available
"[12, 16, 10751]",10199,The Tale of Despereaux,en,The Tale of Despereaux,5.5109,2008-12-18,6.15,1042,Available
"[28, 12]",188207,The Legend of Hercules,en,The Legend of Hercules,5.9275,2014-01-10,4.806,1427,Available
[],99640,I'm The Father,de,Väter,5.7008,2002-09-26,5.0,4,Available
"[35, 18]",489925,Eighth Grade,en,Eighth Grade,5.125,2018-01-19,7.143,1711,Available
[18],86983,Stockholm East,sv,Stockholm Östra,5.4659,2011-10-21,5.446,28,Available
[27],398925,Reggaetón Zombie,es,Reggaetón Zombie,5.5968,2012-01-15,0.0,0,Available
"[10749, 18]",1753413,The Poem,en,The Poem,7.7073,,0.0,0,Unknown
[],336093,Countdown,en,Visszaszámlálás,5.5714,1986-04-16,10.0,1,Available
"[10751, 35]",554241,Playing with Fire,en,Playing with Fire,5.3389,2019-11-08,6.581,769,Available
"[18, 10749]",85592,José Ignacio,es,José Ignacio,6.4414,2009-01-01,0.0,0,Available
"[18, 10749]",22744,Jane Eyre,en,Jane Eyre,4.4248,1943-12-24,6.9,157,Available
[35],10806,In & Out,en,In & Out,4.5323,1997-09-10,6.448,772,Available
[99],722860,A Praça,pt,A Praça,6.4034,2004-10-26,0.0,0,Available
"[28, 878, 53]",156717,Death Race: Inferno,en,Death Race: Inferno,5.1639,2013-01-04,5.871,852,Available
"[28, 53, 80]",15357,District 13: Ultimatum,fr,Banlieue 13 - Ultimatum,5.1311,2009-02-18,6.398,1306,Available
"[10402, 35, 18]",256924,Danny Collins,en,Danny Collins,5.3077,2015-03-19,6.734,595,Available
"[16, 35, 80, 10751]",1497464,Gatto,en,Gatto,6.6415,2027-03-03,0.0,0,Available
"[80, 18, 53]",4413,The Brave One,en,The Brave One,5.8606,2007-09-12,6.586,1121,Available
"[28, 12, 18, 10749]",672322,Rurouni Kenshin: The Beginning,ja,るろうに剣心 最終章 The Beginning,5.257,2021-06-04,7.667,560,Available
"[18, 53]",44982,13,en,13,5.3376,2010-03-12,5.834,936,Available
"[35, 14, 12, 28, 10749]",38319,Your Highness,en,Your Highness,5.2969,2011-04-08,5.311,1488,Available
"[18, 53]",17335,Obsessed,en,Obsessed,5.6158,2009-02-26,5.757,715,Available
"[35, 18, 10770]",1060698,The Hook,it,The Hook,5.6,2023-02-22,0.0,0,Available
[99],449512,Índio Cidadão?,pt,Índio Cidadão?,5.1871,2014-04-19,0.0,0,Available
[35],296149,55 & Older,en,55 & Older,5.9493,2013-08-08,4.154,13,Available
[18],615643,Minari,en,Minari,5.4113,2021-02-12,7.326,1917,Available
[18],262454,The Cheat,fr,Manèges,5.8228,1949-07-26,7.0,19,Available
"[35, 10749, 18, 14]",12797,Ghost Town,en,Ghost Town,5.1806,2008-09-19,6.498,1103,Available
[18],257679,Dead Landscape,hu,Holt vidék,6.6007,1972-04-06,6.667,6,Available
"[9648, 27]",591275,Fear Street: 1666,en,Fear Street: 1666,5.2933,2021-07-14,7.069,2062,Available
[],247810,Rocky Road,lv,Akmeņainais ceļš,5.4614,1983-01-03,0.0,0,Available
"[18, 9648]",850002,Hidden,sq,I fshehur,5.8377,2022-06-11,5.2,2,Available
[18],443463,Leave No Trace,en,Leave No Trace,5.5061,2018-06-29,6.802,1412,Available
"[27, 35]",16337,The Texas Chainsaw Massacre 2,en,The Texas Chainsaw Massacre 2,4.9153,1986-08-22,5.672,1050,Available
"[18, 36, 10749]",4517,Elizabeth: The Golden Age,en,Elizabeth: The Golden Age,5.0143,2007-09-09,6.704,1340,Available
"[12, 18, 10751]",1662414,Propeller One-Way Night Coach,en,Propeller One-Way Night Coach,4.995,2026-05-15,6.34,53,Available
"[35, 18, 10751]",15739,Annie,en,Annie,5.0438,1982-05-21,6.545,794,Available
"[53, 12, 14, 878, 10749]",2134,The Time Machine,en,The Time Machine,5.496,1960-05-25,7.365,946,Available
"[16, 878, 28]",1155089,Justice League: Crisis on Infinite Earths Part One,en,Justice League: Crisis on Infinite Earths Part One,5.3648,2024-01-08,7.2,422,Available
"[16, 10751]",13283,Barbie as the Island Princess,en,Barbie as the Island Princess,5.7316,2007-09-17,7.3,788,Available
"[35, 27, 28, 14]",457943,Slaughterhouse Rulez,en,Slaughterhouse Rulez,5.666,2018-10-31,5.62,515,Available
[],1739320,Racing Heart,es,Racing Heart,5.7915,2026-07-28,0.0,0,Available
"[28, 14, 27]",9945,Vampires,en,Vampires,5.1667,1998-10-30,6.311,1402,Available
"[18, 36, 10752]",643,Battleship Potemkin,ru,Броненосец Потёмкин,5.0245,1925-12-24,7.6,1332,Available
"[35, 18]",99,All About My Mother,es,Todo sobre mi madre,5.732,1999-04-16,7.61,2105,Available
"[99, 10752]",449118,Baglar,tr,Bağlar,6.0511,2016-02-19,0.0,0,Available
"[27, 53]",10007,See No Evil,en,See No Evil,5.5287,2006-05-19,5.437,719,Available
"[28, 35, 10749]",944537,Hello Imperial Guard,zh,Hello 锦衣卫,6.1225,2015-02-14,6.2,2,Available
"[53, 80, 18]",636279,Bogotá: City of the Lost,ko,보고타: 마지막 기회의 땅,4.8368,2024-12-31,7.0,101,Available
"[878, 53]",721625,Songbird,en,Songbird,5.3237,2020-12-10,6.156,798,Available
[99],477968,Família Alcântara,pt,Família Alcântara,6.37,2005-07-07,0.0,0,Available
"[12, 36, 18]",606856,Togo,en,Togo,5.0942,2019-12-20,8.139,2354,Available
"[16, 12, 14, 878, 10751]",162095,Doraemon: Nobita and the Robot Kingdom,ja,映画ドラえもん のび太とロボット王国,5.575,2002-03-09,6.481,28,Available
"[35, 14, 10749]",13477,When in Rome,en,When in Rome,5.3905,2010-01-29,5.9,1298,Available
"[12, 35]",10956,Joe Dirt,en,Joe Dirt,5.0628,2001-04-10,5.654,837,Available
[18],1135582,Dao,fr,Dao,5.4898,2026-04-29,5.3,3,Available
[18],9469,He Got Game,en,He Got Game,5.0243,1998-05-01,6.757,820,Available
"[878, 28, 53]",9920,Ultraviolet,en,Ultraviolet,4.7289,2006-03-03,5.205,1771,Available
[99],1623125,A Gorilla Story: Told by David Attenborough,en,A Gorilla Story: Told by David Attenborough,5.9801,2026-04-16,7.854,48,Available
"[18, 10749]",1089791,The Trace of Your Lips,es,La huella de unos labios,5.7829,2023-06-17,4.667,12,Available
"[14, 28, 12, 10751]",2486,Eragon,en,Eragon,5.3783,2006-12-14,5.14,3516,Available
"[18, 80]",16,Dancer in the Dark,en,Dancer in the Dark,5.1968,2000-09-01,7.837,2063,Available
"[12, 18]",937746,Io Capitano,it,Io capitano,5.324,2023-09-07,7.778,849,Available
[35],1109505,Musheraw(ሙሽራው),am,Musheraw,5.5971,2023-03-31,0.0,0,Available
"[16, 10751]",823610,Seal Team,en,Seal Team,5.2903,2021-10-28,6.9,240,Available
"[12, 53, 18]",8987,The River Wild,en,The River Wild,5.0983,1994-09-30,6.456,987,Available
[35],69798,The Inbetweeners Movie,en,The Inbetweeners Movie,6.1385,2011-08-19,6.199,1012,Available
[],681604,Laço Azul,pt,Laço Azul,6.5062,2017-06-02,10.0,1,Available
"[878, 28, 53]",42684,Skyline,en,Skyline,5.5946,2010-11-11,5.069,1847,Available
"[28, 80, 878, 53]",9271,Virtuosity,en,Virtuosity,5.5946,1995-08-04,5.493,635,Available
"[35, 18]",413597,The Revolutionary,fr,Le Révolutionnaire,5.5937,1965-11-19,7.0,2,Available
[99],1592374,Da Terra,pt,Da Terra,5.5936,2025-03-01,0.0,0,Available
"[27, 53, 28]",760883,Blood Red Sky,de,Blood Red Sky,5.5927,2021-07-23,6.772,1763,Available
"[28, 35, 14]",11817,Bulletproof Monk,en,Bulletproof Monk,5.5926,2003-03-28,5.521,1038,Available
"[53, 80, 27, 18]",467632,Bad Samaritan,en,Bad Samaritan,5.5925,2018-04-19,6.735,793,Available
"[12, 16, 35, 10751]",9975,Curious George,en,Curious George,5.5922,2006-02-10,6.527,582,Available
[18],568522,N.T.R: Kathanayakudu,te,NTR కథానాయకుడు,5.5918,2019-01-09,5.188,16,Available
"[35, 18, 10749]",11931,In Her Shoes,en,In Her Shoes,5.5917,2005-10-07,6.225,1332,Available
"[35, 18]",1509599,Gatta Kusthi 2,ta,கட்டா குஸ்தி 2,5.5916,2026-07-03,4.9,7,Available
"[9648, 12, 18]",469284,Gogol. Viy,ru,Гоголь. Вий,5.5914,2018-04-05,6.2,86,Available
"[99, 36]",1516391,Cover-Up,en,Cover-Up,5.5903,2025-12-19,7.01,50,Available
"[35, 27, 14]",11415,House,en,House,5.5902,1985-12-06,6.173,639,Available
"[14, 12, 35]",14506,The Adventures of Baron Munchausen,en,The Adventures of Baron Munchausen,5.59,1988-12-07,6.982,1032,Available
"[18, 10751]",62837,Dolphin Tale,en,Dolphin Tale,5.5897,2011-09-22,6.902,696,Available
"[9648, 878, 53]",863873,Caddo Lake,en,Caddo Lake,5.5893,2024-11-28,7.257,569,Available
[35],384682,Office Christmas Party,en,Office Christmas Party,5.5893,2016-11-25,5.719,2256,Available
"[18, 36]",854239,Till,en,Till,5.589,2022-10-14,7.32,366,Available
[18],340613,The Wife,en,The Wife,5.5886,2017-08-17,7.056,1141,Available
"[35, 10749]",9038,The Heartbreak Kid,en,The Heartbreak Kid,5.6381,2007-10-05,5.753,1803,Available
[18],343213,Mamá,es,Mamá,6.1795,2010-04-18,0.0,0,Available
[35],482798,La Plume,fr,La Plume,6.4419,1978-05-26,0.0,0,Available
"[12, 37, 27, 35, 18]",10212,Ravenous,en,Ravenous,5.2606,1999-03-16,6.839,718,Available
[99],1162240,Chinese Erotic Movies,zh,中国性戏观,5.3766,1997-03-09,5.0,2,Available
"[12, 878, 35, 28]",18162,Land of the Lost,en,Land of the Lost,5.5649,2009-06-05,5.471,1497,Available
"[37, 18, 36]",11577,Pat Garrett & Billy the Kid,en,Pat Garrett & Billy the Kid,4.2834,1973-05-23,7.2,478,Available
"[28, 53]",15860,Dragon Tiger Gate,cn,龍虎門,5.5254,2006-07-27,6.688,247,Available
"[18, 35, 10749]",370755,Paterson,en,Paterson,5.6264,2016-11-17,7.119,2113,Available
"[10751, 35, 18]",13156,Secondhand Lions,en,Secondhand Lions,5.0683,2003-09-19,7.233,858,Available
[35],881771,Big Brother,fr,Grand Frère,5.7502,2021-10-08,0.0,0,Available
[],1120446,"Anitele×=LOVE Stage Project ""Kemono Friends""",ja,あにてれ×=LOVE ステージプロジェクト「けものフレンズ」,6.9046,2018-02-01,0.0,0,Available
[18],724282,The Sunny Side Up Story,id,Telur Ceplok,5.3004,2020-09-01,0.0,0,Available
"[12, 14, 16, 10751]",16690,Return to Never Land,en,Return to Never Land,5.4374,2002-02-14,6.47,2419,Available
"[878, 28, 12]",8373,Transformers: Revenge of the Fallen,en,Transformers: Revenge of the Fallen,5.253,2009-06-19,6.225,9385,Available
"[35, 80]",11592,Serial Mom,en,Serial Mom,5.1249,1994-04-13,6.733,786,Available
"[14, 27]",10280,Thinner,en,Thinner,5.3535,1996-10-25,5.9,694,Available
"[28, 80, 53]",1458215,The Gentleman Thief,en,The Gentleman Thief,4.8719,2026-07-31,6.0,20,Available
"[12, 53]",1529513,Kong Tao,zh,蛊降,5.053,2026-03-19,6.3,3,Available
"[18, 12]",1754691,Chicken Scratch,en,Chicken Scratch,5.58,,10.0,1,Unknown
"[35, 80, 27, 14]",244458,The Voices,en,The Voices,5.5799,2014-01-19,6.262,1954,Available
"[16, 10751]",23566,Barbie and the Three Musketeers,en,Barbie and the Three Musketeers,5.5799,2009-09-15,7.3,739,Available
"[878, 18, 10770]",7012,The Day After,en,The Day After,5.5794,1983-12-10,6.793,461,Available
"[80, 18, 53]",10388,The Limey,en,The Limey,5.579,1999-10-08,6.536,512,Available
"[80, 53]",1437511,How to Rob a Bank,en,How to Rob a Bank,5.5785,2026-11-11,0.0,0,Available
"[28, 53]",838206,Drive,ko,드라이브,5.5785,2024-06-12,6.028,18,Available
"[28, 12, 18]",445651,The Darkest Minds,en,The Darkest Minds,5.5783,2018-07-25,7.023,2974,Available
"[28, 14, 12]",420426,Bleach,ja,ブリーチ,5.5781,2018-07-20,6.519,597,Available
"[28, 80, 18, 53]",71677,Assassination Games,en,Assassination Games,5.5766,2011-07-28,6.335,483,Available
"[28, 16, 36]",13980,Sword of the Stranger,ja,ストレンヂア -無皇刃譚-,5.5763,2007-09-29,7.586,482,Available
[99],557564,Mayskaya Street,fr,Rue Mayskaya,5.5762,2017-04-23,0.0,0,Available
"[27, 53]",1063877,Don't Move,en,Don't Move,5.576,2024-10-24,6.315,1054,Available
"[35, 12, 80, 10751]",145220,Muppets Most Wanted,en,Muppets Most Wanted,5.5758,2014-03-20,6.327,912,Available
"[28, 878]",1705,Battle for the Planet of the Apes,en,Battle for the Planet of the Apes,5.5749,1973-06-15,5.7,1097,Available
[99],1626188,Novak Djokovic: The Wolf in Winter,en,Novak Djokovic: The Wolf in Winter,5.5741,2026-08-20,7.917,6,Available
[18],656097,Gerda,ru,Герда,5.5741,2021-10-14,5.017,29,Available
"[28, 80, 18, 37]",9333,Last Man Standing,en,Last Man Standing,5.5735,1996-09-20,6.369,1031,Available
"[28, 53]",1094974,Take Cover,en,Take Cover,5.5732,2024-10-04,6.333,224,Available
"[99, 10770]",1750914,Harder Climbs,en,Harder Climbs,5.5725,1974-01-08,0.0,0,Available
[18],1632861,Why Love,en,Why Love,6.9737,,0.0,0,Unknown
"[37, 28, 18]",785663,Old Henry,en,Old Henry,5.24,2021-10-01,7.272,751,Available
[53],1395035,Lola Dust,en,Lola Dust,4.2117,2025-01-06,5.0,1,Available
"[18, 28, 53]",595743,SAS: Red Notice,en,SAS: Red Notice,5.3744,2021-08-11,5.819,612,Available
"[27, 53]",10285,Jason Goes to Hell: The Final Friday,en,Jason Goes to Hell: The Final Friday,5.5672,1993-08-13,4.589,1135,Available
"[80, 18, 53, 28, 10749]",9400,Set It Off,en,Set It Off,4.9721,1996-11-06,7.233,409,Available
"[12, 35, 10751, 878]",11158,"Honey, I Blew Up the Kid",en,"Honey, I Blew Up the Kid",4.9059,1992-07-16,5.284,1310,Available
"[18, 10749, 36]",1439,Anna and the King,en,Anna and the King,5.2112,1999-12-16,6.794,839,Available
[18],1241755,TL,tl,TL,5.4372,2024-03-30,5.857,7,Available
"[28, 18, 27, 14, 53]",1589713,Dance of the Damned,id,Badut Gendong,5.5995,2026-05-27,8.0,4,Available
"[16, 28, 14]",20982,Naruto Shippuden the Movie,ja,劇場版 NARUTO -ナルト- 疾風伝,5.3934,2007-08-04,7.412,1077,Available
"[878, 18, 10749]",914206,The Beast,fr,La Bête,5.0313,2024-02-07,6.308,276,Available
"[28, 18, 10752]",1213898,Border 2,hi,बॉर्डर २,5.839,2026-01-23,7.6,35,Available
[18],11171,Mysterious Skin,en,Mysterious Skin,5.1914,2005-03-30,7.7,1355,Available
[99],586718,Energiepioniere,en,Energiepioniere,4.8341,2019-02-27,0.0,0,Available
"[10749, 18]",14533,Gia,en,Gia,5.287,1998-09-22,7.1,852,Available
"[28, 18, 10751, 12]",11231,The Next Karate Kid,en,The Next Karate Kid,5.2913,1994-07-18,5.398,1204,Available
"[18, 14, 27]",788929,Lamb,is,Dýrið,5.5716,2021-08-12,6.431,1080,Available
"[16, 14, 12]",876792,That Time I Got Reincarnated as a Slime the Movie: Scarlet Bond,ja,劇場版 転生したらスライムだった件 紅蓮の絆編,5.5523,2022-11-25,7.4,458,Available
[],592116,Tiny Souls,ar,Arwah Saghirah,5.811,2019-03-27,5.0,1,Available
[16],962091,Bedtime Stories,en,Bedtime Stories,6.2668,2022-06-16,0.0,0,Available
[18],1339111,Tokyo no Kodoku,ja,東京の孤独,5.1256,1959-05-12,0.0,0,Available
"[35, 36, 18]",1530510,Mexico 86,es,México 86,5.8169,2026-05-21,7.841,116,Available
[18],274479,Joy,en,Joy,4.9047,2015-12-24,6.554,4343,Available
"[10749, 18]",533444,Waves,en,Waves,5.1294,2019-11-15,7.36,835,Available
"[12, 18, 36]",26428,Agora,en,Agora,4.8441,2009-05-17,7.006,1606,Available
[18],855616,In the Woods,hr,U šumi,6.2602,2020-11-12,2.0,2,Available
"[14, 35, 10751]",4244,The Kid,en,The Kid,5.3673,2000-07-07,6.787,1169,Available
[35],2295,Clerks II,en,Clerks II,4.8993,2006-07-21,6.903,1540,Available
"[28, 53, 80]",800345,Carter,ko,카터,5.2528,2022-08-05,5.976,438,Available
[99],568435,El tesoro,es,El tesoro,6.1557,2018-12-08,8.0,1,Available
"[18, 10749]",1365,Monster's Ball,en,Monster's Ball,5.3997,2001-12-26,6.779,1118,Available
"[18, 28, 53, 80]",21191,Sin Nombre,es,Sin nombre,5.9518,2009-03-20,7.631,799,Available
[27],1297028,Rosario,en,Rosario,4.7765,2025-05-01,5.514,109,Available
"[27, 53, 878]",8997,Hollow Man II,en,Hollow Man II,5.5463,2006-05-23,4.96,314,Available
"[27, 9648]",791,The Fog,en,The Fog,5.1832,2005-10-14,4.655,867,Available
"[878, 53]",597890,Voyagers,en,Voyagers,5.1452,2021-04-08,5.962,1001,Available
"[37, 18]",6644,El Dorado,en,El Dorado,4.939,1966-12-17,7.4,604,Available
"[35, 10749]",12919,Can't Buy Me Love,en,Can't Buy Me Love,4.9881,1987-08-14,6.883,732,Available
[99],451520,Lágrimas rojas,es,Lágrimas rojas,5.5551,2006-12-06,5.0,1,Available
"[18, 27]",6404,Nosferatu the Vampyre,de,Nosferatu - Phantom der Nacht,5.5526,1979-01-17,7.284,1120,Available
"[35, 80]",958006,The Kill Room,en,The Kill Room,5.5524,2023-09-14,5.852,307,Available
"[18, 10749]",814338,Lady Chatterley's Lover,en,Lady Chatterley's Lover,5.5524,2022-11-22,6.7,541,Available
"[80, 53, 18]",11524,Thief,en,Thief,5.5523,1981-03-27,7.234,891,Available
"[12, 18, 53]",246080,Black Sea,en,Black Sea,5.5517,2014-12-05,6.269,1214,Available
"[28, 10749, 80]",81128,A Moment of Romance,cn,天若有情,5.5516,1990-06-14,7.216,67,Available
"[53, 12, 18, 80]",11583,The First Great Train Robbery,en,The First Great Train Robbery,5.5512,1978-12-14,6.682,448,Available
[99],459603,Libertários,pt,Libertários,5.5508,1976-01-31,7.667,3,Available
[99],314578,Spartacus & Cassandra,fr,Spartacus & Cassandra,5.5494,2014-10-10,6.6,7,Available
"[27, 53]",10160,A Nightmare on Elm Street: The Dream Child,en,A Nightmare on Elm Street: The Dream Child,5.549,1989-08-11,5.4,1479,Available
"[28, 80, 53]",127493,Stolen,en,Stolen,5.5488,2012-09-06,5.487,1139,Available
[99],378643,The Invisible City,lv,Neredzamā pilsēta,5.5487,2014-11-15,0.0,0,Available
"[10749, 35, 14]",12556,Ghosts of Girlfriends Past,en,Ghosts of Girlfriends Past,5.548,2009-05-01,5.966,2485,Available
[16],750790,Mr. Carreaux,fr,M. Carreaux,5.5474,2020-10-07,0.0,0,Available
"[80, 18, 53]",14181,Boiler Room,en,Boiler Room,5.5473,2000-02-18,6.709,760,Available
"[99, 36]",803,Night and Fog,fr,Nuit et Brouillard,5.5472,1956-05-22,8.3,582,Available
"[28, 18, 53]",19277,In Hell,en,In Hell,5.5471,2003-11-24,6.67,637,Available
[27],1758315,Ngecap,en,Ngecap,5.5469,,0.0,0,Unknown
"[28, 878, 53]",200085,The Flu,ko,감기,5.5467,2013-08-14,7.518,1298,Available
"[35, 18, 10749]",236,Muriel's Wedding,en,Muriel's Wedding,4.7659,1994-09-29,6.831,506,Available
"[16, 14, 27]",9463,Vampire Hunter D,ja,バンパイアハンターD,6.1675,1985-12-21,6.615,554,Available
"[16, 35, 28, 10751]",82881,Tangled Ever After,en,Tangled Ever After,5.9972,2012-01-13,7.136,1133,Available
"[28, 27, 878, 53]",384798,Kill Command,en,Kill Command,5.7191,2016-05-13,5.699,676,Available
[18],552676,Stranded,en,Stranded,6.8249,2017-12-20,0.0,0,Available
[35],5,Four Rooms,en,Four Rooms,5.8893,1995-12-09,5.918,2901,Available
"[12, 18, 28]",58857,13 Assassins,ja,十三人の刺客,5.2607,2010-09-25,7.306,1313,Available
"[16, 35, 10751, 12, 14, 9648]",952217,King Tweety,en,King Tweety,5.0951,2022-06-13,6.716,95,Available
[35],384412,The Car,hu,Autó,5.8454,1975-02-24,7.5,2,Available
[878],774172,Mynosy,pt,Sirumi,5.9456,2019-02-27,5.0,1,Available
"[10749, 18, 10402]",1371189,Ruth & Boaz,en,Ruth & Boaz,4.6336,2025-09-25,7.486,109,Available
[18],1506481,Hijas únikas,es,Hijas únikas,5.2674,,0.0,0,Unknown
"[35, 27]",623491,The Babysitter: Killer Queen,en,The Babysitter: Killer Queen,5.555,2020-09-10,6.309,1900,Available
"[18, 878]",55420,Another Earth,en,Another Earth,4.9988,2011-07-22,6.708,1860,Available
"[10402, 18, 10749]",585244,I Still Believe,en,I Still Believe,4.8489,2020-03-12,7.571,1248,Available
[99],1457515,Air Force Elite: Thunderbirds,en,Air Force Elite: Thunderbirds,5.1962,2025-05-22,6.889,45,Available
"[28, 35, 80]",13154,Showdown in Little Tokyo,en,Showdown in Little Tokyo,5.3413,1991-08-23,6.455,560,Available
[],1141839,Olympic Dream,en,Olympic Dream,7.3254,2021-09-23,0.0,0,Available
"[27, 18]",913673,Nefarious,en,Nefarious,5.0347,2023-04-14,6.719,535,Available
[99],249511,Triste Trópico,pt,Triste Trópico,6.5214,1974-01-01,7.5,2,Available
"[10749, 18]",710356,2 Hearts,en,2 Hearts,5.6045,2020-10-16,7.238,655,Available
[35],492504,Numéro complémentaire,fr,Numéro complémentaire,5.4668,2006-01-19,0.0,0,Available
"[10752, 18, 36]",11202,Patton,en,Patton,4.8288,1970-01-25,7.447,1251,Available
[99],834163,Banca Paraíso,pt,Banca Paraíso,7.8226,2020-06-01,0.0,0,Available
[35],11419,Vegas Vacation,en,Vegas Vacation,5.5182,1997-02-13,5.973,754,Available
"[10751, 12, 16, 14, 878]",382190,Pokémon the Movie: Volcanion and the Mechanical Marvel,ja,ポケモン・ザ・ムービーXY&Z ボルケニオンと機巧のマギアナ,5.0859,2016-07-16,6.736,210,Available
"[10749, 35]",1455079,"You, Me & Tuscany",en,"You, Me & Tuscany",5.5961,2026-04-09,7.4,107,Available
"[18, 35, 10749]",12225,Cashback,en,Cashback,5.4554,2007-01-17,6.955,1443,Available
[],571125,Mamá,es,Mamá,5.655,,0.0,0,Unknown
"[28, 53, 18]",309886,Blood Father,fr,Blood Father,5.4264,2016-08-11,6.168,1704,Available
"[35, 80]",378,Raising Arizona,en,Raising Arizona,5.7728,1987-03-13,7.052,2404,Available
"[18, 80, 9648]",541134,The Good Nurse,en,The Good Nurse,5.4209,2022-10-19,6.87,1493,Available
"[28, 12, 35, 18]",11856,Air America,en,Air America,5.1492,1990-08-10,5.823,678,Available
"[35, 18]",10158,White Men Can't Jump,en,White Men Can't Jump,5.2379,1992-03-27,6.663,1575,Available
"[80, 18]",1429,25th Hour,en,25th Hour,6.0233,2002-12-19,7.315,2641,Available
[18],941504,Di Desa,id,Di Desa,7.5505,1943-04-22,0.0,0,Available
"[18, 80]",153987,The Molesters,de,Der Sittlichkeitsverbrecher,5.3108,1963-03-26,4.0,3,Available
"[10749, 18]",964960,The Taste of Things,fr,La Passion de Dodin Bouffant,5.4621,2023-11-08,7.073,415,Available
"[16, 35, 12, 14, 10751]",1117898,The Cat in the Hat,en,The Cat in the Hat,5.8214,2026-11-05,0.0,0,Available
"[35, 18]",570103,Kızlar Sınıfı,tr,Kızlar Sınıfı,5.6395,1984-01-01,5.5,2,Available
"[53, 80, 28]",70670,Headhunters,no,Hodejegerne,4.9127,2011-08-26,7.231,1413,Available
"[10749, 18]",68507,Jan Dara,th,จันดารา,5.4496,2001-09-28,5.917,54,Available
"[80, 18, 9648]",30018,Mother,ko,마더,4.6332,2009-05-28,7.708,1741,Available
[18],62568,Angel Heart,zh,天使心,4.9881,1995-05-25,4.5,18,Available
"[28, 80, 18, 53]",7304,Running Scared,en,Running Scared,5.5793,2006-01-06,6.998,1197,Available
"[28, 53, 80, 18]",1426964,State of Fear,pt,Salve Geral: Irmandade,6.2669,2026-02-10,5.846,78,Available
"[35, 18]",57157,Young Adult,en,Young Adult,4.9551,2011-11-11,5.805,1387,Available
"[27, 53]",146301,Paranormal Activity: The Ghost Dimension,en,Paranormal Activity: The Ghost Dimension,5.0004,2015-10-21,5.311,1502,Available
[18],112336,Hitchcock,en,Hitchcock,4.9941,2012-11-22,6.557,1667,Available
"[18, 10749]",630639,High School Teacher: Maturing,ja,高校教師・成熟,4.504,1985-01-15,6.2,31,Available
"[878, 28, 16, 9648]",123025,"Batman: The Dark Knight Returns, Part 1",en,"Batman: The Dark Knight Returns, Part 1",5.7931,2012-09-25,7.741,1740,Available
"[35, 18]",942922,80 for Brady,en,80 for Brady,5.6057,2023-02-03,6.191,199,Available
"[18, 14, 10749]",428449,A Ghost Story,en,A Ghost Story,4.8256,2017-04-24,7.058,2558,Available
[99],1596911,Oasen: Inseln des Lebens,de,Oasen: Inseln des Lebens,5.1071,2025-12-11,0.0,0,Available
"[99, 16]",1426211,El hipercubo,es,El hipercubo,4.8827,1986-01-01,0.0,0,Available
[35],127984,Taste,az,Dad,5.624,1984-01-01,0.0,0,Available
[99],416148,Rocco,fr,Rocco,5.3324,2016-11-30,5.534,189,Available
"[80, 18, 53]",1060497,Imam,ms,إمام Pemimpin,5.5095,2023-03-02,0.0,0,Available
"[37, 12]",2023,Hidalgo,en,Hidalgo,5.1479,2004-02-04,6.918,1395,Available
"[28, 80, 9648, 53]",22787,Whiteout,en,Whiteout,5.219,2009-09-09,5.612,874,Available
"[53, 9648, 878]",575604,The Call,ko,콜,5.2866,2020-11-23,7.468,1021,Available
[10751],1586164,Efes'in Sirri,tr,Efes'in Sırrı,6.1906,2026-01-16,0.0,0,Available
"[80, 18]",7452,"The Cook, the Thief, His Wife & Her Lover",en,"The Cook, the Thief, His Wife & Her Lover",5.1909,1989-10-13,7.332,740,Available
"[35, 10751]",15189,Hotel for Dogs,en,Hotel for Dogs,5.4305,2009-01-16,6.064,924,Available
"[18, 36, 53]",9829,United 93,en,United 93,5.9232,2006-04-28,7.119,1673,Available
"[18, 10749]",18329,Happy Together,cn,春光乍洩,5.4878,1997-05-30,7.6,822,Available
"[53, 37, 18, 27]",324560,Brimstone,en,Brimstone,5.2826,2016-03-12,7.149,1304,Available
"[10752, 18, 53]",10479,Rules of Engagement,en,Rules of Engagement,4.963,2000-04-07,6.247,821,Available
[18],10024,My Sister's Keeper,en,My Sister's Keeper,5.6659,2009-06-26,7.368,2297,Available
[35],413114,L’orgia,ca,L’orgia,6.2775,1978-11-26,4.167,6,Available
"[35, 18, 36]",1850,Man on the Moon,en,Man on the Moon,5.4542,1999-12-22,7.217,2041,Available
"[28, 80, 35]",773867,Seoul Vibe,ko,서울대작전,5.4109,2022-08-26,6.528,181,Available
"[35, 18]",452,The Idiots,da,Idioterne,5.0748,1998-05-20,6.463,669,Available
"[10749, 18, 35]",283350,Before We Go,en,Before We Go,5.7597,2014-09-04,6.742,1916,Available
[99],318883,A Village Romance,hu,Falusi románc,5.3381,2007-11-27,4.0,1,Available
[35],124459,The Incredible Burt Wonderstone,en,The Incredible Burt Wonderstone,5.7518,2013-03-14,5.756,1572,Available
"[28, 12, 878]",1033462,Bureau 749,zh,749局,5.7027,2024-10-01,6.403,119,Available
[35],10021,The Secret of My Success,en,The Secret of My Success,5.2589,1987-04-10,6.504,713,Available
"[27, 53, 18]",343674,Gerald's Game,en,Gerald's Game,5.3844,2017-09-29,6.397,4011,Available
"[80, 18, 10749]",15804,A Brighter Summer Day,zh,牯嶺街少年殺人事件,5.1676,1991-07-27,8.2,404,Available
"[28, 80, 18, 53]",10173,Marked for Death,en,Marked for Death,5.3461,1990-10-05,6.133,613,Available
"[16, 9648, 10751, 27]",13151,Scooby-Doo on Zombie Island,en,Scooby-Doo on Zombie Island,5.2401,1998-09-22,7.677,881,Available
"[18, 36]",22954,Invictus,en,Invictus,4.9063,2009-12-11,7.179,4424,Available
"[28, 12, 36]",43209,Ong Bak 3,th,องค์บาก 3,5.1509,2010-05-05,6.099,523,Available
"[28, 80, 53]",280019,For the Emperor,ko,황제를 위하여,4.5831,2014-06-11,5.7,59,Available
"[18, 9648, 53]",602147,Inheritance,en,Inheritance,5.218,2020-04-30,6.303,752,Available
"[35, 18, 9648]",109,Three Colors: White,fr,Trois couleurs : Blanc,5.091,1994-01-26,7.4,1361,Available
"[878, 53, 12]",429471,Captive State,en,Captive State,5.3544,2019-03-15,5.661,1299,Available
"[10749, 14]",465136,Every Day,en,Every Day,5.6002,2018-02-22,7.244,2316,Available
"[12, 35, 80]",11576,"It's a Mad, Mad, Mad, Mad World",en,"It's a Mad, Mad, Mad, Mad World",5.7123,1963-11-07,6.98,715,Available
"[16, 28, 878]",485942,Batman Ninja,ja,ニンジャバットマン,5.0585,2018-03-24,5.871,1094,Available
"[28, 80, 18]",16411,Initial D,cn,頭文字D,5.2199,2005-05-12,6.66,313,Available
[99],404749,Inside a Volcano,is,Jökullinn logar,5.6168,2016-06-03,10.0,1,Available
[18],287604,Temperate Zone,hu,Mérsékelt égöv,5.3089,1970-08-18,9.0,1,Available
"[27, 28, 10752]",675327,Shadow in the Cloud,en,Shadow in the Cloud,5.4432,2021-01-01,5.825,1097,Available
[],468256,Aos Pés,pt,Aos Pés,5.6386,2009-08-15,0.0,0,Available
[16],1368120,"The Fox, the Beaver and Others",ru,"Лиса, бобёр и другие",2.6939,1960-01-01,9.0,2,Available
"[28, 18, 53]",5919,The Towering Inferno,en,The Towering Inferno,5.5833,1974-12-14,7.0,1076,Available
"[10749, 18, 35]",1139566,Through My Window 3: Looking at You,es,A través de mi ventana 3: A través de tu mirada,5.4206,2024-02-23,6.866,689,Available
"[35, 10749]",270473,Love Sick,th,ฟัด จัง โตะ,4.7941,2013-12-25,5.5,2,Available
[18],1590846,V. Shantaram,hi,V. Shantaram,6.5139,2026-11-18,0.0,0,Available
"[10752, 18]",432353,The Manila Rope,fi,Manillaköysi,5.7977,1976-09-28,5.143,7,Available
"[14, 10749, 10751, 35]",14191,Aquamarine,en,Aquamarine,5.4685,2006-03-03,6.473,1612,Available
"[12, 28, 14]",14207,The Librarian: Quest for the Spear,en,The Librarian: Quest for the Spear,5.3823,2004-07-12,6.299,726,Available
"[28, 35, 12, 80]",2332,Taxi 2,fr,Taxi 2,5.4814,2000-03-25,6.277,1947,Available
[18],819119,Pleasure,es,El placer,5.4203,2021-04-28,2.0,1,Available
"[12, 10749, 18]",1673393,Krishnavataram Part 1: The Heart (Hridayam),hi,कृष्णावतरम भाग 1: हृदय (हृदयम्),5.1471,2026-05-07,9.0,6,Available
"[80, 53, 37, 28]",1293162,Thieves Highway,en,Thieves Highway,5.6033,2025-11-07,7.5,85,Available
"[28, 53, 27]",1129598,Prey,en,Prey,5.0518,2024-03-15,5.985,364,Available
[35],16094,House Party,en,House Party,5.6539,1990-01-20,6.379,276,Available
"[18, 10752]",341033,Fortress,az,Qala,5.9594,2008-06-01,2.3,3,Available
"[18, 53]",1370814,The Plague,en,The Plague,5.0376,2025-12-24,6.377,134,Available
[],307953,Captain Nagarjuna,en,Captain Nagarjuna,5.2955,1986-01-01,7.0,2,Available
"[16, 12, 10751]",702525,Bigfoot Family,en,Bigfoot Family,5.2783,2020-07-23,7.1,245,Available
"[27, 878, 53]",11542,Altered States,en,Altered States,5.1228,1980-12-25,6.72,792,Available
"[16, 10751, 10749]",15906,Barbie and the Magic of Pegasus,en,Barbie and the Magic of Pegasus,5.5002,2005-10-04,7.2,784,Available
"[18, 10749]",737057,Suspicious Practice Room: Special Treatment of Mother's Friend,ko,수상한 진료실: 엄마친구의 특별한 치료,5.4962,2018-03-06,3.75,4,Available
"[16, 14, 9648]",989730,Mononoke the Movie: The Phantom in the Rain,ja,劇場版モノノ怪 唐傘,5.4961,2024-07-26,7.142,81,Available
"[35, 10751, 16, 12]",41515,Yogi Bear,en,Yogi Bear,5.4958,2010-12-17,5.563,961,Available
"[16, 14, 10751, 35, 10749, 12]",486589,Red Shoes and the Seven Dwarfs,ko,레드슈즈,5.4947,2019-07-25,7.677,1150,Available
"[27, 53]",123109,No One Lives,en,No One Lives,5.4934,2013-03-09,5.994,712,Available
[99],1604628,Wild London,en,Wild London,5.4933,2026-01-01,8.316,19,Available
"[35, 10749]",37264,Straight Talk,en,Straight Talk,5.4924,1992-04-03,6.0,84,Available
"[35, 10749]",354659,Aşk Olsun,tr,Aşk Olsun,5.4922,2015-04-10,4.2,4,Available
"[35, 12, 878]",10658,Howard the Duck,en,Howard the Duck,5.492,1986-08-01,5.456,1173,Available
"[27, 9648]",474764,The Lodge,en,The Lodge,5.4919,2020-01-16,6.091,1468,Available
[99],441833,Secrets of the Nazi Criminals,sv,Krigsförbrytare,5.4916,1963-02-25,10.0,2,Available
"[18, 35]",11091,Riding in Cars with Boys,en,Riding in Cars with Boys,5.4904,2001-10-19,6.751,492,Available
[18],284565,Lost Times,hu,Utolsó idők,5.4892,2009-10-22,4.5,4,Available
"[35, 18, 10749]",4507,Jamon Jamon,es,"Jamón, jamón",5.4892,1992-09-03,6.22,410,Available
"[28, 878]",9405,Double Team,en,Double Team,5.4891,1997-04-04,5.3,866,Available
"[35, 10749, 18]",348613,C'est Si Bon,ko,쎄시봉,5.4885,2015-02-05,6.9,18,Available
"[16, 10751]",13004,Barbie and the Diamond Castle,en,Barbie and the Diamond Castle,5.4885,2008-09-03,7.4,894,Available
"[36, 12, 18]",975335,Magellan,pt,Magalhães,5.4881,2025-09-10,6.4,35,Available
"[35, 18, 10751]",11881,Miracle on 34th Street,en,Miracle on 34th Street,5.4874,1947-06-04,7.365,868,Available
"[12, 36, 28]",42661,The Vikings,en,The Vikings,5.487,1958-06-11,7.024,382,Available
"[10402, 18]",10537,The Doors,en,The Doors,5.4864,1991-03-01,7.107,1652,Available
"[53, 80, 18]",750253,My Son,en,My Son,5.4854,2021-09-23,6.145,530,Available
"[18, 27, 10402]",507076,Climax,fr,Climax,5.4854,2018-09-19,7.036,2392,Available
"[18, 10749]",1622688,Baby Udon,id,Baby Udon,5.4853,2026-09-03,6.0,2,Available
"[16, 35, 10751]",846214,"The Good, the Bart, and the Loki",en,"The Good, the Bart, and the Loki",5.4852,2021-07-07,7.188,706,Available
"[80, 53]",717980,Sharper,en,Sharper,5.4852,2023-02-10,6.855,719,Available
[18],622537,Gold Leaf,nl,Bladgoud,5.4852,2018-06-25,0.0,0,Available
"[18, 14, 878]",339967,Colossal,en,Colossal,5.4848,2017-04-06,6.269,2335,Available
[99],411888,Sueños atrapados,es,Sueños atrapados,5.4845,1994-01-02,0.0,0,Available
[18],328523,The Prosecution,hu,A vád,5.4842,1996-03-03,8.5,2,Available
"[35, 14, 878]",416494,Status Update,en,Status Update,5.4834,2018-02-09,7.277,577,Available
"[10751, 12, 35]",10996,Stuart Little 2,en,Stuart Little 2,5.4834,2002-07-19,5.773,2583,Available
"[53, 80, 18]",1239511,Lucky Baskhar,te,లక్కీ భాస్కర్‌,5.4831,2024-10-30,7.701,102,Available
"[35, 18]",1631485,Strangers in the Park,es,Parque Lezama,5.483,2026-02-19,6.5,35,Available
"[35, 10749]",12177,The Love Guru,en,The Love Guru,5.4823,2008-06-20,4.057,793,Available
"[28, 878]",2789,The Chronicles of Riddick,en,The Chronicles of Riddick,5.4808,2004-06-11,6.558,4629,Available
"[28, 80, 53]",1186350,Marco,ml,മാർക്കോ,5.4805,2024-12-20,6.543,127,Available
"[28, 53, 80]",5492,Gunner,en,Gunner,5.4803,2024-08-16,5.279,253,Available
"[18, 10749]",820446,Downton Abbey: A New Era,en,Downton Abbey: A New Era,5.4793,2022-04-27,7.2,635,Available
"[35, 10751]",11007,Cheaper by the Dozen,en,Cheaper by the Dozen,5.4787,2003-12-24,6.288,3005,Available
"[99, 10770]",519810,Mach 2,fr,L'Extraordinaire Histoire du Concorde,6.207,2016-10-27,6.3,3,Available
"[10752, 28, 36, 53]",339259,The Man with the Iron Heart,en,The Man with the Iron Heart,5.2352,2017-05-25,6.548,832,Available
"[18, 53]",251783,Pleasure or Pain,en,Pleasure or Pain,5.1406,2013-09-05,4.816,95,Available
"[35, 878]",13820,Repo Man,en,Repo Man,5.402,1984-03-02,6.664,700,Available
"[16, 10751, 12, 878, 14]",64789,Doraemon: Nobita's Dinosaur,ja,映画ドラえもん のび太の恐竜,5.0335,1980-03-15,6.714,70,Available
[18],386874,Bad Class,ko,나쁜 수업,5.2134,2015-12-31,4.0,3,Available
"[10751, 16, 12, 35, 10752]",14175,Valiant,en,Valiant,5.3448,2005-03-25,5.651,1012,Available
"[28, 10749, 53]",45029,Fit to Kill,en,Fit to Kill,4.8798,1993-10-27,4.9,48,Available
"[18, 10749]",11121,Tess,en,Tess,4.7626,1979-10-06,7.1,391,Available
[18],64685,Extremely Loud & Incredibly Close,en,Extremely Loud & Incredibly Close,5.8143,2011-12-25,6.993,2176,Available
"[53, 18]",1442308,Urtajo,es,Urtajo,6.0776,2025-03-15,8.0,2,Available
[99],314568,Beaverland,es,Los castores,5.2842,2014-06-11,0.0,0,Available
"[80, 18, 53]",1381273,Paper Tiger,en,Paper Tiger,7.0379,2026-11-12,0.0,0,Available
"[35, 80]",9809,Let's Go to Prison,en,Let's Go to Prison,5.8687,2006-11-17,5.9,373,Available
[35],346094,Anything Else,es,Algo más,5.9334,2013-04-24,4.0,1,Available
[],1188001,If You're Man Enough,ja,男ならやってみろ,4.9445,1960-11-29,8.0,1,Available
[10752],669398,Días rojos,es,Días rojos,6.2518,2004-10-01,7.0,3,Available
"[35, 10751]",13673,Christmas with the Kranks,en,Christmas with the Kranks,5.119,2004-11-24,6.166,1338,Available
"[878, 28, 16, 14, 12]",487242,Suicide Squad: Hell to Pay,en,Suicide Squad: Hell to Pay,5.0532,2018-03-23,7.094,731,Available
"[80, 53]",310133,Cop Car,en,Cop Car,4.6271,2015-07-08,5.985,942,Available
[],1120853,A Short Story About Love,es,El querer,6.1574,2023-10-09,5.0,1,Available
[99],692018,Where You Belong,ru,Svajo Mesca,5.6995,2015-11-19,0.0,0,Available
"[27, 28, 878]",9980,Maximum Overdrive,en,Maximum Overdrive,5.094,1986-07-13,5.837,891,Available
"[53, 80, 9648]",68727,Trance,en,Trance,5.275,2013-03-27,6.613,2413,Available
"[12, 35, 10752]",11589,Kelly's Heroes,en,Kelly's Heroes,5.7201,1970-06-22,7.397,852,Available
[18],9422,A Civil Action,en,A Civil Action,5.4128,1998-12-25,6.465,511,Available
"[14, 35, 18]",536869,Cats,en,Cats,5.4325,2019-12-19,4.079,1058,Available
"[27, 10749]",32292,Guinea Pig: Mermaid in the Manhole,ja,ザ・ギニーピッグ マンホールの中の人魚,5.8498,1988-07-25,5.438,72,Available
"[53, 27, 28]",601844,Becky,en,Becky,5.0004,2020-07-23,6.334,752,Available
"[35, 18, 10749]",10660,It Could Happen to You,en,It Could Happen to You,5.1926,1994-07-16,6.742,965,Available
"[35, 28, 53]",581600,Spenser Confidential,en,Spenser Confidential,5.5922,2020-03-06,6.504,2565,Available
"[18, 10749]",1105602,Step Mother is Nineteen,ko,새엄마는 열아홉,5.4947,2020-12-20,0.0,0,Available
"[12, 18, 9648, 53]",811631,Infinite Storm,en,Infinite Storm,5.6611,2022-03-25,5.7,369,Available
"[27, 878]",41428,Tetsuo: The Iron Man,ja,鉄男,5.4517,1989-07-01,6.97,732,Available
[18],17740,Powder Blue,en,Powder Blue,5.0771,2009-05-08,6.102,261,Available
[18],1476614,All of a Sudden,ja,急に具合が悪くなる,5.4679,2026-06-19,7.9,44,Available
"[36, 18]",71688,The Iron Lady,en,The Iron Lady,5.6823,2011-12-26,6.351,1926,Available
"[35, 10749]",9576,Tootsie,en,Tootsie,5.0228,1982-12-17,7.208,1972,Available
[10749],931260,Drifting Clouds,es,Nubes pasajeras,5.5737,2023-04-06,0.0,0,Available
"[18, 10749]",938092,Call Center Accepts Everything,ko,다 받아주는 콜센터,5.3132,2021-10-05,5.0,3,Available
[18],736732,Broker,ko,브로커,5.1461,2022-06-08,7.157,569,Available
"[10751, 16, 12, 35]",13654,101 Dalmatians II: Patch's London Adventure,en,101 Dalmatians II: Patch's London Adventure,5.3814,2003-03-02,6.026,1268,Available
"[53, 80, 18]",1371202,iHostage,nl,iHostage,5.1246,2025-04-18,5.934,334,Available
"[27, 35]",633604,Yummy,nl,Yummy,5.8046,2019-12-13,6.333,371,Available
"[18, 80, 53]",616651,Stillwater,en,Stillwater,5.6602,2021-07-29,6.632,1460,Available
"[18, 36]",353326,The Man Who Knew Infinity,en,The Man Who Knew Infinity,5.3025,2016-04-08,7.155,1620,Available
"[18, 28, 53]",11128,Ladder 49,en,Ladder 49,5.246,2004-10-01,6.478,906,Available
"[80, 18]",1060856,A Man with Dragon Tattoos,ja,花と竜,5.1394,1962-12-26,8.0,1,Available
[99],1015606,Obi-Wan Kenobi: A Jedi's Return,en,Obi-Wan Kenobi: A Jedi's Return,4.9329,2022-09-07,6.795,1021,Available
"[80, 53, 18]",11826,Sexy Beast,en,Sexy Beast,5.0996,2001-01-12,6.997,940,Available
[99],1736062,Disney Worldbuilders,en,Disney Worldbuilders,5.1296,2026-08-16,0.0,0,Available
"[27, 14, 28]",11342,Warlock,en,Warlock,5.1926,1989-06-01,6.295,455,Available
"[10752, 10749, 18, 36]",11706,War and Peace,en,War and Peace,5.0271,1956-08-21,6.6,281,Available
"[37, 18]",932086,Horizon: An American Saga - Chapter 1,en,Horizon: An American Saga - Chapter 1,5.3568,2024-06-26,6.786,700,Available
"[18, 53, 35]",1615876,The Joke's on Him,es,Quieren Monólogo,5.0604,2026-03-04,0.0,0,Available
[18],308148,"Aguenta, Coração",pt,"Aguenta, Coração",5.5422,1984-05-25,6.0,5,Available
"[27, 53]",1278162,Panor,th,พนอ,6.6893,2025-01-16,6.909,11,Available
"[53, 80]",938150,Wardriver,en,Wardriver,7.3401,2026-03-04,7.37,100,Available
"[16, 878, 28]",296917,PSYCHO-PASS: The Movie,ja,劇場版 PSYCHO-PASS サイコパス,5.1718,2015-01-09,6.99,247,Available
[28],464889,Sniper: Ultimate Kill,en,Sniper: Ultimate Kill,4.9589,2017-10-03,6.434,385,Available
[18],366962,Nehéz kesztyük,hu,Nehéz kesztyük,5.2461,1957-01-01,10.0,1,Available
"[18, 10749]",14976,Rachel Getting Married,en,Rachel Getting Married,4.868,2008-10-03,6.297,672,Available
"[35, 18]",635891,Clerks III,en,Clerks III,5.1746,2022-09-04,6.013,341,Available
"[16, 28, 878]",39324,Dragon Ball Z: The History of Trunks,ja,ドラゴンボールZ 絶望への反抗!! 残された超戦士・悟飯とトランクス,4.923,1993-02-24,7.635,627,Available
"[18, 10749]",283552,The Light Between Oceans,en,The Light Between Oceans,4.9632,2016-09-02,7.063,1444,Available
[18],479030,Hell '43,sq,Skëterrë '43,5.7377,1980-09-30,10.0,1,Available
[99],536326,John 746,en,John 746,5.4261,2017-10-23,3.0,1,Available
[18],317012,To the Fourth Generation,en,Negyedíziglen,5.4098,1942-11-02,7.0,1,Available
"[14, 12, 28]",16441,The Beastmaster,en,The Beastmaster,4.7259,1982-08-16,6.3,474,Available
"[10402, 35, 18]",1391239,The Debut,en,The Debut,6.2162,2026-12-10,0.0,0,Available
[18],1409646,Breaking News,pt,Última Hora,6.9607,,0.0,0,Unknown
[18],40896,Chicken Poets,zh,像鸡毛一样飞,4.7203,2002-04-01,6.857,7,Available
[18],292047,Tokyo Noir,ja,トウキョーノワール,5.1269,2004-09-24,9.0,3,Available
"[80, 53, 18]",14807,The Long Good Friday,en,The Long Good Friday,5.4746,1980-11-01,7.184,449,Available
"[28, 35]",41387,From Beijing with Love,cn,國產凌凌漆,5.1633,1994-10-13,7.002,246,Available
"[28, 53]",1627624,Last Call,el,Last Call,5.4398,2026-03-19,7.0,5,Available
[53],1533222,Past Life,en,Past Life,5.315,2026-03-20,5.4,5,Available
"[35, 18]",72113,Carnage,en,Carnage,4.4322,2011-09-16,7.164,3215,Available
[18],1115447,Isósceles,es,Isósceles,5.9659,2023-03-03,8.2,5,Available
[99],531078,Devil's Island,de,Die Teufelsinsel,5.88,1976-04-28,7.0,1,Available
[35],343472,Do not Lean out of the Window,en,Kihajolni veszélyes,5.3881,1978-06-05,7.3,3,Available
[28],10275,Shaolin Temple,zh,少林寺,5.2534,1982-01-21,7.0,146,Available
[99],1089834,Ultraman,es,El Corredor,5.5453,,0.0,0,Unknown
[37],461288,The Vanishing Pioneer,en,The Vanishing Pioneer,6.9132,1928-06-23,9.0,1,Available
[10749],716273,Just A Bite,ko,한입만,5.0633,2020-06-11,0.0,0,Available
"[28, 53, 80]",17134,12 Rounds,en,12 Rounds,5.4243,2009-03-19,5.896,864,Available
[35],83617,Fluke,hu,Mázli,5.6581,2008-10-23,7.0,1,Available
"[18, 10749]",9560,A Walk in the Clouds,en,A Walk in the Clouds,5.9204,1995-05-27,7.382,1152,Available
"[80, 18, 10749, 53]",1329471,Carolina Caroline,en,Carolina Caroline,5.1034,2026-06-05,6.75,66,Available
[],189172,Under the Mountains,hu,Hegyek alján,5.1324,1920-07-06,6.5,2,Available
[18],286594,Journey with Jacob,hu,Utazás Jakabbal,5.9215,1972-08-12,9.0,1,Available
[53],284289,Beyond the Reach,en,Beyond the Reach,5.1447,2014-09-06,5.911,411,Available
"[18, 53]",11062,City Hall,en,City Hall,5.3036,1996-02-16,5.967,332,Available
[],1713019,Home-stay,vi,Home-stay,6.7247,2025-11-26,0.0,0,Available
"[18, 14]",886667,El quejido,es,El quejido,5.6729,2007-01-01,0.0,0,Available
"[18, 10749]",419743,Disobedience,en,Disobedience,4.9313,2018-04-24,6.881,1302,Available
"[18, 35]",2759,"The Adventures of Priscilla, Queen of the Desert",en,"The Adventures of Priscilla, Queen of the Desert",4.8565,1994-08-10,7.253,955,Available
"[16, 10749, 18]",38142,5 Centimeters per Second,ja,秒速5センチメートル,5.4911,2007-03-03,7.3,2211,Available
"[35, 18]",64558,The Comedian,fr,Le Comédien,6.7916,1997-12-24,10.0,1,Available
"[18, 37, 80]",12690,Appaloosa,en,Appaloosa,4.9637,2008-09-19,6.571,1127,Available
[18],482706,Oligosaccharide The Movie,ko,올리고당 더 무비,5.6314,2017-06-15,4.5,11,Available
[18],411521,Merette,fr,Mérette,5.1979,1982-04-03,5.0,5,Available
"[12, 35, 10749]",59860,Monte Carlo,en,Monte Carlo,4.8013,2011-07-01,6.81,2348,Available
"[16, 28, 12, 27]",791348,DC Showcase - Constantine: The House of Mystery,en,DC Showcase - Constantine: The House of Mystery,5.8752,2022-05-02,6.831,195,Available
"[28, 53]",1410082,Sniper: The Last Stand,en,Sniper: The Last Stand,5.2399,2025-01-21,6.8,191,Available
"[18, 80, 10752]",430424,See You Up There,fr,Au revoir là-haut,5.2945,2017-10-25,7.821,1381,Available
"[37, 28, 35]",88934,Adiós Amigo,en,Adiós Amigo,5.9007,1975-12-25,4.571,7,Available
"[28, 53, 80]",1147710,Hijack 1971,ko,하이재킹,5.2718,2024-06-21,6.762,162,Available
"[35, 18]",555285,"Are You There God? It's Me, Margaret.",en,"Are You There God? It's Me, Margaret.",5.0347,2023-03-29,7.142,537,Available
"[35, 10749]",287,Bull Durham,en,Bull Durham,5.0244,1988-06-15,6.633,702,Available
[18],59053,The Raffle,it,La Riffa,5.3021,1991-11-15,6.879,219,Available
"[28, 80, 18, 53]",452558,Paradox,cn,殺破狼·貪狼,5.3132,2017-08-25,6.79,217,Available
"[35, 12]",9080,Spies Like Us,en,Spies Like Us,5.3791,1985-12-06,6.195,733,Available
"[10752, 28, 53, 18]",58767,Sniper: Reloaded,en,Sniper: Reloaded,5.1934,2011-04-26,5.784,238,Available
[10751],279310,Vijetha,te,విజేత,3.0633,1985-10-23,8.333,3,Available
[],652970,YOU GOOD?,en,YOU GOOD?,5.6444,2019-12-02,0.0,0,Available
"[27, 9648]",36599,Prom Night,en,Prom Night,5.3378,1980-07-18,5.709,510,Available
[10402],1160164,TAYLOR SWIFT | THE ERAS TOUR,en,TAYLOR SWIFT | THE ERAS TOUR,4.8157,2023-10-13,8.167,536,Available
"[10749, 35]",12620,The House Bunny,en,The House Bunny,5.2755,2008-08-22,5.7,2066,Available
"[16, 10751, 18, 14]",1500099,Versa,en,Versa,5.2908,2025-04-15,8.242,62,Available
[18],1719606,Flowery Voices,en,Flowery Voices,6.7911,2026-07-10,0.0,0,Available
[53],9491,Blue Steel,en,Blue Steel,4.8993,1990-03-16,5.804,471,Available
"[35, 18]",400185,Los expatriados,es,Los expatriados,5.5058,1963-01-01,6.5,4,Available
"[27, 53]",14435,My Bloody Valentine,en,My Bloody Valentine,5.1257,2009-01-16,5.578,1351,Available
"[28, 53]",1383247,Agent Zero,fr,Badh,5.165,2025-08-06,5.589,56,Available
"[27, 35]",607186,Creaker,xx,Creaker,5.3269,2019-06-24,7.0,6,Available
"[18, 80, 53]",1662,State of Grace,en,State of Grace,5.9314,1990-09-14,6.95,433,Available
"[28, 80, 53, 9648]",974453,Absolution,en,Absolution,5.7585,2024-10-31,5.887,544,Available
"[16, 28, 878]",449574,Godzilla: Planet of the Monsters,ja,GODZILLA 怪獣惑星,5.5562,2017-11-17,6.363,571,Available
"[16, 10751, 12, 28, 35, 18]",303903,Pokémon the Movie: Diancie and the Cocoon of Destruction,ja,ポケモン・ザ・ムービーXY 破壊の繭とディアンシー,5.72,2014-07-19,6.69,205,Available
[35],239421,Öldür Onu,tr,Öldür Onu,5.4827,2008-01-01,0.0,0,Available
"[12, 18]",12775,Flesh + Blood,en,Flesh + Blood,5.5146,1985-08-30,6.552,452,Available
"[35, 878]",9612,Coneheads,en,Coneheads,5.5979,1993-07-23,5.513,1076,Available
"[28, 35, 10749]",21733,Dragons Forever,cn,飛龍猛將,5.0659,1988-02-11,7.2,320,Available
"[27, 878]",10344,The Fly II,en,The Fly II,5.4302,1989-02-10,5.76,754,Available
"[10749, 18]",959429,Lonely Planet,en,Lonely Planet,5.2739,2024-10-10,6.1,216,Available
"[16, 10751, 14]",659175,Ghost Hour,xx,Spoku stunda,5.8012,2013-05-04,5.7,5,Available
[53],108450,The Smile of the Fox,it,Spiando Marina,4.9655,1992-05-23,5.1,62,Available
"[53, 878, 18]",586707,Life Like,en,Life Like,4.8779,2019-11-21,6.235,268,Available
[35],660982,American Pie Presents: Girls' Rules,en,American Pie Presents: Girls' Rules,5.7365,2020-10-06,6.1,736,Available
"[14, 18, 35, 10751]",11395,The Santa Clause,en,The Santa Clause,5.7014,1994-11-11,6.53,2360,Available
"[10402, 99]",611291,Bring the Soul: The Movie,ko,브링 더 소울: 더 무비,5.3799,2019-08-07,8.292,463,Available
"[27, 878]",223319,Lucky Sky Diamond,ja,LSD -ラッキースカイダイアモンド-,10.7662,1989-03-11,4.0,11,Available
"[18, 35]",1280015,Sunny Dancer,en,Sunny Dancer,4.9586,2026-08-12,6.7,13,Available
[12],648439,Expediția,ro,Expediția,6.0088,1988-01-01,6.5,4,Available
[18],254302,High-Rise,en,High-Rise,5.1974,2015-11-22,5.611,1287,Available
"[18, 12]",414001,The Mercy,en,The Mercy,5.3742,2018-02-09,5.935,306,Available
[35],653349,Vacation Friends,en,Vacation Friends,5.0309,2021-08-27,7.018,917,Available
[27],40357,Angel of Darkness 3,ja,淫獣教師 実写版 Ⅲ,5.5333,1996-03-08,3.2,5,Available
"[28, 53, 80]",410554,First Kill,en,First Kill,5.7406,2017-07-21,5.647,595,Available
[16],1069986,Melting,pt,Degelo,5.481,2022-03-23,0.0,0,Available
"[27, 14]",855302,Erotic Ghost Enamoured,zh,倩女销魂,4.473,1986-01-01,6.8,4,Available
"[12, 14, 28, 35, 10751]",9449,The Borrowers,en,The Borrowers,5.3287,1997-12-05,6.046,540,Available
"[18, 10751]",142409,Voice of My Father,ku,Babamın Sesi,5.6183,2012-11-01,4.5,4,Available
"[53, 28]",1025527,The Chase,fr,Six jours,4.8984,2024-12-11,6.0,113,Available
"[18, 35]",370737,Hasty Marriage,hu,Elsietett házasság,5.5311,1968-09-12,8.0,2,Available
"[10751, 35, 10402]",1566269,The First Snow of Fraggle Rock,en,The First Snow of Fraggle Rock,5.2636,2025-12-04,7.0,13,Available
"[36, 18, 10752]",403300,A Hidden Life,en,A Hidden Life,5.4256,2019-08-27,7.169,810,Available
"[35, 10749]",10466,The Money Pit,en,The Money Pit,5.4254,1986-03-26,6.515,1277,Available
"[9648, 27]",283419,Island of Hell,ja,獄門島,5.4248,1977-08-27,6.2,5,Available
"[27, 18, 53]",6537,The Orphanage,es,El orfanato,5.4244,2007-05-20,7.232,3198,Available
"[18, 35, 10749, 14]",1262,Stranger Than Fiction,en,Stranger Than Fiction,5.4241,2006-11-10,7.293,2621,Available
[],281099,Martín Panero,es,Martín Panero,5.4238,,9.0,1,Unknown
"[18, 14]",12665,Powder,en,Powder,5.423,1995-10-27,7.066,755,Available
"[28, 80, 53]",1440769,The Beekeeper 2,en,The Beekeeper 2,5.4229,2027-01-13,0.0,0,Available
"[16, 10751, 35]",22752,The Reluctant Dragon,en,The Reluctant Dragon,5.4228,1941-06-19,6.627,169,Available
[],294163,Finistère,pt,Finistère,5.4217,,0.0,0,Unknown
"[53, 10770]",1625901,The Dating App Killer: The Monica White Story,en,The Dating App Killer: The Monica White Story,5.4212,2026-02-14,6.833,6,Available
[18],763238,Extinct Animals,es,Animales Extintos,5.4212,2020-06-16,0.0,0,Available
[99],355208,The Swirl,es,El Remolino,5.4206,2016-08-09,7.0,5,Available
"[14, 12, 35]",830896,The Portable Door,en,The Portable Door,5.4203,2023-03-23,6.493,292,Available
"[878, 53, 35]",4723,Southland Tales,en,Southland Tales,5.42,2007-11-14,5.248,633,Available
"[35, 10749, 18]",123338,Sex and Zen III,cn,玉蒲團III官人我要,5.4199,1998-04-23,6.2,30,Available
"[28, 12, 18, 36]",1492,1492: Conquest of Paradise,en,1492: Conquest of Paradise,5.4197,1992-08-09,6.291,946,Available
[16],451432,The Beach,en,La plage,5.4194,1978-01-01,6.75,3,Available
[18],9563,Any Given Sunday,en,Any Given Sunday,5.4194,1999-12-22,6.822,1875,Available
"[28, 16, 878]",39104,Dragon Ball Z: Super Android 13!,ja,ドラゴンボールＺ 極限バトル！三大超サイヤ人,5.4189,1992-07-11,6.944,628,Available
"[99, 10402]",364289,Samba Riachão,pt,Samba Riachão,5.3833,2001-11-20,7.0,1,Available
[35],251641,The Lizards,fr,Les lézards,6.4206,2013-02-02,3.0,5,Available
"[10751, 16, 12, 35]",770254,Back to the Outback,en,Back to the Outback,5.1979,2021-12-03,7.576,804,Available
"[28, 12, 18]",890138,A.R.M - Ajayante Randam Moshanam,ml,അജയന്റെ രണ്ടാം മോഷണം,5.0933,2024-09-12,6.591,22,Available
"[53, 18, 80]",128241,The Rise,en,The Rise,5.1411,2012-09-09,6.625,112,Available
"[16, 35, 80, 9648]",504827,The Bob's Burgers Movie,en,The Bob's Burgers Movie,5.2924,2022-05-26,6.938,388,Available
[99],595413,The Sheriff,es,Alguacer,5.7759,2019-04-11,0.0,0,Available
"[10752, 18]",256917,The Water Diviner,en,The Water Diviner,5.2808,2014-12-25,6.781,1360,Available
"[35, 80, 9648]",39939,Super Troopers,en,Super Troopers,4.9652,2001-02-15,6.546,1272,Available
"[10751, 36, 18]",418680,Goodbye Christopher Robin,en,Goodbye Christopher Robin,4.6608,2017-09-29,7.019,920,Available
"[80, 18, 53]",480572,Bullet Head,en,Bullet Head,5.4119,2017-12-07,4.987,556,Available
"[878, 27, 53]",819876,Crimes of the Future,en,Crimes of the Future,5.4652,2022-05-25,6.019,1324,Available
"[35, 10749, 18]",1283671,Peak Everything,fr,Amour Apocalypse,5.0664,2025-08-08,6.2,14,Available
"[28, 35, 80]",9448,The Big Hit,en,The Big Hit,5.036,1998-04-24,5.984,491,Available
"[37, 28, 18]",13249,Seraphim Falls,en,Seraphim Falls,4.6658,2007-01-26,6.407,648,Available
[],1753868,El método,es,El método,6.3123,2026-08-20,0.0,0,Available
"[27, 53, 28]",1429744,Ziam,th,ปากกัด ตีนถีบ,4.5985,2025-07-08,6.8,289,Available
[28],886921,Leader: Amie Bangladesh,bn,Leader - আমিই বাংলাদেশ,5.9433,2023-04-20,0.0,0,Available
"[18, 53]",48289,The Debt,en,The Debt,5.2647,2010-09-30,6.548,987,Available
"[10749, 35]",2293,Mallrats,en,Mallrats,4.6412,1995-10-20,6.755,1437,Available
"[80, 28, 53]",1227816,Red Right Hand,en,Red Right Hand,5.079,2024-02-22,6.58,249,Available
[],441344,Le poème,fr,Le poème,5.4753,1985-01-01,7.333,3,Available
"[18, 28, 53, 80]",13291,Traitor,en,Traitor,5.1152,2008-08-23,6.655,741,Available
"[35, 10749]",1403735,Laila,te,లైలా,5.1431,2025-02-14,5.2,8,Available
[27],523139,In the Tall Grass,en,In the Tall Grass,5.2332,2019-09-20,5.551,2458,Available
"[18, 53, 9648]",799546,Luckiest Girl Alive,en,Luckiest Girl Alive,5.1155,2022-09-30,6.501,958,Available
"[18, 10752]",330397,Shock Troop,de,Stoßtrupp 1917,5.8773,1934-02-20,6.333,9,Available
"[80, 18, 53]",1046090,"The Pig, the Snake and the Pigeon",zh,周處除三害,5.4838,2023-10-06,7.296,279,Available
"[28, 18, 53]",7007,Rising Sun,en,Rising Sun,5.2575,1993-07-30,6.146,862,Available
"[28, 35, 53]",1319895,Hostile Takeover,en,Hostile Takeover,4.9096,2025-08-08,6.877,110,Available
"[53, 18, 27]",931,Don't Look Now,en,Don't Look Now,5.0678,1973-10-11,6.924,1215,Available
"[80, 9648, 53]",881164,Boston Strangler,en,Boston Strangler,5.0284,2023-03-16,6.631,873,Available
[10749],724109,Hole-in-law,ko,구멍동서,5.9194,2020-07-06,5.786,14,Available
[99],246286,Emergency Calls,en,Hätäkutsu,5.6527,2013-11-15,6.3,3,Available
"[80, 53, 28]",1047373,The Silent Hour,en,The Silent Hour,5.3371,2024-10-03,6.41,294,Available
"[18, 14, 10749]",283378,Fallen,en,Fallen,4.967,2016-11-10,6.113,1682,Available
"[28, 12, 35]",62206,30 Minutes or Less,en,30 Minutes or Less,6.586,2011-08-11,5.773,1874,Available
"[35, 10752, 28]",11519,1941,en,1941,4.9803,1979-12-14,5.768,730,Available
[18],819112,Mom’s Cat,hu,Anyám macskája,4.7592,2021-04-27,0.0,0,Available
"[10751, 12, 18]",14522,Black Beauty,en,Black Beauty,4.8425,1994-07-29,6.717,353,Available
[],1702830,Umarekawatta Tamegorō,ja,生まれかわった為五郎,5.0456,1972-01-21,0.0,0,Available
"[35, 80, 18]",13685,Bottle Rocket,en,Bottle Rocket,5.3297,1996-02-21,6.699,1232,Available
[],1757423,Habana Mía,es,Habana Mía,6.6022,,0.0,0,Unknown
[35],371376,Pièce montée,fr,Pièce montée,5.2786,1991-12-01,6.0,2,Available
"[35, 10749]",10073,Date Movie,en,Date Movie,5.5105,2006-02-17,4.272,1080,Available
"[53, 18, 80]",994,Straw Dogs,en,Straw Dogs,5.0581,1971-11-25,7.15,1111,Available
"[80, 35, 18]",1127767,Riff Raff,en,Riff Raff,5.158,2025-02-27,5.781,135,Available
"[10770, 18, 28]",1418393,Samurai Detective Onihei: One Last Wish,ja,鬼平犯科帳 老盗の夢,7.8696,2025-02-08,9.1,7,Available
"[36, 10752, 10749, 10402]",187503,Koroghlu,az,Koroğlu,6.2524,1960-10-10,5.5,2,Available
"[53, 80, 18]",848791,The Stranger,en,The Stranger,5.5161,2022-10-06,6.167,432,Available
"[10770, 16, 10751, 35, 878]",21316,Leroy & Stitch,en,Leroy & Stitch,5.2696,2006-06-23,6.521,624,Available
"[16, 28, 14]",1338799,JUJUTSU KAISEN: Hidden Inventory / Premature Death - The Movie,ja,劇場版総集編 呪術廻戦 懐玉・玉折,5.0348,2025-05-30,8.601,124,Available
"[16, 18]",80036,Rains,fr,L'ondée,5.6692,2008-05-21,5.7,5,Available
"[12, 878, 28]",9570,The Black Hole,en,The Black Hole,5.4765,1979-12-19,5.835,565,Available
"[35, 27, 53]",11974,The 'Burbs,en,The 'Burbs,5.0777,1989-02-17,6.753,1419,Available
"[27, 9648, 53]",10576,Psycho II,en,Psycho II,5.1959,1983-06-03,6.505,763,Available
"[18, 10402]",238122,The Angel,es,El ángel,6.532,1969-10-20,9.5,2,Available
"[28, 18]",348060,Antigang,fr,Antigang,5.2279,2015-08-19,5.862,373,Available
"[878, 28, 12]",5491,Battlefield Earth,en,Battlefield Earth,5.0965,2000-05-12,3.337,964,Available
[35],440546,Tékasztorik,hu,Tékasztorik,5.4898,2017-02-11,4.8,5,Available
"[12, 28, 878]",211387,Marvel One-Shot: Agent Carter,en,Marvel One-Shot: Agent Carter,5.4293,2013-10-04,7.25,938,Available
[],169449,Castration,es,La castración,5.6851,2011-03-22,4.9,6,Available
[10402],785845,Dvořák:  Rusalka,cs,Dvořák:  Rusalka,5.9984,2020-08-19,0.0,0,Available
"[80, 53, 9648]",567797,The Dry,en,The Dry,5.1427,2021-01-01,6.78,868,Available
"[18, 53]",479280,La Tentación,es,La Tentación,5.9237,1991-01-03,4.714,7,Available
[27],651188,The Impure Ones,es,Los impuros,5.2533,2019-11-24,0.0,0,Available
"[53, 18]",758679,Mothers' Instinct,en,Mothers' Instinct,5.3258,2024-01-11,6.833,705,Available
"[9648, 53]",260,The 39 Steps,en,The 39 Steps,4.5474,1935-06-06,7.304,1086,Available
[99],458098,Touched by the Ocean,lv,Okeāna saviļņotie,5.4895,2017-05-04,0.0,0,Available
"[18, 14, 10749]",434552,The Firefly,es,La luciérnaga,5.2118,2013-11-10,6.9,122,Available
[28],11859,Fair Game,en,Fair Game,5.0929,1995-11-03,5.205,349,Available
[99],851547,Indetermediate Movie,en,Indetermediate Movie,6.3051,1966-01-01,0.0,0,Available
"[53, 80, 18]",68812,The Iceman,en,The Iceman,5.6427,2012-09-01,6.554,1179,Available
"[28, 12, 80, 53]",42120,City on Fire,cn,龍虎風雲,5.1231,1987-02-13,6.945,182,Available
"[18, 10749]",72808,The Flesh,it,La carne,6.2558,1991-05-09,5.664,67,Available
"[35, 18]",74160,Kanlı Nigar,tr,Kanlı Nigar,5.8631,1981-12-01,6.755,47,Available
"[99, 18]",314860,Desire for Beauty,pl,Pragnienie piękna,5.5789,2013-03-22,0.0,0,Available
"[10749, 9648, 53]",303,Notorious,en,Notorious,4.5416,1946-08-21,7.7,1795,Available
[35],10471,Next Friday,en,Next Friday,5.0208,2000-01-12,6.53,675,Available
[35],459584,Portrait Craché,fr,Portrait Craché,6.0344,2016-01-22,0.0,0,Available
[],941966,Half a Year,da,Halvår,5.5456,,0.0,0,Unknown
"[878, 28, 16]",379291,Justice League vs. Teen Titans,en,Justice League vs. Teen Titans,4.9355,2016-03-26,7.268,1053,Available
"[18, 10749]",583903,Our Friend,en,Our Friend,5.1096,2019-09-04,7.179,371,Available
[35],11353,Bowfinger,en,Bowfinger,4.86,1999-08-12,6.188,971,Available
[],1458084,Proto VR,it,Proto VR,8.2651,2023-05-03,0.0,0,Available
"[28, 18, 53, 80]",1140692,The Channel,en,The Channel,5.109,2023-07-14,6.207,75,Available
"[35, 80]",464540,Operation Piroberta,es,Operación Piroberta,5.1189,2017-03-16,3.0,1,Available
"[80, 18, 53]",13250,Butterfly on a Wheel,en,Butterfly on a Wheel,4.9989,2007-07-27,6.426,580,Available
[18],568917,Fındıklar Kırılırken,tr,Fındıklar Kırılırken,5.0803,2018-07-29,4.0,4,Available
"[53, 9648, 80]",196024,The Keeper of Lost Causes,da,Kvinden i buret,5.0383,2013-10-03,7.037,849,Available
"[27, 53]",532671,The Prodigy,en,The Prodigy,5.1599,2019-02-06,6.156,1096,Available
"[53, 35, 14]",937926,La Ratonera,es,La Ratonera,5.5529,2020-05-05,0.0,0,Available
[18],1165116,Incognito,az,İnkoqnito,5.2933,2012-03-02,0.0,0,Available
"[28, 10749]",255810,Thanga Thamaraigal,en,Thanga Thamaraigal,4.9561,1991-03-22,5.0,1,Available
[99],1620034,"Marty, Life Is Short",en,"Marty, Life Is Short",5.3642,2026-05-11,7.922,32,Available
"[35, 18]",1607634,Anbe Diana,ta,அன்பே டயானா,4.627,2026-07-17,5.5,3,Available
"[27, 53]",1469930,Tumbal Proyek,id,Tumbal Proyek,5.8355,2026-05-13,4.2,2,Available
"[18, 99]",418439,Am Kölnberg,de,Am Kölnberg,5.4966,2014-09-28,7.3,3,Available
[10402],286769,Dashing Girls,hu,Szikrázó lányok,5.6374,1974-08-13,10.0,1,Available
"[35, 10751]",20737,Air Bud,en,Air Bud,5.4795,1997-08-01,5.576,530,Available
"[27, 18]",434555,The Possession of Hannah Grace,en,The Possession of Hannah Grace,6.1516,2018-11-29,5.65,1518,Available
[99],1715492,Shipwrecked: Nightmare at Sea,en,Shipwrecked: Nightmare at Sea,4.8388,2026-07-10,7.179,78,Available
[27],806953,Bad Bitches,fr,Mauvaises Chiennes,6.4113,2021-01-01,0.0,0,Available
[18],79518,Naked,nl,Naakt,5.3724,2006-06-28,5.417,12,Available
"[35, 28, 80]",12085,Mad Money,en,Mad Money,5.4976,2008-01-17,6.472,731,Available
[18],707755,L'enchanteur,fr,L'enchanteur,6.3866,2000-11-10,9.0,1,Available
"[10752, 36, 18]",661231,Operation Mincemeat,en,Operation Mincemeat,5.9701,2022-04-01,6.514,835,Available
"[35, 28]",278249,Pudelmützen Rambos,de,Pudelmützen Rambos,5.3382,2004-01-02,4.5,4,Available
"[35, 18]",1305194,Mi prima la sexóloga 2 (de la fantasía a la realidad),es,Mi prima la sexóloga 2 (de la fantasía a la realidad),5.4414,2024-05-15,7.202,124,Available
"[53, 80]",199373,The Frozen Ground,en,The Frozen Ground,5.0701,2013-07-11,6.264,1624,Available
"[35, 10402]",101414,Los mánagers,es,Los mánagers,5.4618,2006-07-07,5.417,12,Available
"[12, 16, 18, 10751]",21032,Balto,en,Balto,5.2314,1995-12-22,7.338,2254,Available
"[28, 18, 36, 53]",300673,The Finest Hours,en,The Finest Hours,5.344,2016-01-27,6.593,1791,Available
"[35, 80]",10157,Police Academy 2: Their First Assignment,en,Police Academy 2: Their First Assignment,5.2285,1985-03-28,6.099,1778,Available
[],423600,Julian,es,Julián,5.9929,,0.0,0,Unknown
"[35, 10751]",58224,Mr. Popper's Penguins,en,Mr. Popper's Penguins,5.1811,2011-06-17,5.976,3233,Available
[27],1572073,The Deadly Little Mermaid,en,The Deadly Little Mermaid,5.2835,2026-03-06,4.759,27,Available
"[18, 10749, 35, 10402]",13497,Drumline,en,Drumline,5.3182,2002-12-13,6.968,580,Available
"[28, 35, 14]",9048,A Chinese Ghost Story III,cn,倩女幽魂III：道道道,4.7587,1991-07-18,6.514,108,Available
"[16, 14, 12, 10751]",638507,How to Train Your Dragon: Homecoming,en,How to Train Your Dragon: Homecoming,5.5675,2019-12-03,8.032,1138,Available
[99],257274,The Building,es,Edificio España,5.5245,2012-09-24,5.5,2,Available
"[28, 878, 27]",17467,Riki-Oh: The Story of Ricky,cn,力王,4.9334,1991-10-05,6.9,385,Available
"[28, 878, 53]",4965,Impostor,en,Impostor,5.2774,2001-12-03,6.131,495,Available
"[18, 10749]",27062,Lan Yu,zh,蓝宇,6.5132,2001-05-18,7.179,67,Available
[10749],468668,Rain Blues,lv,Lietus blūzs,5.4308,1982-12-20,6.0,1,Available
"[27, 9648]",72571,Paranormal Activity 3,en,Paranormal Activity 3,4.8529,2011-10-19,5.924,2427,Available
"[28, 80]",1238094,Leadership Violence,en,Leadership Violence,5.2747,,6.0,1,Unknown
"[35, 10749]",573790,Organik Love,tr,Organik Aşk,6.0439,2018-09-21,4.0,1,Available
"[10752, 18]",728761,Battlefield Orchid,zh,Battlefield Orchid,5.3739,2012-10-20,0.0,0,Available
"[35, 28, 18]",45132,Super,en,Super,5.2175,2010-11-26,6.521,1786,Available
"[35, 18]",167346,Confessions of Lady Mantis,ja,五月みどりの かまきり夫人の告白,5.7246,1975-11-01,3.8,4,Available
"[18, 10749]",330483,The Choice,en,The Choice,5.1327,2016-02-04,7.207,1988,Available
[18],920374,Enam Batang,en,Enam Batang,6.0039,2022-01-14,7.0,1,Available
[18],366338,Night Trip,sl,Nočni izlet,5.6019,1961-06-05,4.0,3,Available
"[28, 80, 18, 53]",24873,Death Wish 3,en,Death Wish 3,4.8827,1985-11-01,6.232,498,Available
"[28, 80, 18]",531499,The Tax Collector,en,The Tax Collector,5.6388,2020-08-07,5.741,568,Available
"[28, 80, 53]",18725,The Enforcer,cn,給爸爸的信,5.1628,1995-02-08,6.712,184,Available
"[12, 16, 10751, 14]",22611,Little Nemo: Adventures in Slumberland,ja,NEMO/ニモ,5.2673,1989-07-15,6.872,184,Available
"[53, 28]",449985,Triple Threat,en,Triple Threat,5.0583,2019-03-19,6.405,660,Available
"[18, 53]",11660,Following,en,Following,4.9305,1999-04-02,7.119,1955,Available
[35],214030,Fading Gigolo,en,Fading Gigolo,4.8258,2013-09-07,5.806,625,Available
"[18, 36, 12]",319888,Eddie the Eagle,en,Eddie the Eagle,5.4455,2016-02-25,7.161,2345,Available
"[53, 9648, 18]",574,The Man Who Knew Too Much,en,The Man Who Knew Too Much,4.6722,1956-05-16,7.43,1600,Available
"[14, 27]",70512,Dante's Inferno,it,L’Inferno,4.9604,1911-03-01,6.6,161,Available
"[28, 12]",15119,Shogun Assassin,en,Shogun Assassin,5.1131,1980-11-11,6.877,195,Available
[18],10876,Quills,en,Quills,4.9749,2000-11-22,7.158,745,Available
"[16, 10751, 14]",598387,The Tiger's Apprentice,en,The Tiger's Apprentice,5.3136,2024-02-16,7.237,150,Available
"[27, 878, 53]",805320,Bird Box Barcelona,es,Bird Box Barcelona,5.1032,2023-07-14,5.918,874,Available
"[28, 53]",760868,Black Crab,sv,Svart krabba,5.3783,2022-03-18,6.192,957,Available
"[27, 53]",10552,Cat's Eye,en,Cat's Eye,5.0084,1985-04-12,6.745,759,Available
"[35, 9648, 27]",520023,Bodies Bodies Bodies,en,Bodies Bodies Bodies,4.7629,2022-08-05,6.143,1525,Available
[],1322794,Hora Azul,es,Hora Azul,7.6887,,0.0,0,Unknown
"[16, 28, 878, 12]",12180,Star Wars: The Clone Wars,en,Star Wars: The Clone Wars,4.8158,2008-08-05,6.156,2267,Available
"[10749, 14, 27]",314405,Tale of Tales,it,Il racconto dei racconti,5.2042,2015-05-14,6.426,1756,Available
"[27, 10749]",47090,The Pit and the Pendulum,en,The Pit and the Pendulum,6.779,1991-06-27,5.778,151,Available
[18],545712,The Return,sq,Kthimi,5.675,2017-11-28,0.0,0,Available
"[53, 27]",65055,Shark Night 3D,en,Shark Night 3D,4.9151,2011-09-02,5.071,620,Available
"[16, 35, 10770]",1290938,South Park: The End of Obesity,en,South Park: The End of Obesity,5.805,2024-05-24,7.397,277,Available
"[18, 10749]",50476,Untold Scandal,ko,스캔들: 조선남녀상열지사,5.3805,2003-10-02,6.4,62,Available
[27],627290,Antebellum,en,Antebellum,4.8042,2020-09-02,6.253,1012,Available
"[27, 28, 35]",67343,Mr. Vampire II,cn,殭屍家族,5.0085,1986-08-15,5.93,50,Available
"[27, 53]",1355126,Sugar Mill,id,Pabrik Gula,5.6545,2025-03-31,7.904,26,Available
"[18, 35]",2056,The Station Agent,en,The Station Agent,5.8307,2003-12-05,7.3,837,Available
[],205024,Hollywood Mystery,en,Hollywood Mystery,5.4582,1934-06-20,5.75,2,Available
"[27, 18]",707505,Debt,it,Il Debito,5.569,2020-05-22,5.0,1,Available
"[18, 10749]",27030,The Earrings of Madame de...,fr,Madame de…,3.8529,1953-04-16,7.492,261,Available
"[53, 9648]",1397832,A Widow's Game,es,La viuda negra,5.0384,2025-05-30,6.284,298,Available
"[18, 80]",262041,The Double,de,Der Doppelgänger,5.2005,1934-02-01,7.3,3,Available
"[9648, 80, 53]",963,The Maltese Falcon,en,The Maltese Falcon,5.5116,1941-10-18,7.703,1928,Available
"[18, 10749, 53]",462183,Wild Awakening,es,Salvaje despertar,5.5419,2016-10-23,5.295,22,Available
"[18, 10749]",1659209,Melodrama,es,Melodrama,5.7063,2026-05-29,0.0,0,Available
[27],118957,Bait,en,Bait,5.0173,2012-09-05,5.652,824,Available
"[28, 18, 53]",74998,Seeking Justice,en,Seeking Justice,5.3591,2011-09-02,5.937,1127,Available
"[9648, 14, 18]",477271,The Stone,tr,Taş,5.9024,2017-10-20,6.0,3,Available
"[35, 80, 9648, 53]",5236,Kiss Kiss Bang Bang,en,Kiss Kiss Bang Bang,5.9336,2005-09-14,7.156,3106,Available
"[35, 18, 10749]",549053,Last Christmas,en,Last Christmas,5.1202,2019-11-07,7.19,2678,Available
"[28, 12]",18860,Swordsman,cn,笑傲江湖,5.8038,1990-04-05,7.016,95,Available
"[18, 35, 10749]",412190,Love O2O,zh,微微一笑很倾城,4.6938,2016-08-12,6.7,60,Available
"[16, 12, 878, 18, 10751, 14]",265712,Stand by Me Doraemon,ja,STAND BY ME ドラえもん,5.2531,2014-08-08,7.44,614,Available
"[28, 80, 53]",399173,The Assignment,en,The Assignment,5.065,2016-06-08,5.517,571,Available
"[10749, 14, 35]",1195803,Wicker,en,Wicker,5.4238,2026-10-21,0.0,0,Available
[18],604282,Plyaska smerti,ru,Plyaska smerti,5.8931,2015-04-03,8.0,1,Available
"[16, 10751, 35]",15655,The Tigger Movie,en,The Tigger Movie,5.2635,2000-02-11,6.694,664,Available
[18],669502,Metropolitan Bowling,fr,Bowling Métropolitain,5.7754,2019-07-04,0.0,0,Available
"[28, 12, 14, 27]",1623740,Snake 5: Monster City,zh,大蛇5：怪兽都市,4.9452,2026-01-29,5.7,3,Available
[99],1058656,Food and Country,en,Food and Country,5.6519,2024-10-02,4.0,1,Available
"[35, 18, 10751]",13490,Welcome Home Roscoe Jenkins,en,Welcome Home Roscoe Jenkins,4.8409,2008-02-08,6.042,320,Available
"[27, 53]",1063879,Infested,fr,Vermines,5.6869,2023-12-27,6.5,622,Available
"[27, 35, 10749, 14]",374052,The Love Witch,en,The Love Witch,4.1136,2016-11-11,6.437,650,Available
[18],271116,Devil Angel,cn,Devil Angel,5.4947,1995-11-09,4.4,12,Available
"[28, 12, 35, 10751]",14623,Thunderbirds,en,Thunderbirds,4.8485,2004-07-23,5.044,326,Available
"[35, 10752]",97435,Sailors Three,en,Sailors Three,4.2699,1940-12-14,7.6,5,Available
"[18, 27, 14, 35]",197158,Porno!,pt,Pornô!,5.3408,1981-01-01,5.141,85,Available
"[12, 16, 18, 10751, 14, 9648, 878]",11704,The Secret of NIMH,en,The Secret of NIMH,5.3407,1982-06-17,7.434,981,Available
"[10752, 28, 18]",10652,Hamburger Hill,en,Hamburger Hill,5.3407,1987-08-07,6.579,524,Available
"[53, 18]",1145725,Tyler Perry's Duplicity,en,Tyler Perry's Duplicity,5.3406,2025-03-19,6.561,179,Available
"[18, 35]",575808,End of Season,az,Mövsümün Sonu,5.3406,2019-01-28,8.0,1,Available
[99],397776,Cría Brava,es,Cría Brava,5.3404,2016-04-14,0.0,0,Available
"[18, 80, 53]",10629,Veronica Guerin,en,Veronica Guerin,5.3403,2003-07-11,6.66,346,Available
"[28, 80, 53, 18, 10770]",336004,Heist,en,Heist,5.34,2015-11-13,6.132,1019,Available
"[10749, 18]",261296,Rosewood Cane,hu,Rózsafabot,5.34,1940-11-25,8.0,2,Available
"[12, 28, 14]",1996,Lara Croft: Tomb Raider - The Cradle of Life,en,Lara Croft: Tomb Raider - The Cradle of Life,5.3398,2003-07-21,5.761,4618,Available
"[28, 12, 35, 18, 14, 16]",36728,Naruto Shippuden the Movie: The Will of Fire,ja,劇場版 NARUTO -ナルト- 疾風伝 火の意志を継ぐ者,5.3394,2009-08-01,7.375,519,Available
"[18, 10402]",16620,La Bamba,en,La Bamba,5.3388,1987-07-24,7.279,829,Available
"[27, 80, 18, 14]",836225,The Exorcism of God,en,The Exorcism of God,5.3383,2022-03-11,7.078,1174,Available
[99],356414,Agora: From Democracy to the Market,el,Agora: Από τη Δημοκρατία στις Αγορές,5.3383,2015-01-15,6.8,6,Available
"[28, 35]",513045,Stuber,en,Stuber,5.3366,2019-07-11,6.598,1447,Available
[18],481327,Idílio Proibido,pt,Idílio Proibido,5.3362,1977-05-18,7.0,1,Available
"[28, 18, 27, 878, 53]",25769,Carriers,en,Carriers,5.3362,2009-09-04,6.047,1520,Available
"[53, 80, 28]",45706,Tokyo Drifter,ja,東京流れ者,5.3353,1966-04-10,7.089,214,Available
[18],1357922,Broken Land,en,Broken Land,5.3351,2024-10-25,5.0,4,Available
"[18, 53, 9648, 10752]",10684,Courage Under Fire,en,Courage Under Fire,5.3351,1996-07-04,6.556,1098,Available
[18],1115268,Cursed Luck,es,Maldita Suerte,5.3747,,0.0,0,Unknown
"[16, 10751]",15015,Barbie as Rapunzel,en,Barbie as Rapunzel,5.3242,2002-10-01,7.028,1295,Available
"[10749, 18, 53]",435901,About Love,ru,О любви,5.0769,2017-03-23,5.485,33,Available
"[16, 28, 27, 14]",48624,Urotsukidōji: Legend of the Overfiend,ja,超神伝説 うろつき童子,5.4556,1989-03-18,5.992,123,Available
[9648],563799,Clyde Cooper,en,Clyde Cooper,5.6265,2018-11-22,4.5,11,Available
[],1757030,Again,en,Again,4.9737,,0.0,0,Unknown
[16],461409,Thousand,hr,Tisuću,5.2615,2014-01-01,0.0,0,Available
"[99, 10770]",1418719,Pat Tillman: Life. Death. Legacy.,en,Pat Tillman: Life. Death. Legacy.,2.4754,2024-11-04,0.0,0,Available
"[18, 35, 10749]",95610,Bridget Jones's Baby,en,Bridget Jones's Baby,4.8575,2016-09-14,6.404,3119,Available
"[35, 18, 10749]",416477,The Big Sick,en,The Big Sick,4.8919,2017-03-30,7.321,2691,Available
[18],741485,In Between Silences,pt,Entre Silêncios,6.757,2020-10-22,7.5,1,Available
"[35, 10749]",22897,It's Complicated,en,It's Complicated,5.1428,2009-12-23,6.517,1563,Available
[35],9687,Keeping Mum,en,Keeping Mum,4.8837,2005-12-02,6.683,637,Available
"[16, 36, 18]",734002,The Peasants,pl,Chłopi,5.1517,2023-10-13,7.509,170,Available
"[10402, 14]",429620,Platée,fr,Platée,5.7482,2002-01-01,8.0,1,Available
"[35, 878]",12107,Nutty Professor II: The Klumps,en,Nutty Professor II: The Klumps,5.2922,2000-07-27,5.017,1440,Available
"[80, 18, 53]",13633,Bad Boys,en,Bad Boys,5.2395,1983-03-25,7.0,316,Available
"[18, 10749]",5967,The Umbrellas of Cherbourg,fr,Les Parapluies de Cherbourg,4.8637,1964-02-19,7.4,908,Available
"[53, 9648]",294793,All the Old Knives,en,All the Old Knives,5.0493,2022-04-08,6.002,660,Available
[99],455512,Close,pl,Pod bluzką,5.8198,2008-01-01,0.0,0,Available
"[16, 10402, 10751, 35]",454458,UglyDolls,en,UglyDolls,5.0542,2019-05-01,6.607,483,Available
"[10749, 18, 10402]",1241634,Saiyaara,hi,सैयारा,5.4032,2025-07-18,6.4,149,Available
[18],716612,Spencer,en,Spencer,5.0774,2021-11-04,6.699,1858,Available
"[12, 14, 28, 53]",24418,Cirque du Freak: The Vampire's Assistant,en,Cirque du Freak: The Vampire's Assistant,5.0489,2009-10-23,5.871,1186,Available
"[16, 10751, 28, 12, 14]",588648,Dragonkeeper,es,Guardiana de dragones (Dragonkeeper),5.444,2024-04-11,7.6,229,Available
"[16, 878, 18, 10770]",1497017,Adult Swim's The Elephant,en,Adult Swim's The Elephant,5.0476,2025-12-19,7.932,22,Available
[27],138,Dracula,en,Dracula,4.8723,1931-02-12,7.2,1411,Available
"[27, 9648]",334536,The Blackcoat's Daughter,en,The Blackcoat's Daughter,4.7541,2017-03-31,5.874,805,Available
"[28, 80, 53]",1249289,Alarum,en,Alarum,5.233,2025-01-16,5.586,417,Available
"[12, 16, 10751, 14]",1181107,The King of Kings,en,The King of Kings,4.9661,2025-04-07,8.292,209,Available
[],809318,Ronuwa,as,Ronuwa,5.4764,2021-08-15,0.0,0,Available
"[18, 10752, 28]",9967,Uncommon Valor,en,Uncommon Valor,5.0364,1983-12-16,6.258,227,Available
"[18, 10749]",1501204,I Am a Plaything,ko,나는 노리개다,4.8136,2025-06-14,0.0,0,Available
"[35, 10751]",11041,The Beverly Hillbillies,en,The Beverly Hillbillies,4.7808,1993-10-15,6.32,616,Available
"[12, 35, 10402]",32823,Get Him to the Greek,en,Get Him to the Greek,5.7351,2010-06-03,5.96,1997,Available
"[53, 9648, 10749]",506,Marnie,en,Marnie,4.4204,1964-07-17,7.102,1256,Available
"[80, 18]",300534,A Suicide,tr,Bir İntihar,5.7623,1975-01-03,7.2,9,Available
"[18, 9648, 53]",853028,New York November,de,South,6.0111,2011-01-01,6.0,1,Available
"[18, 36, 53]",502425,Escape from Pretoria,en,Escape from Pretoria,5.5583,2020-03-06,7.17,1535,Available
"[27, 878, 53]",827931,Time Cut,en,Time Cut,5.5677,2024-10-29,5.64,626,Available
"[10752, 28, 18, 36]",508664,Danger Close: The Battle of Long Tan,en,Danger Close: The Battle of Long Tan,5.2958,2019-08-08,6.804,360,Available
"[10749, 14, 18]",38117,Beastly,en,Beastly,4.6299,2011-01-21,6.3,2891,Available
"[10749, 35, 18]",11355,Never Been Kissed,en,Never Been Kissed,4.9294,1999-04-09,6.161,1620,Available
"[18, 12]",785398,EO,en,EO,5.7262,2022-09-30,6.486,441,Available
[],1756247,STARTING FIRES,en,STARTING FIRES,6.8807,2026-06-16,0.0,0,Available
[35],1443774,Deviens génial,fr,Deviens génial,4.779,2026-06-17,6.75,8,Available
"[28, 12, 878, 16]",17445,Green Lantern: First Flight,en,Green Lantern: First Flight,5.1209,2009-07-28,6.946,516,Available
"[18, 10749]",765264,And Returning,id,Dan Pulang,5.7246,2020-02-20,1.0,1,Available
"[28, 12, 35, 14]",591120,The Pirates: The Last Royal Treasure,ko,해적: 도깨비 깃발,5.012,2022-01-26,6.535,231,Available
[],485409,Triple Exposure,es,Triple Exposición,5.4004,2013-01-01,0.0,0,Available
"[18, 10749]",976576,Emmanuelle,en,Emmanuelle,5.3319,2024-09-25,4.717,138,Available
"[99, 80]",1426486,Chaos: The Manson Murders,en,Chaos: The Manson Murders,5.0283,2025-03-06,6.145,76,Available
[18],196217,Jag dräpte,sv,Jag dräpte,5.6049,1943-10-26,5.75,2,Available
[18],1735711,Dear Diary,en,Dear Diary,6.3894,,0.0,0,Unknown
"[16, 10751, 28, 12, 10770]",755812,"Miraculous World: New York, United HeroeZ",fr,"Miraculous World : New York, les héros unis",4.8454,2020-09-25,8.1,1133,Available
[99],819681,Strength Wars,en,Strength Wars,5.0943,2021-04-16,0.0,0,Available
"[18, 10749]",851,Brief Encounter,en,Brief Encounter,5.0323,1945-11-24,7.697,727,Available
"[12, 53, 27]",580,Jaws: The Revenge,en,Jaws: The Revenge,5.3605,1987-07-17,4.094,1206,Available
[],1525373,Babel,en,Babel,6.0983,2025-10-09,0.0,0,Available
[27],674670,Camp Fire Stories,ru,Qarakoz,5.7537,2020-03-26,3.0,4,Available
[99],563512,"All Inclusive, Or How The Sky Became Orphan",ru,"All Inclusive, или Как осиротело небо",5.7502,2017-12-08,0.0,0,Available
"[28, 10749]",676159,Inspector Vikram,kn,Inspector ವಿಕ್ರಂ,5.7082,2021-02-05,5.0,2,Available
"[28, 878, 16, 35]",71172,Gintama: The Movie,ja,劇場版 銀魂 新訳紅桜篇,5.4353,2010-04-24,7.4,106,Available
"[35, 10749]",1309396,The Doll,fr,La Poupée,5.3339,2026-04-22,6.05,30,Available
"[18, 36]",823452,The Boys in the Boat,en,The Boys in the Boat,4.6373,2023-12-25,7.236,379,Available
"[12, 16, 10751, 37]",637693,Spirit Untamed,en,Spirit Untamed,5.5717,2021-05-20,7.236,582,Available
[35],382511,Penny Pincher!,fr,Radin !,5.2885,2016-09-28,5.584,961,Available
[28],9460,Black Mask,cn,黑俠,5.0908,1996-11-07,6.246,299,Available
[18],1172675,The Swan,en,The Swan,4.3772,2023-09-27,6.771,581,Available
"[9648, 53, 18]",25376,The Secret in Their Eyes,es,El secreto de sus ojos,4.8178,2009-08-13,7.971,2945,Available
"[18, 80]",12093,Lilya 4-ever,sv,Lilja 4-ever,4.6496,2002-08-23,7.6,692,Available
[99],1492608,John Candy: I Like Me,en,John Candy: I Like Me,4.8207,2025-09-04,7.855,117,Available
"[35, 10749]",14177,Beauty Shop,en,Beauty Shop,5.5553,2005-04-22,6.339,565,Available
"[12, 18]",83770,On the Road,en,On the Road,4.9618,2012-05-22,5.615,917,Available
"[10402, 18]",14804,Vitus,de,Vitus,5.2895,2006-02-02,7.378,90,Available
[35],342173,Spain Today,es,España today,5.5002,2013-03-19,6.0,1,Available
"[12, 28, 35]",37632,The Order,en,The Order,5.1571,2001-05-05,5.112,278,Available
"[10402, 99]",664416,Beastie Boys Story,en,Beastie Boys Story,5.8165,2020-04-24,7.513,198,Available
"[28, 16, 35, 10770, 80]",80866,Lupin the Third: Swallowtail Tattoo,ja,ルパン三世 盗まれたルパン 〜コピーキャットは真夏の蝶〜,4.9208,2004-07-30,6.5,32,Available
"[27, 53]",371608,The Strangers: Prey at Night,en,The Strangers: Prey at Night,5.1696,2018-03-07,5.719,1528,Available
"[28, 80, 53, 18]",9455,The Corruptor,en,The Corruptor,5.1076,1999-03-12,6.09,323,Available
[99],595512,Hunters,fr,Chasseurs,5.6807,2019-04-09,7.0,1,Available
[],510534,Rainbow Party,is,Regnbogapartý,5.8157,2015-07-29,3.75,4,Available
"[18, 10402]",270818,Hopeful Notes,en,Hopeful Notes,6.1991,2010-01-01,10.0,1,Available
"[10749, 35]",866413,You People,en,You People,4.3781,2023-01-20,5.599,810,Available
"[28, 53]",367198,Undercover Punch and Gun,cn,潛龍狙擊,5.9372,2019-06-28,6.018,28,Available
[10749],335117,Delicious Delivery,ko,맛있는 택배,5.053,2015-04-02,4.143,7,Available
[35],274840,The Misanthrope,fr,Le Misanthrope,5.3148,2000-11-14,9.5,2,Available
"[18, 53]",186210,Scale 6,de,Stärke 6,5.4879,2013-03-03,4.1,5,Available
"[18, 53]",5125,Rendition,en,Rendition,5.0419,2007-09-07,6.421,763,Available
"[80, 53]",996,Double Indemnity,en,Double Indemnity,4.9127,1944-07-06,8.086,2091,Available
"[18, 12]",347590,The Magic Jacket,hu,Kincskereső kisködmön,5.3151,1973-01-01,6.5,4,Available
"[28, 18, 36]",14392,The Warlords,zh,投名狀,5.3968,2007-12-12,6.773,381,Available
[99],1058699,STILL: A Michael J. Fox Movie,en,STILL: A Michael J. Fox Movie,4.9485,2023-01-20,7.785,253,Available
"[9648, 53, 27]",1752100,La Entonación,es,La Entonación,5.6072,,0.0,0,Unknown
"[18, 10749]",226857,Endless Love,en,Endless Love,4.9246,2014-02-12,6.943,1787,Available
"[878, 27, 53]",11549,Invasion of the Body Snatchers,en,Invasion of the Body Snatchers,5.2649,1956-02-05,7.457,1232,Available
"[53, 18]",979924,On the Line,en,On the Line,5.1275,2022-10-31,6.078,602,Available
"[18, 36]",1396,Mirror,ru,Зеркало,4.9558,1975-03-07,7.9,1119,Available
"[53, 80, 18]",526007,The Night Clerk,en,The Night Clerk,5.2062,2020-02-19,6.178,929,Available
"[35, 10402, 10749]",9037,Grease 2,en,Grease 2,4.7154,1982-06-11,5.25,755,Available
"[18, 9648]",1502135,Hideaway: The Dossiers,zh,密档,5.1178,2026-08-28,0.0,0,Available
"[28, 80, 53]",1072699,Inside Furioza,pl,Druga Furioza,5.0271,2025-10-14,6.565,100,Available
"[28, 80, 53]",408620,Asura: The City of Madness,ko,아수라,4.9333,2016-09-28,6.808,125,Available
"[16, 28, 12]",1599189,剑来院线剧场版 十三之争,zh,剑来院线剧场版 十三之争,5.7588,2026-12-01,0.0,0,Available
"[16, 35, 10751, 12, 10770]",382517,Open Season: Scared Silly,en,Open Season: Scared Silly,4.9775,2015-12-18,5.927,395,Available
"[18, 80, 53]",848700,Minotaur,fr,Minotaure,5.1238,2026-10-14,0.0,0,Available
"[80, 18, 53]",325789,The Infiltrator,en,The Infiltrator,5.1016,2016-07-13,6.683,1857,Available
"[16, 35, 10751, 10770]",387893,Ice Age: The Great Egg-Scapade,en,Ice Age: The Great Egg-Scapade,5.2401,2016-03-19,6.4,517,Available
"[12, 16, 14]",123,The Lord of the Rings,en,The Lord of the Rings,5.0116,1978-11-15,6.58,1081,Available
"[18, 35, 80]",1023,Adam's Apples,da,Adams æbler,5.3694,2005-04-15,7.477,818,Available
[18],797,Persona,sv,Persona,5.0585,1966-10-18,8.1,2475,Available
"[35, 18]",1750516,Pallaburusu,te,పళ్లబురుసు,4.0691,2026-08-14,0.0,0,Available
"[27, 14, 18]",30959,Kwaidan,ja,怪談,4.6318,1965-01-06,7.723,471,Available
"[12, 27, 53, 878]",14372,Leviathan,en,Leviathan,4.8619,1989-03-17,5.973,584,Available
"[18, 28, 80]",47931,Elite Squad: The Enemy Within,pt,Tropa de Elite 2,5.6184,2010-10-08,7.851,2105,Available
[35],14052,Revenge of the Nerds,en,Revenge of the Nerds,4.526,1984-07-20,6.447,837,Available
"[18, 878, 53]",2900,The Astronaut's Wife,en,The Astronaut's Wife,4.8367,1999-08-27,5.596,1014,Available
"[18, 10402, 10749]",5723,Once,en,Once,4.8739,2007-03-23,7.419,1500,Available
"[18, 53]",8999,Derailed,en,Derailed,5.0289,2005-11-11,6.389,1175,Available
[],337007,The Tunnel,en,Alagút,6.233,1980-04-23,0.0,0,Available
[99],811703,The Year Earth Changed,en,The Year Earth Changed,4.6693,2021-04-15,7.876,133,Available
"[53, 9648]",111083,The Body,es,El cuerpo,4.8703,2012-12-21,7.52,1455,Available
"[35, 10402]",8873,Wayne's World 2,en,Wayne's World 2,5.1519,1993-12-10,6.097,1201,Available
"[28, 80, 53]",1146344,Misdirection,en,Misdirection,4.6524,2026-02-10,6.253,95,Available
"[18, 53]",16672,Woman in the Dunes,ja,砂の女,5.1064,1964-02-15,8.216,539,Available
"[80, 18, 53]",835113,Woman of the Hour,en,Woman of the Hour,5.6369,2024-10-03,6.4,1093,Available
[],1749932,Dendam Aurora,en,Dendam Aurora,5.5761,2017-01-01,0.0,0,Available
"[18, 10752]",24167,Two Women,it,La ciociara,4.8791,1960-12-22,7.815,588,Available
"[16, 10751, 12, 35, 878]",11802,Space Chimps,en,Space Chimps,4.9879,2008-06-25,4.949,498,Available
"[10402, 99]",1445363,EPiC: Elvis Presley in Concert,en,EPiC: Elvis Presley in Concert,4.8277,2026-02-18,8.216,102,Available
"[28, 12, 18, 36, 10752]",15384,Red Cliff II,zh,赤壁：決戰天下,5.1218,2009-01-07,7.281,506,Available
[18],607731,Eden Hotel,it,Eden Hotel,6.5822,2018-08-05,0.0,0,Available
"[18, 9648, 53]",891,All the President's Men,en,All the President's Men,4.8081,1976-04-09,7.659,2151,Available
"[27, 53]",1214509,In a Violent Nature,en,In a Violent Nature,4.9105,2024-05-31,5.531,581,Available
"[53, 18]",928270,Heatwave,en,Heatwave,4.9629,2022-01-17,6.244,170,Available
"[18, 35]",197621,Ocean,fr,Océan,5.2792,2013-05-19,4.0,2,Available
"[27, 14, 878]",15301,Twilight Zone: The Movie,en,Twilight Zone: The Movie,5.2786,1983-06-24,6.487,840,Available
"[28, 12, 878]",1623568,Agito: Superpower War,ja,アギトー超能力戦争ー,5.2776,2026-04-29,7.1,6,Available
"[18, 10749]",11086,The Majestic,en,The Majestic,5.2758,2001-12-21,6.754,864,Available
[],415204,Hungars Beach,en,Hungars Beach,5.2756,2015-09-10,0.0,0,Available
[18],372201,The Expropriation,es,La expropiación,5.2756,1974-01-01,6.5,7,Available
"[878, 53]",1547301,Prompt,en,Prompt,5.2747,2025-12-05,5.583,12,Available
"[16, 28]",217993,Justice League: War,en,Justice League: War,5.2746,2014-01-21,7.436,1202,Available
"[35, 10751]",10708,Daddy Day Care,en,Daddy Day Care,5.2743,2003-05-09,5.916,2292,Available
[27],94365,The Human Centipede 3 (Final Sequence),en,The Human Centipede 3 (Final Sequence),5.2741,2015-05-22,3.74,881,Available
[99],319091,The Hunting Ground,en,The Hunting Ground,5.2738,2015-02-27,7.358,141,Available
"[10751, 35, 12, 28, 878]",14113,Zoom,en,Zoom,5.2722,2006-08-11,5.265,652,Available
[28],279527,Red Salute,ml,റെഡ് സല്യൂട്ട്,5.2719,2006-08-12,10.0,1,Available
"[10402, 35, 10749, 10751]",15157,Another Cinderella Story,en,Another Cinderella Story,5.2718,2008-09-16,7.3,2143,Available
[99],487345,Cafundó,pt,Cafundó,5.2717,1986-01-01,0.0,0,Available
[10749],357471,Enciclopédia,pt,Enciclopédia,5.2714,2010-01-29,0.0,0,Available
"[28, 12, 10751, 14]",119892,The Monkey King,zh,西遊記之大鬧天宮,5.2706,2014-01-09,5.598,242,Available
"[28, 12, 10751, 878]",336400,Ultraman Zearth 2: Superhuman Big Battle - Light and Shadow,ja,ウルトラマンゼアス２ 超人大戦・光と影,5.2705,1997-04-12,7.0,7,Available
[18],300625,Walking After Midnight,tr,Düş Gezginleri,5.2705,1992-11-07,4.25,4,Available
"[28, 35, 80]",1077782,Old Guy,en,Old Guy,5.2691,2024-12-13,5.583,234,Available
"[18, 10402, 36]",15765,What's Love Got to Do with It,en,What's Love Got to Do with It,5.3201,1993-06-09,7.058,381,Available
[18],558915,The Color Purple,en,The Color Purple,5.9529,2023-12-25,6.948,375,Available
[18],298463,The Girls,es,Las niñas,5.672,2009-04-30,7.0,1,Available
"[18, 14, 53]",102780,Byzantium,en,Byzantium,4.7585,2013-04-11,6.291,991,Available
"[28, 35, 80]",417644,CHiPs,en,CHiPs,4.9036,2017-03-23,6.129,1418,Available
[18],221,Rebel Without a Cause,en,Rebel Without a Cause,5.0395,1955-10-27,7.5,1814,Available
"[18, 28, 36, 53]",47854,Legend of the Fist: The Return of Chen Zhen,cn,精武風雲,5.0143,2010-09-01,6.814,463,Available
[99],1526563,Running home,en,Running home,3.5842,2019-01-01,0.0,0,Available
"[35, 12, 80]",8348,Thunderbolt and Lightfoot,en,Thunderbolt and Lightfoot,4.6433,1974-05-23,6.794,670,Available
"[16, 878, 28, 12]",1121575,Babylon 5: The Road Home,en,Babylon 5: The Road Home,4.8548,2023-08-14,7.078,102,Available
[99],862976,"1989 Berlin, Seoul Now",ko,"1989 베를린, 서울 Now",5.0314,2021-09-11,0.0,0,Available
"[10749, 18]",1099639,The Temptation of the Mature 50s Mother-in-law,ko,50대 묵은지 장모님의 유혹,5.1755,2023-02-03,7.4,7,Available
"[53, 80, 18]",70578,Trespass,en,Trespass,5.0844,2011-10-13,5.508,1244,Available
"[35, 18]",339,Night on Earth,en,Night on Earth,5.1747,1991-12-12,7.51,1087,Available
[18],234544,"Kaoru Kiri: The Best Lesbian in Japan, Authentic Account",ja,実録　桐かおる　にっぽん一のレスビアン,4.6462,1974-08-28,5.0,4,Available
[99],1503775,Women at Work,en,Women at Work,4.7474,1958-01-01,0.0,0,Available
"[35, 18, 10749]",801913,Sharp Stick,en,Sharp Stick,5.3576,2022-07-29,4.894,52,Available
"[18, 10749]",314385,By the Sea,en,By the Sea,4.8544,2015-11-12,5.52,639,Available
"[35, 27, 14]",6552,Idle Hands,en,Idle Hands,5.2116,1999-04-30,6.22,773,Available
"[18, 10751]",228203,"McFarland, USA",en,"McFarland, USA",4.6077,2015-02-20,7.488,971,Available
[35],526019,Like a Boss,en,Like a Boss,5.0679,2020-01-09,6.195,673,Available
[],458746,Opium Waltz,hu,Ópiumkeringő,5.8101,1943-06-17,9.0,1,Available
[18],317082,Passing Fancy,hu,Felhőjáték,5.3184,1983-01-11,7.0,1,Available
"[36, 99, 18]",1496143,The Castaways Of Mont Blanc,fr,Les Naufragés Du Mont Blanc,18.1636,2002-01-01,10.0,1,Available
"[80, 18, 9648]",9504,Glengarry Glen Ross,en,Glengarry Glen Ross,5.1911,1992-09-10,7.325,1647,Available
"[18, 35]",192396,Horny Working Girl: From 5 to 9,ja,女新入社員 5時から9時まで,5.3577,1982-03-12,4.909,11,Available
[27],1038068,Halloween Inferno,en,Halloween Inferno,5.2777,2019-10-11,8.0,2,Available
"[28, 18, 80, 53]",9569,Hard to Kill,en,Hard to Kill,5.7314,1990-02-09,5.994,693,Available
[],1744866,Superhero Hati,en,Superhero Hati,6.7521,2020-01-01,0.0,0,Available
"[35, 18, 10402, 10749]",471676,Arriba Michoacán,es,Arriba Michoacán,5.0844,1987-07-09,5.5,4,Available
"[16, 35, 10751]",15213,Everyone's Hero,en,Everyone's Hero,5.6312,2006-08-04,6.086,355,Available
"[35, 14, 10751]",798021,Family Switch,en,Family Switch,5.0169,2023-11-30,6.363,822,Available
"[28, 18, 53]",33196,Tidal Wave,ko,해운대,4.9762,2009-07-22,6.905,506,Available
[28],581093,The Rambler under the Southern Cross,ja,波涛を越える渡り鳥,4.7896,1961-01-03,0.0,0,Available
"[16, 12, 35, 80, 18]",30143,Lupin the Third: The Mystery of Mamo,ja,ルパン三世 ルパンVS複製人間,5.5124,1978-12-16,7.0,123,Available
[28],1134055,Kill Shot,bn,Kill Shot,5.7175,2023-08-15,8.037,227,Available
"[18, 10749]",845659,Perfect Addiction,en,Perfect Addiction,4.8641,2023-02-16,6.779,341,Available
"[35, 80, 9648]",338964,Bad Santa 2,en,Bad Santa 2,5.4353,2016-11-23,5.441,884,Available
[35],1740313,Stamptown,en,Stamptown,5.2533,2026-08-25,8.0,1,Available
"[28, 53]",106021,Erased,en,Erased,5.2533,2012-08-23,6.066,804,Available
"[18, 53]",9357,One Hour Photo,en,One Hour Photo,5.2533,2002-08-21,6.669,1981,Available
"[80, 53, 9648, 18]",479226,The Purity of Vengeance,da,Journal 64,5.253,2018-10-04,7.151,561,Available
"[18, 10749]",19542,The Red Shoes,en,The Red Shoes,5.2524,1948-09-06,8.0,768,Available
"[28, 12, 80, 18]",13830,Shottas,en,Shottas,5.2523,2002-02-27,7.682,382,Available
[18],4960,"Synecdoche, New York",en,"Synecdoche, New York",5.2515,2008-10-24,7.529,1665,Available
"[35, 28, 18]",87826,Here Comes the Boom,en,Here Comes the Boom,5.2512,2012-10-10,6.227,1610,Available
[37],10747,The Outlaw Josey Wales,en,The Outlaw Josey Wales,5.251,1976-06-30,7.454,1340,Available
"[18, 36, 35]",567965,Misbehaviour,en,Misbehaviour,5.2509,2020-03-12,6.368,307,Available
[18],869976,Nucleus,pt,Núcleo,5.2508,2021-05-29,0.0,0,Available
"[28, 35, 9648]",992,Sherlock Jr.,en,Sherlock Jr.,5.2507,1924-04-17,8.041,1201,Available
"[10751, 35, 12]",11870,Big Fat Liar,en,Big Fat Liar,5.2504,2002-02-08,5.891,906,Available
"[18, 80, 36]",88794,J. Edgar,en,J. Edgar,5.2503,2011-11-09,6.23,2633,Available
"[27, 53]",103620,Maniac,en,Maniac,5.2497,2012-12-26,6.039,1054,Available
"[53, 18, 9648, 27]",1644,The Vanishing,en,The Vanishing,5.2493,1993-02-05,6.16,579,Available
"[18, 36]",1002185,A Million Miles Away,en,A Million Miles Away,5.2487,2023-09-08,7.635,552,Available
"[18, 10749]",28209,Emmanuelle: The Joys of a Woman,fr,Emmanuelle: L'antivierge,5.2483,1975-12-15,5.594,170,Available
"[27, 14]",6917,The Gate,en,The Gate,5.248,1987-04-21,6.084,432,Available
"[35, 10749]",12518,Honeymoon in Vegas,en,Honeymoon in Vegas,5.2476,1992-08-28,5.666,329,Available
"[28, 35]",12277,Undercover Brother,en,Undercover Brother,5.1064,2002-05-31,5.937,453,Available
"[35, 18, 10749]",10035,100 Girls,en,100 Girls,5.303,2000-09-01,5.751,503,Available
"[35, 18]",1554956,The Incomer,en,The Incomer,5.0537,2026-09-04,7.0,1,Available
"[28, 80, 53]",256474,In the Blood,en,In the Blood,5.1053,2014-04-04,5.813,390,Available
"[28, 53, 80, 12]",290864,Kung Fu Jungle,zh,一個人的武林,5.4559,2014-10-31,6.837,530,Available
"[10751, 16, 35, 12]",9642,Asterix and the Vikings,fr,Astérix et les Vikings,4.8002,2006-04-12,6.105,772,Available
"[35, 28, 53]",1077280,Die Hart,en,Die Hart,5.5345,2023-02-22,5.913,530,Available
[99],502279,Finding Maawirrangga,en,Finding Maawirrangga,5.4054,2017-06-13,0.0,0,Available
"[80, 18]",226,Boys Don't Cry,en,Boys Don't Cry,4.64,1999-09-02,7.409,1504,Available
"[35, 14, 10751, 10770]",111485,You Wish!,en,You Wish!,5.0329,2003-01-10,5.778,63,Available
[35],4543,Monty Python's The Meaning of Life,en,Monty Python's The Meaning of Life,5.0555,1983-03-31,7.31,2170,Available
"[80, 53, 18]",247,The Killing,en,The Killing,5.1195,1956-06-06,7.645,1763,Available
"[16, 10751, 37, 12, 35]",10380,An American Tail: Fievel Goes West,en,An American Tail: Fievel Goes West,4.8679,1991-11-21,6.32,812,Available
"[18, 35]",42269,We All Loved Each Other So Much,it,C'eravamo tanto amati,5.401,1974-12-21,8.3,663,Available
[],484198,Aile Kadını,tr,Aile Kadını,5.2893,1983-04-02,5.25,4,Available
"[18, 10749, 35]",9464,Buffalo '66,en,Buffalo '66,5.2258,1998-01-20,7.127,1086,Available
[18],1239447,Sexual Compatibility,ko,합궁,5.4228,1988-11-19,8.0,1,Available
[35],1619759,Better People,en,Better People,6.462,2023-05-25,0.0,0,Available
"[35, 10749]",615665,Holidate,en,Holidate,4.9152,2020-10-27,6.969,2397,Available
"[16, 12, 35, 10751]",1316147,Grand Prix of Europe,de,Grand Prix of Europe,5.1013,2025-07-18,7.1,66,Available
"[18, 53]",1999,In the Bedroom,en,In the Bedroom,4.7919,2001-11-23,6.936,417,Available
[35],1012750,Biscuits 2011,en,Biscuits 2011,4.5553,,0.0,0,Unknown
"[80, 18, 36]",245706,True Story,en,True Story,5.0173,2015-04-17,6.262,2113,Available
"[35, 18, 10749]",12435,The Nanny Diaries,en,The Nanny Diaries,4.562,2007-08-24,6.392,1261,Available
[18],614,Wild Strawberries,sv,Smultronstället,4.6988,1957-08-28,8.1,1851,Available
"[27, 9648, 53]",713364,Clown in a Cornfield,en,Clown in a Cornfield,5.0201,2025-05-02,6.128,600,Available
"[14, 53]",820109,Ivany,fr,Ivany,5.36,2021-04-16,0.0,0,Available
"[36, 99]",455814,Sam Roma: We Are Gypsies,el,Sam Roma - Είμαστε Τσιγγάνοι,6.1278,2014-09-25,0.0,0,Available
"[18, 35, 10749]",1544,Imagine Me & You,en,Imagine Me & You,4.7727,2006-01-27,7.579,1134,Available
"[28, 53, 80, 9648]",33613,The Girl Who Kicked the Hornet's Nest,sv,Luftslottet som sprängdes,4.7425,2009-11-27,7.1,1516,Available
[],1073426,80000 Thoughts,da,80000 Tanker,5.6273,2014-11-01,2.0,2,Available
"[28, 16, 80, 18, 53]",69735,Batman: Year One,en,Batman: Year One,5.1905,2011-09-27,7.249,1072,Available
[99],1191040,Der Bildhauer Stephan Balkenhol,de,Der Bildhauer Stephan Balkenhol,4.9089,2006-01-01,0.0,0,Available
[16],429841,Choir Tour,lv,Kora turneja,5.3994,2012-12-21,5.7,3,Available
"[18, 12]",453755,Arctic,en,Arctic,4.8545,2018-11-21,6.5,1427,Available
"[28, 35, 80]",434355,Taxi 5,fr,Taxi 5,5.2423,2018-01-19,5.391,1096,Available
"[28, 80, 18, 53]",5916,The Getaway,en,The Getaway,4.9876,1972-12-13,7.147,690,Available
[18],1754901,"Listen, Mom",el,Άκου μαμά,6.0931,2026-08-27,0.0,0,Available
[27],11298,The Howling,en,The Howling,5.0763,1981-01-21,6.604,927,Available
"[35, 10751, 10770]",13649,High School Musical 2,en,High School Musical 2,4.6958,2007-08-17,6.501,3915,Available
"[35, 18, 10749]",28422,Love Exposure,ja,愛のむきだし,4.6526,2008-11-29,7.9,535,Available
"[18, 10751]",464459,My Family,lv,Mana ģimene,5.4828,1982-07-03,0.0,0,Available
[],683739,Static,en,Static,5.3048,2000-01-01,0.0,0,Available
"[28, 53]",10348,Thunderbolt,cn,霹靂火,5.1614,1995-08-05,6.474,341,Available
"[12, 35, 80]",8592,Dick Tracy,en,Dick Tracy,4.6524,1990-06-15,6.16,1085,Available
[99],1639000,Famous Last Words: Eric Dane,en,Famous Last Words: Eric Dane,5.5808,2026-02-19,8.611,9,Available
"[27, 28, 12]",1695276,Shark Thrash,en,Shark Thrash,5.1587,2026-08-27,2.0,1,Available
"[35, 12, 10749]",9683,Bubble Boy,en,Bubble Boy,4.9812,2001-08-24,5.793,647,Available
"[16, 12, 35, 10751]",1215532,Chickenhare and the Secret of the Groundhog,en,Hopper et le secret de la marmotte,5.2236,2025-09-19,7.25,10,Available
"[35, 10749]",9293,John Tucker Must Die,en,John Tucker Must Die,5.1808,2006-07-27,6.087,1512,Available
"[80, 18, 53]",44945,Trust,en,Trust,5.4196,2010-09-10,6.554,1060,Available
"[27, 14]",1421903,Werwulf,en,Werwulf,5.3562,2026-12-25,0.0,0,Available
"[18, 12, 36]",9912,The World's Fastest Indian,en,The World's Fastest Indian,4.7765,2005-10-12,7.685,922,Available
"[28, 80, 18, 53]",20762,The Substitute,en,The Substitute,5.3736,1996-04-19,7.014,601,Available
[35],323676,The Boss,en,The Boss,5.1461,2016-04-07,5.811,1416,Available
"[878, 53]",539892,Freaks,en,Freaks,4.6796,2019-09-12,6.747,1328,Available
[],515404,Broken Together,en,Broken Together,6.9276,2015-01-22,0.0,0,Available
[18],184341,Hands of Stone,en,Hands of Stone,4.9466,2016-08-26,6.629,464,Available
"[18, 10749]",746131,"Paris, 13th District",fr,Les Olympiades,5.0503,2021-11-03,6.9,409,Available
"[16, 27]",561817,Clinic,en,Clinic,5.2262,1993-01-01,6.6,10,Available
"[35, 18, 9648, 53]",121875,In the House,fr,Dans la maison,4.7147,2012-09-26,7.235,930,Available
[],888867,Ideal Climate for Revolution,en,Revoluční klima,7.2487,2021-10-28,0.0,0,Available
"[35, 10749]",339404,The Layover,en,The Layover,4.8168,2017-09-01,5.399,735,Available
"[18, 28, 35, 53, 80]",26715,Bitch Slap,en,Bitch Slap,4.6656,2009-05-16,4.756,315,Available
"[18, 10749, 53]",5852,Angel Eyes,en,Angel Eyes,5.2744,2001-05-18,6.1,504,Available
"[28, 53, 80]",11647,Infernal Affairs II,cn,無間道II,5.6227,2003-10-01,7.3,488,Available
"[878, 27, 12]",1235192,Wormtown,en,Wormtown,5.03,2025-09-27,5.775,20,Available
"[28, 878]",1688,Conquest of the Planet of the Apes,en,Conquest of the Planet of the Apes,5.1204,1972-06-29,6.159,1123,Available
"[10749, 18]",1078600,Marked Men: Rule + Shaw,en,Marked Men: Rule + Shaw,5.2255,2025-01-22,6.71,259,Available
"[99, 18]",553922,Winter Miracle,hr,Zimsko čudo,5.2525,2012-09-28,0.0,0,Available
[35],459021,Seitensprünge,de,Seitensprünge,5.7198,1940-02-02,7.0,1,Available
"[28, 12, 18, 14]",221731,Rurouni Kenshin Part II: Kyoto Inferno,ja,るろうに剣心 京都大火編,5.2387,2014-08-01,7.56,670,Available
"[12, 16, 878]",310548,GATCHAMAN,ja,GATCHAMAN,5.1064,1994-10-01,5.8,7,Available
"[18, 10749, 53, 27]",63455,Flower & Snake 3,ja,花と蛇 3,5.0648,2010-08-28,6.0,36,Available
"[14, 12, 10751, 36]",717852,Cuộc Chiến Với Chằn Tinh,vi,Cuộc Chiến Với Chằn Tinh,5.6294,2014-01-29,0.0,0,Available
[18],39486,Secretariat,en,Secretariat,5.2113,2010-08-20,7.413,650,Available
[],568324,My Sweetheart,ja,君は恋人,4.8432,1967-11-03,0.0,0,Available
"[18, 35]",527660,"Yes, God, Yes",en,"Yes, God, Yes",10.7557,2020-07-24,6.296,611,Available
"[18, 10749]",9087,The American President,en,The American President,4.8915,1995-11-17,6.53,807,Available
"[35, 18]",405671,It's Not the Time of My Life,hu,Ernelláék Farkaséknál,5.1124,2016-10-01,6.154,13,Available
"[10749, 18]",1127166,The Tearsmith,it,Fabbricante di lacrime,5.8246,2024-04-03,6.5,991,Available
"[14, 16, 878, 10751, 28]",8965,Atlantis: Milo's Return,en,Atlantis: Milo's Return,9.5077,2003-02-25,6.329,3917,Available
[],1199862,The Man With Starry Eyes,ja,星の瞳をもつ男,4.8547,1962-08-05,0.0,0,Available
"[53, 80, 27]",18912,Angst,de,Angst,5.0159,1983-01-01,7.061,437,Available
[18],1301994,Nurse Abi,tl,Nurse Abi,5.0654,2024-06-21,3.333,3,Available
"[10752, 18]",15267,The Beast of War,en,The Beast of War,4.7165,1988-09-14,7.056,223,Available
[18],1640587,The Free Island,ja,喜劇 大風呂敷,4.9653,1967-09-14,0.0,0,Available
"[12, 35, 10751, 14]",668461,Slumberland,en,Slumberland,4.6595,2022-11-18,7.268,973,Available
"[80, 18]",10778,The Man Who Wasn't There,en,The Man Who Wasn't There,5.0248,2001-10-26,7.507,1806,Available
[27],11547,Cabin Fever,en,Cabin Fever,4.717,2003-08-15,5.69,1481,Available
"[27, 53]",492611,The Turning,en,The Turning,4.8231,2020-01-23,5.708,1046,Available
[35],667183,Pérez,es,Pérez,5.7402,2024-08-13,0.0,0,Available
[18],275277,The Wild Daisy,ja,野菊の墓,5.1075,1977-07-09,9.0,1,Available
"[16, 18, 14]",566451,Re:ZERO -Starting Life in Another World- The Frozen Bond,ja,Re:ゼロから始める異世界生活 氷結の絆,5.1649,2019-11-08,7.4,226,Available
"[12, 14, 18, 35, 10402]",6116,Spice World,en,Spice World,4.7643,1997-12-18,4.912,516,Available
"[53, 18]",1592203,Doctor Glas,sv,Doktor Glas,5.2369,2026-02-27,7.5,4,Available
"[14, 18]",725377,The Mirror,en,Le Miroir,5.7857,2020-01-20,5.0,1,Available
[18],647805,Sole mio,it,Sole mio,5.2983,2019-11-13,5.727,11,Available
"[35, 37]",11829,Trinity Is Still My Name,it,...continuavano a chiamarlo Trinità,4.9916,1971-10-21,7.434,1032,Available
[],1119853,Athol Park,en,Athol Park,5.8122,2020-10-23,0.0,0,Available
"[53, 80, 18, 27]",15356,The Girl Next Door,en,The Girl Next Door,4.9226,2007-07-19,6.7,808,Available
"[53, 18]",33408,The Crush,en,The Crush,4.8179,1993-04-02,6.679,572,Available
"[35, 10749, 878]",14370,Real Genius,en,Real Genius,4.921,1985-08-07,6.673,522,Available
[18],9609,Of Mice and Men,en,Of Mice and Men,4.8912,1992-09-16,7.248,733,Available
"[53, 80, 28, 9648, 18]",9573,Blood Work,en,Blood Work,4.6035,2002-08-09,6.206,921,Available
[],1739593,Chemical Sundown,en,Chemical Sundown,5.0482,,0.0,0,Unknown
[10749],390845,A Delicious Flight,ko,맛있는 비행,5.2692,2015-11-01,4.407,70,Available
"[878, 28, 12, 10751]",438590,A-X-L,en,A-X-L,5.5605,2018-08-23,6.369,1296,Available
"[16, 35, 10751, 12, 14]",455411,Tom and Jerry: Willy Wonka & the Chocolate Factory,en,Tom and Jerry: Willy Wonka & the Chocolate Factory,4.7668,2017-06-28,6.729,164,Available
"[28, 80, 18, 53]",14373,Death Wish II,en,Death Wish II,4.8563,1982-02-20,6.232,551,Available
"[18, 53]",63493,The Ledge,en,The Ledge,5.4617,2011-05-06,6.195,401,Available
"[18, 35, 10749]",222936,Aloha,en,Aloha,5.5496,2015-05-29,5.5,2187,Available
[18],383251,Mother Virgin No More,tr,Gri Bölge,5.1415,2015-11-11,4.0,1,Available
"[10402, 35]",485613,Argentine Symphony,es,Sinfonía argentina,5.5874,1942-11-06,7.0,1,Available
"[18, 10749]",419116,Russian Mom,ko,러시아 엄마,5.2577,2016-07-28,5.5,26,Available
"[27, 53]",10766,Damien - Omen II,en,Damien - Omen II,5.2772,1978-06-09,6.411,851,Available
"[35, 10751, 10770]",134375,Home Alone: The Holiday Heist,en,Home Alone: The Holiday Heist,5.0211,2012-12-03,5.1,501,Available
"[10749, 35]",1204892,Picture This,en,Picture This,6.1817,2025-03-05,5.994,173,Available
"[16, 12, 10751, 14, 878]",147576,Doraemon: Nobita and the Castle of the Undersea Devil,ja,映画ドラえもん のび太の海底鬼岩城,5.3543,1983-03-12,7.0,36,Available
[18],1107028,Xing Lin Chun Nuan,zh,杏林春暖,6.8622,1994-11-10,5.3,3,Available
[27],11449,The Amityville Horror,en,The Amityville Horror,5.0538,1979-07-27,6.283,1070,Available
[35],1651973,Clean Slate,en,Clean Slate,4.9365,2026-04-13,0.0,0,Available
"[35, 18]",989662,A Different Man,en,A Different Man,4.9055,2024-08-24,6.9,505,Available
"[10749, 36, 18]",133525,Borrowed Bride,tr,Eğreti Gelin,4.9997,2005-02-18,6.292,24,Available
[18],314030,Kiss Her Goodbye,en,Kiss Her Goodbye,7.6771,1959-01-01,6.0,6,Available
[],1676971,Twenty-One Concubines: The Life of a Pervert,ja,妾二十一人　ど助平一代,4.4469,1969-03-06,0.0,0,Available
"[28, 53, 10752]",1705729,Man of War,en,Man of War,4.9329,2026-07-03,6.6,34,Available
[35],829051,About My Father,en,About My Father,5.0448,2023-05-25,6.048,438,Available
"[35, 18]",115311,Mi campeón,es,Mi campeón,5.2662,1952-06-20,5.5,4,Available
"[10751, 12, 18, 35]",9073,Free Willy 2: The Adventure Home,en,Free Willy 2: The Adventure Home,5.4724,1995-07-19,5.936,662,Available
[99],428777,Paraguay Remembered,es,Memoria desmemoriada,7.054,2017-02-24,0.0,0,Available
[],1701775,Peligrosa,es,Peligrosa,7.3229,2019-01-01,0.0,0,Available
"[28, 53]",429473,Lou,en,Lou,4.8606,2022-09-23,6.473,804,Available
"[18, 27, 53]",11804,White Noise,en,White Noise,5.3719,2005-01-07,5.612,898,Available
"[80, 18]",408736,Paraíso B,es,Paraíso B,4.6152,2002-08-13,6.0,5,Available
[18],1364608,Anemone,en,Anemone,5.7041,2025-10-02,5.927,143,Available
"[28, 35, 80]",213681,Masterminds,en,Masterminds,4.9244,2016-09-29,5.755,1896,Available
"[10751, 35]",14817,Good Burger,en,Good Burger,5.5066,1997-07-25,6.222,597,Available
"[16, 35]",954905,Art College 1994,zh,艺术学院1994,6.78,2025-06-21,6.611,9,Available
"[878, 18, 12, 14]",976720,Vesper,en,Vesper,4.796,2022-08-17,6.263,737,Available
"[80, 18]",1283854,Yakuza Emblem Legend: Chapter 12,ja,極道の紋章 レジェンド 第十二章,4.9199,2022-12-25,0.0,0,Available
"[28, 35, 80]",11595,Another 48 Hrs.,en,Another 48 Hrs.,4.9202,1990-06-08,6.001,1035,Available
"[878, 27]",10163,The Lawnmower Man,en,The Lawnmower Man,4.5804,1992-03-05,5.643,872,Available
"[28, 35, 80, 10749]",6073,The Mexican,en,The Mexican,5.086,2001-03-01,5.954,1659,Available
"[9648, 18]",430167,Cocoon,he,Golem,4.9234,2013-07-04,6.0,1,Available
[18],472664,Diálogo,pt,Diálogo,5.4882,2010-01-01,0.0,0,Available
"[18, 27]",10657,Needful Things,en,Needful Things,5.0454,1993-08-27,6.269,629,Available
[18],974036,Ordinary Angels,en,Ordinary Angels,5.0453,2024-02-22,7.685,427,Available
"[18, 53, 80, 10749]",1252,Lonely Hearts,en,Lonely Hearts,5.1287,2006-04-30,6.056,392,Available
"[18, 28, 36]",14756,Ip Man,cn,葉問,5.0285,2008-12-12,7.762,4236,Available
[35],26123,American Pie Presents: The Book of Love,en,American Pie Presents: The Book of Love,4.8914,2009-12-02,5.3,1863,Available
"[18, 10749, 80]",152742,The Best Offer,it,La migliore offerta,4.7223,2013-01-01,7.805,3140,Available
"[35, 10749, 80]",11775,Intolerable Cruelty,en,Intolerable Cruelty,4.6098,2003-10-10,5.964,1710,Available
"[10749, 35]",1308553,Hai Jawani Toh Ishq Hona Hai,hi,है जवानी तो इश्क होना है,4.9222,2026-06-04,5.3,30,Available
"[18, 10751, 10749]",13967,Miss Potter,en,Miss Potter,4.8883,2006-12-03,6.652,569,Available
"[18, 36, 10749]",11400,The New World,en,The New World,5.0489,2005-12-25,6.512,1313,Available
"[35, 80, 28]",9414,The Man Who Knew Too Little,en,The Man Who Knew Too Little,4.3758,1997-11-14,6.349,601,Available
[18],358900,Eva Nová,sk,Eva Nová,5.3292,2015-09-11,7.0,10,Available
"[18, 80, 53]",13279,Lakeview Terrace,en,Lakeview Terrace,5.0932,2008-09-19,5.967,1182,Available
"[28, 14, 12, 18]",426284,Blade of the Immortal,ja,無限の住人,5.0366,2017-04-29,6.7,653,Available
[],1734262,Makcik Bawang,en,Makcik Bawang,6.2151,2021-01-01,0.0,0,Available
"[80, 53]",64689,Killing Them Softly,en,Killing Them Softly,5.2796,2012-07-30,6.026,2478,Available
"[28, 53, 80]",10782,Basic,en,Basic,4.6917,2003-04-18,6.511,1171,Available
"[27, 53]",676547,Prey for the Devil,en,Prey for the Devil,5.1319,2022-10-23,6.838,1026,Available
"[80, 18, 53]",13195,Flawless,en,Flawless,4.929,2007-09-01,6.748,645,Available
"[35, 10749]",63492,What's Your Number?,en,What's Your Number?,4.9394,2011-09-30,6.464,2466,Available
"[28, 35, 10749]",540,D.E.B.S.,en,D.E.B.S.,4.6959,2005-03-25,6.536,657,Available
"[16, 12, 10751, 14]",459003,Mavka: The Forest Song,uk,Мавка: Лісова пісня,4.983,2023-03-02,7.161,861,Available
[18],244506,Camp X-Ray,en,Camp X-Ray,4.8953,2014-10-17,6.719,1126,Available
"[27, 10402, 53]",92060,Michael Jackson's Thriller,en,Michael Jackson's Thriller,4.849,1983-11-21,8.3,797,Available
"[18, 14, 27, 53]",301804,Before I Wake,en,Before I Wake,5.1843,2016-04-07,6.496,2014,Available
"[35, 10749, 18]",38408,Life As We Know It,en,Life As We Know It,4.7563,2010-10-02,6.892,3326,Available
"[18, 10749]",37185,"Comrades, Almost a Love Story",cn,甜蜜蜜,5.5173,1996-11-02,7.9,182,Available
[18],1217690,Homestead,en,Homestead,4.4139,2024-12-19,6.538,118,Available
"[35, 10749, 10770]",932430,Prom Pact,en,Prom Pact,5.3549,2023-03-30,7.215,193,Available
[35],999582,Babes,en,Babes,4.6653,2024-05-17,5.909,93,Available
"[878, 53]",530382,In the Shadow of the Moon,en,In the Shadow of the Moon,5.1683,2019-09-27,6.184,1641,Available
"[18, 53, 9648]",28211,Chloe,en,Chloe,4.9553,2010-02-25,6.142,1919,Available
[],1540643,CONNECT: Road to Conquest 10,ja,CONNECT 覇者への道　１０,4.9016,2025-09-03,0.0,0,Available
[16],493663,Monologue,hu,A monológ,5.2598,1963-01-01,7.0,1,Available
"[16, 80, 18, 9648, 12]",20677,Detective Conan: Captured in Her Eyes,ja,名探偵コナン 瞳の中の暗殺者,4.8699,2000-04-22,7.427,211,Available
[18],1226299,Dilig,tl,Dilig,5.5366,2024-01-30,4.222,9,Available
[],1509008,Static,en,Static,5.1632,2025-08-15,6.0,1,Available
"[18, 36, 99]",631560,The Black Death,no,Svartedauen,5.5424,2017-05-16,0.0,0,Available
"[9648, 53, 80]",1043565,Mindcage,en,Mindcage,5.6823,2022-12-16,5.891,439,Available
[18],705559,My Mother's Lovers,es,Los novios de mi madre,5.3369,2020-05-29,4.917,12,Available
"[28, 9648, 18]",1247002,The Old Woman with the Knife,ko,파과,4.8036,2025-04-30,6.511,93,Available
[18],26550,Little Lips,it,Piccole labbra,4.8117,1978-02-08,4.971,34,Available
[],428918,België-Turkije,en,België-Turkije,5.6039,2001-11-06,8.0,2,Available
"[10749, 35]",27902,Love Wrecked,en,Love Wrecked,4.9743,2005-11-01,5.163,540,Available
[99],476747,Martin Blaszko III,es,Martin Blaszko III,2.4518,2011-04-11,0.0,0,Available
"[35, 18]",411741,Ingrid Goes West,en,Ingrid Goes West,3.4764,2017-08-11,6.391,1101,Available
"[28, 12, 80, 53]",359412,Marauders,en,Marauders,5.3761,2016-07-01,5.826,725,Available
"[28, 53, 80, 18]",848123,Black Site,en,Black Site,4.5037,2022-05-05,6.0,298,Available
"[18, 10749]",773804,Female Urologists 3,ko,비뇨기과 여의사들3,5.1822,2020-12-03,5.2,7,Available
"[53, 18, 80]",1640598,Negative Space,en,Negative Space,5.182,,0.0,0,Unknown
"[37, 35]",350847,Torrejón City,es,Torrejón City,5.182,1962-03-14,5.0,3,Available
"[35, 27, 28, 878, 53]",241843,Cooties,en,Cooties,5.1819,2014-10-10,5.911,835,Available
[],275225,Operación Baby,en,Operación Baby,5.1807,,0.0,0,Unknown
"[27, 9648]",9009,Dark Water,en,Dark Water,5.1805,2005-07-08,5.668,1139,Available
"[53, 18, 80]",434464,The Shadow of Fear,ja,狙われた男,5.1804,1956-09-11,0.0,0,Available
"[80, 18, 10749]",393392,Modori River,ja,もどり川,5.18,1983-04-16,5.7,3,Available
"[16, 14, 28]",118406,Road to Ninja: Naruto the Movie,ja,ROAD TO NINJA -NARUTO THE MOVIE-,5.1797,2012-07-28,7.366,1254,Available
"[27, 878, 53]",168098,Cell,en,Cell,5.1785,2016-07-06,4.709,1168,Available
[99],214841,Contras' City,wo,Contras' City,5.1782,1969-01-01,6.286,7,Available
"[18, 10752]",409766,On The Railway,ko,Ceolgilueseo,5.1778,1960-01-01,5.2,4,Available
[18],368528,Synnöve Solbakken,sv,Synnöve Solbakken,5.1778,1934-10-21,10.0,1,Available
"[36, 10752, 18]",27759,55 Days at Peking,en,55 Days at Peking,5.1778,1963-05-06,6.9,191,Available
[99],259549,Construção,pt,Construção,5.1769,2011-10-01,4.0,4,Available
"[28, 35, 18]",5375,Fred Claus,en,Fred Claus,5.1761,2007-11-09,5.852,938,Available
"[10749, 18]",482040,Mom's Friend 3,ko,엄마친구 3,5.176,2017-03-30,5.5,6,Available
"[16, 28, 14]",666243,The Witcher: Nightmare of the Wolf,en,The Witcher: Nightmare of the Wolf,5.1759,2021-08-22,7.422,1129,Available
"[53, 18]",489243,The Hummingbird Project,en,The Hummingbird Project,5.1756,2019-03-15,6.171,421,Available
"[80, 35]",403904,Fray Dollar,es,Fray Dólar,5.175,1970-01-01,8.5,2,Available
"[28, 12, 53]",1167271,Weekend in Taipei,en,Weekend in Taipei,5.0261,2024-09-19,6.511,313,Available
"[53, 27]",280002,The Remaining,en,The Remaining,5.4321,2014-08-25,6.133,511,Available
"[16, 28, 14]",1263421,Baki Hanma VS Kengan Ashura,ja,範馬刃牙VSケンガンアシュラ,5.0009,2024-06-05,7.653,409,Available
"[18, 53]",2575,The Tailor of Panama,en,The Tailor of Panama,4.726,2001-02-11,5.993,566,Available
[35],517440,O bahalogatos,el,O bahalogatos,4.4853,2009-06-27,7.0,1,Available
"[80, 18]",12143,Bad Lieutenant,en,Bad Lieutenant,4.5724,1992-11-20,6.988,989,Available
[18],203878,Señoritas,es,Señoritas,5.5513,2013-02-25,5.3,6,Available
[18],945163,Tierra extraña,es,Tierra extraña,5.241,1951-07-27,7.0,1,Available
[99],450911,Tecla Tónica,en,Tecla Tónica,5.1558,2016-04-30,0.0,0,Available
[],463731,Brother Jakob,de,Bruder Jakob,6.5268,2016-01-11,7.0,3,Available
[53],451112,Like a Savage,ja,野蛮人のように,5.0942,1985-12-14,6.7,3,Available
"[28, 53]",15136,So Close,cn,夕陽天使,4.6601,2002-05-14,6.895,256,Available
"[18, 10749]",1245,The Remains of the Day,en,The Remains of the Day,4.8846,1993-11-05,7.358,1549,Available
"[14, 35, 10751, 10770]",809107,Z-O-M-B-I-E-S 3,en,Z-O-M-B-I-E-S 3,5.1955,2022-07-09,7.3,448,Available
"[878, 28, 12, 53]",174,Star Trek VI: The Undiscovered Country,en,Star Trek VI: The Undiscovered Country,4.8148,1991-12-06,7.037,1466,Available
"[16, 28, 80, 9648]",77617,Detective Conan: Quarter of Silence,ja,名探偵コナン 沈黙の15分（クォーター）,5.3387,2011-04-16,7.07,158,Available
[14],483393,Déjà vu,fr,Déjà vu,6.1327,2017-10-17,5.5,2,Available
[],370196,Soft Rain,hu,Lágy eső,5.3711,2013-03-28,0.0,0,Available
"[28, 18]",811941,Devara: Part 1,te,Devara: Part 1,5.3031,2024-09-26,6.847,225,Available
[18],412672,My Father's Wings,tr,Babamın Kanatları,4.9815,2016-07-06,6.2,11,Available
[18],24226,The Verdict,en,The Verdict,5.02,1982-12-08,7.467,764,Available
"[18, 53]",64639,Straw Dogs,en,Straw Dogs,5.022,2011-09-16,5.931,647,Available
[18],364341,El sótano,es,El sótano,5.4893,1949-02-24,5.8,5,Available
"[18, 10749]",24684,An Education,en,An Education,4.7474,2009-10-29,6.934,1462,Available
"[12, 18, 37]",3090,The Treasure of the Sierra Madre,en,The Treasure of the Sierra Madre,4.436,1948-01-15,7.955,1385,Available
"[10749, 18]",1059073,Winter Spring Summer or Fall,en,Winter Spring Summer or Fall,4.8343,2024-12-27,7.262,256,Available
[18],157851,Maps to the Stars,en,Maps to the Stars,4.6643,2014-05-21,6.2,1172,Available
[53],1481609,Closing Night,en,Closing Night,6.2569,2026-09-12,0.0,0,Available
"[35, 9648, 18]",800279,Corner Office,en,Corner Office,5.3205,2023-08-04,6.521,166,Available
[18],671757,Day Six,es,Día 6eis,5.8553,2016-04-30,3.8,6,Available
"[35, 18, 10749]",9043,The Family Stone,en,The Family Stone,5.2417,2005-12-15,6.292,1168,Available
"[18, 12, 878]",1172265,The Blue Trail,pt,O Último Azul,5.8192,2025-08-28,6.9,112,Available
[18],463580,Flying Gold,hu,Repülő arany,5.1063,1932-12-04,7.0,1,Available
"[27, 53]",13559,The Mangler,en,The Mangler,4.9895,1995-03-03,4.895,282,Available
"[10749, 35]",11812,The Sweetest Thing,en,The Sweetest Thing,4.6265,2002-04-12,5.6,1212,Available
"[18, 10749]",701396,We are visits,es,Somos visitas,6.1318,2019-08-15,0.0,0,Available
[10749],529376,When Sun Meets Moon,cn,某日某月,4.8345,2018-05-31,7.0,3,Available
"[28, 16, 14]",83090,Saint Seiya: Evil Goddess Eris,ja,聖闘士星矢,5.1608,1987-07-18,7.1,257,Available
[18],269271,La caída,es,La caída,5.1602,1959-02-26,6.571,7,Available
[35],362345,Extra,tr,Figüran,5.1598,2015-04-15,4.5,4,Available
"[27, 53]",416234,Winchester,en,Winchester,5.1595,2018-02-02,5.882,1845,Available
"[53, 18, 28]",415068,The Name of the Game,sv,Krigarnas ö,5.1594,2016-05-02,0.0,0,Available
"[28, 18, 10752]",407375,Sniper: Ghost Shooter,en,Sniper: Ghost Shooter,5.1589,2016-08-02,6.258,302,Available
"[28, 14]",759175,The Princess,en,The Princess,5.1586,2022-06-16,6.78,874,Available
"[28, 53]",597891,Kate,en,Kate,5.1585,2021-09-10,6.615,1767,Available
[35],399796,Life of the Party,en,Life of the Party,5.1582,2018-05-10,6.082,1066,Available
"[18, 36]",54989,Love Strange Love,pt,Amor Estranho Amor,5.1582,1982-01-11,5.824,74,Available
[18],1397364,La Grazia,it,La grazia,5.1577,2025-12-05,7.3,441,Available
"[28, 80, 18]",1050434,Unification Of Japan 15,ja,日本統一１５,5.1577,2016-02-25,0.0,0,Available
"[35, 18]",1313194,Summer of 69,en,Summer of 69,5.1574,2025-03-13,6.408,71,Available
"[53, 878, 9648]",569547,Black Mirror: Bandersnatch,en,Black Mirror: Bandersnatch,5.1566,2018-12-28,6.76,4250,Available
[10749],859214,Mom Lover,ko,엄마애인,5.1559,2018-02-08,7.5,2,Available
[16],511035,The Drawer,en,A rajzolo,5.1555,2016-03-11,0.0,0,Available
"[28, 18, 36, 10752]",316152,Free State of Jones,en,Free State of Jones,5.1552,2016-06-24,6.784,1701,Available
[99],173587,Dutch Light,nl,Hollands Licht,5.1546,2003-11-06,8.0,3,Available
"[18, 10749, 37]",11536,The Misfits,en,The Misfits,5.1545,1961-02-01,6.962,449,Available
"[12, 16, 10751, 14]",1024604,Frozen III,en,Frozen III,5.1544,2027-11-24,0.0,0,Available
"[53, 28, 80, 27]",808396,God Is a Bullet,en,God Is a Bullet,5.0022,2023-06-22,6.22,296,Available
"[80, 53, 28]",606523,Night in Paradise,ko,낙원의 밤,4.7262,2020-09-03,6.907,317,Available
[27],1667533,Transylvania Tapes,en,Transylvania Tapes,4.2926,2026-07-31,0.0,0,Available
[27],25239,Day of the Woman,en,Day of the Woman,4.9638,1978-11-02,6.022,744,Available
[18],1759958,Mashiroki Fuji no mine,ja,真白き富士の嶺,4.8376,1954-08-04,0.0,0,Available
[35],800937,Senior Year,en,Senior Year,4.9286,2022-05-11,5.898,955,Available
"[35, 80]",209189,Life of Crime,en,Life of Crime,4.713,2013-09-14,5.737,437,Available
"[28, 16, 878]",17433,Street Fighter Alpha: The Movie,ja,ストリートファイターZERO - THE ANIMATION -,6.4409,1999-12-22,6.437,111,Available
[18],355663,Female Teacher: Dirty Rumor,ja,女教師　汚れた噂,4.724,1979-03-03,4.2,5,Available
[80],286325,Haber's Photo Shop,hu,Fotó Háber,5.1727,1963-10-23,7.25,4,Available
"[10749, 18]",1751991,Entiérrame,es,Entiérrame,5.5805,,0.0,0,Unknown
"[16, 14, 9648]",1322218,Mononoke the Movie: Chapter II - The Ashes of Rage,ja,劇場版モノノ怪 第二章 火鼠,4.3708,2025-03-14,7.329,35,Available
"[10751, 16]",129533,Barbie: The Princess & the Popstar,en,Barbie: The Princess & the Popstar,4.7192,2012-09-13,7.2,651,Available
"[28, 18]",1235623,Eye for an Eye 2,zh,目中无人2,5.5143,2024-07-21,6.3,68,Available
"[35, 27, 9648]",617505,Hubie Halloween,en,Hubie Halloween,5.2774,2020-10-07,5.879,1814,Available
[18],41939,Rikyu,ja,利休,4.84,1989-09-15,7.543,35,Available
"[27, 9648, 53]",431075,Polaroid,en,Polaroid,4.6193,2019-01-10,6.024,1159,Available
"[14, 35, 10751]",9021,The Santa Clause 2,en,The Santa Clause 2,5.1421,2002-09-29,6.0,1468,Available
"[10749, 18]",441982,Ídolos,es,Ídolos,5.2037,1943-11-08,7.0,1,Available
"[28, 53]",10135,Road House,en,Road House,5.19,1989-05-19,6.771,1587,Available
[],644016,Meyerhold's Flight,lv,Meierholda lidojums,5.3358,2018-09-11,0.0,0,Available
[],176467,Gates of Life,en,Häivähdys elämää,5.5739,2012-11-15,0.0,0,Available
"[35, 18]",3083,Mr. Smith Goes to Washington,en,Mr. Smith Goes to Washington,4.2248,1939-10-19,7.8,1230,Available
"[10752, 53, 18, 28]",405775,The Wall,en,The Wall,5.4232,2017-05-12,6.41,1073,Available
"[99, 10751, 12]",405931,March of the Penguins 2: The Next Step,fr,L'empereur,4.9175,2017-02-15,6.896,77,Available
[27],82990,Paranormal Activity 4,en,Paranormal Activity 4,5.1801,2012-10-17,5.403,2072,Available
"[18, 10749]",814757,Empire of Light,en,Empire of Light,4.5214,2022-12-09,6.604,645,Available
"[18, 53]",162903,The Fifth Estate,en,The Fifth Estate,4.8201,2013-10-11,6.01,1121,Available
"[28, 12, 18, 36, 9648]",335778,Risen,en,Risen,5.3175,2016-02-18,6.302,976,Available
[18],1658214,Scorpio Nights 4,tl,Scorpio Nights 4,5.1969,2026-03-31,8.0,4,Available
"[35, 18]",843847,Jerry & Marge Go Large,en,Jerry & Marge Go Large,4.5131,2022-10-20,7.384,509,Available
"[99, 36, 10752]",1549776,Memory For Burial,fr,La mémoire pour sépulture,5.4632,2025-01-23,0.0,0,Available
[99],427719,X-Rated 2: The Greatest Adult Stars of All Time,en,X-Rated 2: The Greatest Adult Stars of All Time,4.8503,2016-10-28,6.7,105,Available
"[80, 18, 53]",11478,The Skulls,en,The Skulls,5.3798,2000-03-31,5.798,616,Available
"[53, 18, 80]",11349,Cape Fear,en,Cape Fear,4.8721,1962-04-12,7.454,654,Available
"[16, 10751, 14, 12]",520946,100% Wolf,en,100% Wolf,4.7963,2020-06-26,6.121,343,Available
[],471584,Szegény gazdagok,hu,Szegény gazdagok,5.0296,1938-08-18,8.0,1,Available
"[10402, 18]",12104,Pink Floyd: The Wall,en,Pink Floyd: The Wall,4.6655,1982-07-14,7.945,1688,Available
"[18, 36, 27]",31767,The Devils,en,The Devils,5.5436,1971-07-16,7.5,455,Available
"[53, 18]",258363,Desierto,en,Desierto,4.6823,2015-04-12,6.165,403,Available
[18],133694,Promised Land,en,Promised Land,4.7415,2012-09-23,6.293,762,Available
[35],1127734,The Tree,no,Treet,5.4065,2023-06-07,0.0,0,Available
"[18, 10749]",87825,Trouble with the Curve,en,Trouble with the Curve,4.9319,2012-09-21,6.981,1735,Available
"[16, 28, 12, 14]",1483614,Renegade Immortal: Battle of Gods,zh,仙逆剧场版：神临之战,4.8836,2025-05-30,9.6,5,Available
"[35, 28, 14]",203739,Vampire Academy,en,Vampire Academy,4.3562,2014-02-07,6.313,1842,Available
"[10752, 28, 878]",8738,The Final Countdown,en,The Final Countdown,5.2119,1980-01-31,6.644,695,Available
"[35, 10749]",1599,I ♥ Huckabees,en,I ♥ Huckabees,4.6426,2004-09-10,6.301,730,Available
"[53, 9648]",11439,The Ghost Writer,en,The Ghost Writer,5.1744,2010-02-12,6.817,2512,Available
[35],3586,Prêt-à-Porter,en,Prêt-à-Porter,4.8444,1994-12-23,5.225,233,Available
"[28, 35]",10044,My Lucky Stars,cn,福星高照,4.788,1985-02-10,6.643,258,Available
"[53, 10770]",375846,Bad Sister,en,Bad Sister,5.3526,2015-08-24,6.589,257,Available
[99],951192,Notes for a Novel About Garbage,it,Appunti per un romanzo sull'immondezza,5.4845,1970-02-02,9.0,1,Available
[18],719870,Les misérables,ar,Les misérables,7.1149,2007-01-01,0.0,0,Available
"[28, 12, 16, 10751]",234004,Ratchet & Clank,en,Ratchet & Clank,5.6077,2016-04-13,5.771,687,Available
"[27, 878, 53]",11309,Hardware,en,Hardware,4.8585,1990-09-14,5.931,357,Available
"[16, 878, 28]",390734,Kingsglaive: Final Fantasy XV,ja,キングスグレイブ ファイナルファンタジーXV,4.307,2016-07-09,6.768,775,Available
"[99, 10402]",1300298,Googoosh: Made of Fire,en,Googoosh: Made of Fire,4.8561,2024-10-10,6.8,2,Available
"[12, 28, 35]",17653,The Legend,cn,方世玉,5.4004,1993-03-04,6.976,188,Available
[35],409328,Delizia,it,Delizia,4.7772,1986-12-17,4.6,9,Available
[18],291351,The Sea of Trees,en,The Sea of Trees,4.9228,2016-04-27,6.184,553,Available
"[28, 80, 18, 53]",11835,Death Sentence,en,Death Sentence,5.3872,2007-08-31,6.804,1305,Available
"[27, 53]",9666,Ju-on: The Grudge 2,ja,呪怨2,5.007,2003-08-15,6.48,398,Available
"[10749, 18]",766110,Závěť podivínova,cs,Závěť podivínova,4.324,1924-02-22,0.0,0,Available
"[80, 18, 28, 53, 878]",42194,Tekken,en,Tekken,5.4306,2010-03-20,5.333,759,Available
[99],685960,The Path to Redemption,en,The Path to Redemption,6.8392,2006-05-23,8.0,1,Available
"[16, 35, 10751, 14, 12]",645757,That Christmas,en,That Christmas,5.3931,2024-11-27,7.142,451,Available
"[16, 10749, 878, 18]",604605,Hello World,ja,HELLO WORLD,5.4684,2019-09-20,7.32,419,Available
"[9648, 18, 80]",806704,The Batman: Part II,en,The Batman: Part II,5.193,2028-02-17,0.0,0,Available
[99],664906,Panoramas,de,Panoramen,5.7423,2019-11-29,0.0,0,Available
"[18, 35]",1462229,Pegasus 3,zh,飞驰人生3,5.588,2026-02-17,7.085,47,Available
"[16, 878, 14, 12, 10751, 35]",162069,Doraemon: Nobita's Diary on the Creation of the World,ja,映画ドラえもん のび太の創世日記,4.7232,1995-03-04,7.36,25,Available
"[35, 18, 10751, 10402, 10749]",18126,Hannah Montana: The Movie,en,Hannah Montana: The Movie,4.9916,2009-04-10,6.6,2129,Available
"[27, 28, 53]",48572,Red State,en,Red State,4.5426,2011-08-19,6.037,1069,Available
"[35, 18]",264999,Magic Mike XXL,en,Magic Mike XXL,5.0493,2015-07-01,6.147,1881,Available
"[35, 28, 14]",1416582,La Sube,es,La Sube,5.9127,2025-05-16,0.0,0,Available
"[35, 80, 9648]",6081,Revenge of the Pink Panther,en,Revenge of the Pink Panther,4.9502,1978-01-08,6.411,500,Available
"[18, 878, 9648]",1532458,PISTE FINALE,fr,PISTE FINALE,5.8329,2025-07-04,10.0,1,Available
[35],57431,The Sitter,en,The Sitter,4.6402,2011-12-09,5.564,1043,Available
"[35, 18]",647912,Film Maker,en,Film Maker,6.9596,2019-11-15,10.0,1,Available
[18],481002,L'Étonnement,fr,L'Étonnement,5.0767,2001-01-01,0.0,0,Available
"[80, 28, 18, 53]",877,Scarface,en,Scarface,4.9508,1932-04-09,7.408,715,Available
[99],1433157,Nature: The Call for Reconciliation,fr,Nature : pour une réconciliation,9.2107,2026-09-04,0.0,0,Available
"[18, 10749]",651045,Noraebang: Hot Women 2,ko,노래방: 화끈한 여자들 2,5.1934,2019-11-20,0.0,0,Available
"[18, 27, 878, 10749]",3036,Mary Shelley's Frankenstein,en,Mary Shelley's Frankenstein,5.2534,1994-11-04,6.4,1408,Available
[18],579209,Último Gabinete,es,Último Gabinete,5.6402,2015-01-01,0.0,0,Available
"[10749, 18]",1631,A Real Young Girl,fr,Une vraie jeune fille,5.2471,1976-06-01,5.2,154,Available
[18],13078,The Babysitters,en,The Babysitters,4.6703,2008-05-09,6.004,554,Available
"[10752, 18]",43322,A Generation,pl,Pokolenie,4.9569,1955-01-26,6.953,64,Available
"[878, 16, 18, 28]",477776,Code Geass: Lelouch of the Rebellion I - Initiation,ja,コードギアス 反逆のルルーシュⅠ 興道,4.7283,2017-10-21,7.136,44,Available
[18],984184,Dinner,tl,Panihapon,5.2275,2019-06-05,0.0,0,Available
"[18, 9648, 53]",340676,Personal Shopper,fr,Personal Shopper,4.6706,2016-12-14,5.937,1348,Available
"[53, 10749]",255343,Escobar: Paradise Lost,en,Escobar: Paradise Lost,5.675,2014-10-11,6.264,830,Available
"[18, 10749]",50435,Bilitis,fr,Bilitis,4.7324,1977-03-16,5.4,111,Available
"[18, 36]",36362,King of Kings,en,King of Kings,4.5987,1961-10-11,7.141,245,Available
[18],31414,Satantango,hu,Sátántangó,4.8031,1994-04-28,8.0,320,Available
"[27, 878, 28]",340382,Attack on Titan II: End of the World,ja,進撃の巨人 ATTACK ON TITAN エンド オブ ザ ワールド,5.1526,2015-09-01,6.249,414,Available
"[12, 35, 10751]",6878,Homeward Bound: The Incredible Journey,en,Homeward Bound: The Incredible Journey,5.2835,1993-02-03,7.0,1149,Available
"[18, 35, 80]",38842,Middle Men,en,Middle Men,4.4449,2009-05-17,6.493,355,Available
"[18, 10749]",1658209,Maid's Obsession,tl,Maid's Obsession,4.7395,2026-03-27,3.7,3,Available
"[80, 18, 10749]",193551,All of a Sudden,cn,驚變,4.9317,1996-06-14,6.04,25,Available
[18],1750936,Sandy,en,Sandy,4.7368,,0.0,0,Unknown
"[12, 18, 28, 53]",14400,The Heir Apparent: Largo Winch,fr,Largo Winch,5.2228,2008-12-17,6.016,602,Available
"[12, 16, 10751, 14]",588921,Ainbo: Spirit of the Amazon,en,Ainbo: Spirit of the Amazon,4.5888,2021-02-09,7.027,479,Available
"[18, 10749]",119675,Behind the Candelabra,en,Behind the Candelabra,4.5751,2013-05-26,6.592,848,Available
"[35, 18, 36]",645689,The Duke,en,The Duke,4.9819,2021-07-23,6.944,378,Available
[35],197786,The Amorous Sisters,de,Les Filles amoureuses du pharmacien,4.7197,1980-11-28,5.225,20,Available
[18],1294855,Soul and Flesh,zh,靈與肉,4.8386,1992-01-01,0.0,0,Available
"[10402, 12, 35]",415561,Operación Alacrán,es,Operación Alacrán,5.7614,1976-01-02,0.0,0,Available
[],1128712,Blue Flower,ne,Neelo Phool,5.1469,2023-03-14,0.0,0,Available
"[28, 35, 80]",10345,K-9,en,K-9,4.561,1989-04-28,6.173,1083,Available
"[18, 14, 10749]",144,Wings of Desire,de,Der Himmel über Berlin,4.7175,1987-09-23,7.8,1531,Available
"[28, 80, 53]",70513,Last Blues,fr,Last Blues,4.9264,2011-12-31,8.0,1,Available
"[10751, 18]",765897,The Unbreakable Boy,en,The Unbreakable Boy,4.4253,2025-02-20,7.805,159,Available
"[27, 12, 53, 10770]",14863,Anaconda 3: Offspring,en,Anaconda 3: Offspring,5.8457,2008-10-23,4.604,381,Available
[37],995,Stagecoach,en,Stagecoach,4.5145,1939-03-02,7.595,1265,Available
[],1753855,Uncle Vanya,en,Uncle Vanya,4.7703,,0.0,0,Unknown
[35],321757,Punching Henry,en,Punching Henry,5.1162,2017-02-24,5.862,47,Available
"[16, 18, 10751]",1374686,Light of the World,en,Light of the World,5.0128,2025-09-04,8.817,52,Available
"[878, 53]",505948,I Am Mother,en,I Am Mother,5.2282,2019-06-07,6.713,2927,Available
"[10751, 18]",470459,El árbol,es,El árbol,5.5559,2007-02-01,0.0,0,Available
[37],2055,Open Range,en,Open Range,4.7669,2003-08-11,7.222,1260,Available
"[16, 28, 14]",28609,Dragon Ball Z: Dead Zone,ja,ドラゴンボールＺ オラの悟飯をかえせッ!!,5.102,1989-07-15,6.845,634,Available
"[53, 18, 27]",436274,Radius,en,Radius,4.7871,2017-07-17,6.486,772,Available
"[35, 878]",397724,Três Vagabundos,pt,Três Vagabundos,5.175,1952-01-01,7.0,1,Available
"[18, 9648, 35]",1599061,SAY CHEESE!,id,SAY CHEESE!,6.8028,2025-12-19,0.0,0,Available
"[28, 35, 27, 878, 10770]",205321,Sharknado,en,Sharknado,5.1005,2013-07-11,3.924,1737,Available
"[10770, 10749]",1693436,Pinay Kamasutra,tl,Pinay Kamasutra,4.7537,2026-05-19,4.0,1,Available
"[80, 18]",398,Capote,en,Capote,4.3649,2005-09-30,6.975,1693,Available
"[27, 53, 14]",526051,Look Away,en,Look Away,4.7192,2018-10-12,6.552,990,Available
"[28, 12, 18, 53]",15071,The Contractor,en,The Contractor,4.9428,2007-05-11,5.464,208,Available
[53],284427,Who Am I,de,Who Am I – Kein System ist sicher,5.6186,2014-09-25,7.555,1764,Available
[18],203241,May Love Be Restored,ja,五番町夕霧楼,4.7845,1980-04-29,0.0,0,Available
"[27, 53]",9299,Thesis,es,Tesis,4.6863,1996-04-11,7.5,980,Available
"[18, 99]",587836,Decembers,es,Diciembres,5.6816,2018-04-05,6.5,4,Available
"[18, 10402, 10749]",1150604,Mayalokam,te,Mayalokam,6.2371,1945-10-10,10.0,1,Available
[18],9819,Marvin's Room,en,Marvin's Room,4.7664,1996-12-18,6.717,639,Available
"[28, 53]",1214314,One More Shot,en,One More Shot,5.4835,2024-01-09,6.537,301,Available
[],431565,ATM,ml,ATM,4.8333,2015-12-04,4.0,1,Available
[99],1448497,Ocean with David Attenborough,en,Ocean with David Attenborough,5.0367,2025-05-08,8.032,79,Available
"[35, 10751, 12, 10749]",14405,Beverly Hills Chihuahua,en,Beverly Hills Chihuahua,5.4512,2008-10-03,5.386,1123,Available
[35],482505,Kanlı Nigar,tr,Kanlı Nigar,5.9734,1968-10-21,4.0,4,Available
"[18, 10749]",40978,Emmanuelle 4,fr,Emmanuelle 4,4.9401,1984-02-15,4.779,70,Available
"[28, 35]",1234139,Jailer 2,ta,ஜெயிலர் 2,5.0088,2026-10-15,0.0,0,Available
"[10751, 16, 12, 14]",436931,Pokémon the Movie: I Choose You!,ja,劇場版 ポケットモンスター キミにきめた！,4.7121,2017-07-15,7.09,691,Available
"[35, 878, 9648]",736769,They Cloned Tyrone,en,They Cloned Tyrone,5.1145,2023-06-14,6.554,800,Available
"[18, 35]",298382,The Dressmaker,en,The Dressmaker,4.7451,2015-10-29,6.997,1787,Available
"[18, 80, 53]",1020047,In the Hand of Dante,en,In the Hand of Dante,4.8961,2026-06-12,5.442,60,Available
"[18, 14, 10402]",1673132,The Prisoner,en,The Prisoner,5.3438,,0.0,0,Unknown
"[36, 18]",1593115,Kapodistrias: The Governor,el,Καποδίστριας,4.365,2025-12-25,4.2,5,Available
"[28, 53, 80]",435366,Fabricated City,ko,조작된 도시,5.2139,2017-02-09,7.649,366,Available
[99],394349,Elisa Tavárez,es,Elisa Tavárez,4.8623,1956-01-01,0.0,0,Available
"[35, 80]",10169,Men at Work,en,Men at Work,4.8961,1990-08-24,5.684,440,Available
[18],320956,The Cuckold,en,The Cuckold,5.037,2009-08-11,3.5,8,Available
[10749],504891,Secret Love: My Friend's Mom,ko,밀애: 친구엄마,5.1757,2018-02-28,6.7,9,Available
[18],272820,Mr. Pig,es,Sr. Pig,4.7537,2016-07-22,6.0,52,Available
"[27, 14, 16]",256036,Mécanix,fr,Mécanix,4.9104,2003-07-10,6.111,9,Available
"[18, 10749]",60192,Portrait of a Beauty,ko,미인도,30.5762,2008-11-13,6.2,40,Available
"[28, 18, 37]",872954,The Old Way,en,The Old Way,4.9918,2023-01-06,5.75,306,Available
"[16, 28]",618353,DC Showcase - Batman: Death in the Family,en,DC Showcase - Batman: Death in the Family,5.6587,2020-10-13,7.057,490,Available
"[28, 35, 80]",2661,Batman,en,Batman,5.2786,1966-07-30,6.372,1088,Available
[35],384413,Birdies,hu,Madárkák,5.0809,1971-09-11,8.0,1,Available
[18],736125,Samichay,qu,Samichay,5.1507,2020-08-21,0.0,0,Available
"[53, 27, 28, 14, 18]",11980,The Prophecy,en,The Prophecy,5.0536,1995-08-05,6.505,582,Available
[18],1468590,Casa Dara,pt,Casa Dara,6.3934,,0.0,0,Unknown
[12],146963,Deerslayer,de,Lederstrumpf,5.3799,1920-09-14,6.25,4,Available
"[18, 10770]",413337,Girl in the Box,en,Girl in the Box,4.3468,2016-09-10,6.712,165,Available
[99],834587,The Fear,pl,Wielki strach,3.7637,2020-06-01,0.0,0,Available
[35],1006295,Cop Story,en,Cop Story,6.5815,,0.0,0,Unknown
"[35, 10749, 18]",1542352,Youth,ta,யூத்,5.4602,2026-03-19,6.9,22,Available
"[28, 80, 53]",21610,Nighthawks,en,Nighthawks,4.7407,1981-03-17,6.369,510,Available
"[14, 16, 18, 10749, 10751]",18937,Quest for Camelot,en,Quest for Camelot,5.3541,1998-05-15,6.844,871,Available
"[27, 18]",99099,Shogun's Joy of Torture,ja,徳川女刑罰史,4.7582,1968-09-28,5.588,40,Available
"[16, 28, 14, 878]",761898,Sword Art Online the Movie - Progressive - Aria of a Starless Night,ja,劇場版 ソードアート・オンライン-プログレッシブ- 星なき夜のアリア,4.9159,2021-10-30,7.8,343,Available
"[53, 18, 80]",164457,Out of the Furnace,en,Out of the Furnace,4.9538,2013-11-12,6.558,2173,Available
"[16, 28, 14]",618851,Pretty Guardian Sailor Moon Eternal the Movie Part 1,ja,劇場版 美少女戦士セーラームーンEternal 前編,5.0896,2021-01-08,7.9,197,Available
[35],266294,Sisters,en,Sisters,4.7448,2015-12-18,5.957,1497,Available
"[18, 36]",323677,Race,en,Race,4.9343,2016-02-19,7.262,1646,Available
"[18, 35]",374960,Good Advice,sv,Goda råd,5.0194,2008-11-21,4.5,2,Available
"[28, 37]",43351,Pony Express,en,Pony Express,4.9905,1953-06-15,5.8,28,Available
"[12, 18, 10751, 878]",1407885,Rainbow on Mars,id,Pelangi di Mars,5.3342,2026-03-18,5.0,5,Available
"[27, 14, 28, 53]",1214140,Monster Island,en,Orang Ikan,4.9545,2025-05-08,6.238,126,Available
"[99, 18]",594342,Seven Years in May,pt,Sete Anos em Maio,4.5607,2019-04-09,7.208,12,Available
[36],340933,Agontimé,pt,Agontimé,6.7287,2019-01-01,0.0,0,Available
"[878, 35, 28]",605722,Long Distance,en,Long Distance,4.8213,2024-07-12,6.617,290,Available
[35],9899,The Producers,en,The Producers,4.801,2005-12-25,6.165,533,Available
"[18, 53]",1743146,The Tempest,vi,Giông Tố,5.4445,1991-03-08,0.0,0,Available
"[878, 27]",9538,Scanners,en,Scanners,4.6513,1981-01-14,6.71,1421,Available
"[35, 28, 53]",629028,Mission: Possible,ko,미션 파서블,5.6796,2021-02-17,7.438,203,Available
"[878, 12, 35]",19673,Sexmission,pl,Seksmisja,5.9925,1984-05-13,7.2,343,Available
"[80, 9648, 53, 28]",693113,Midnight in the Switchgrass,en,Midnight in the Switchgrass,5.8327,2021-07-23,5.782,490,Available
"[18, 10752]",1786,Au Revoir les Enfants,fr,Au revoir les enfants,5.2723,1987-10-07,7.5,748,Available
[],688803,The Fire,hu,A tűz,4.9441,1918-02-14,7.0,1,Available
[35],262700,La sacrée,fr,La sacrée,5.6173,2011-09-18,0.0,0,Available
"[12, 14, 878, 28]",76122,Marvel One-Shot: The Consultant,en,Marvel One-Shot: The Consultant,4.7422,2011-09-13,6.314,649,Available
"[12, 27]",171424,The Green Inferno,en,The Green Inferno,5.0631,2014-09-04,5.7,1631,Available
"[10752, 18, 10749]",433502,The Aftermath,en,The Aftermath,5.0642,2019-03-01,6.438,738,Available
"[12, 14, 18, 878, 10749]",10326,Forever Young,en,Forever Young,4.974,1992-12-16,6.5,1001,Available
"[28, 14, 80, 53]",8285,The Spirit,en,The Spirit,5.1557,2008-12-25,4.759,1095,Available
[35],76489,The Three Stooges,en,The Three Stooges,5.0828,2012-04-13,5.821,669,Available
[],462414,Oh Babylon,en,Oh Babylon,5.2946,1989-06-13,7.0,2,Available
"[18, 27, 9648]",1219739,Heresy,nl,Witte Wieven,4.9227,2024-01-25,6.203,32,Available
"[18, 53]",1561498,Sem Break,tl,Sem Break,4.637,2025-10-24,5.0,2,Available
[99],314483,Parador Húngaro,es,Parador Húngaro,5.1596,2014-09-13,7.0,1,Available
"[12, 35, 18]",976584,The Book of Clarence,en,The Book of Clarence,4.9728,2024-01-11,5.84,144,Available
"[10751, 12, 16, 28, 14]",350499,Pokémon the Movie: Hoopa and the Clash of Ages,ja,ポケモン・ザ・ムービーXY 光輪の超魔神 フーパ,4.3143,2015-07-18,6.829,318,Available
"[35, 18]",338,"Good Bye, Lenin!",de,"Good Bye, Lenin!",5.2318,2003-02-13,7.533,2694,Available
"[35, 80, 18]",9950,Find Me Guilty,en,Find Me Guilty,5.0362,2006-03-16,6.546,568,Available
"[18, 53, 80]",12149,Frailty,en,Frailty,4.6994,2002-04-12,6.95,1394,Available
[99],541502,Holding Still,de,Holding Still,5.6131,2010-01-31,0.0,0,Available
"[18, 35]",185261,Floating Island,nl,îles flottantes,5.1802,2001-04-11,6.0,10,Available
"[18, 10402, 10749, 35]",301351,We Are Your Friends,en,We Are Your Friends,4.6009,2015-08-26,6.807,2487,Available
"[16, 35, 10751, 28]",1046032,The Bad Guys: A Very Bad Holiday,en,The Bad Guys: A Very Bad Holiday,5.2486,2023-11-29,6.503,178,Available
"[53, 28, 10752, 27]",1244531,Beast of War,en,Beast of War,5.1642,2025-08-22,6.178,143,Available
"[28, 80, 18, 9648, 53]",13197,10th & Wolf,en,10th & Wolf,4.8518,2006-02-19,5.87,115,Available
"[28, 80, 9648]",334521,Free Fire,en,Free Fire,5.2064,2017-03-31,6.246,1258,Available
"[28, 12, 14]",1116465,A Legend,zh,传说,4.8709,2024-07-05,6.756,164,Available
"[16, 12, 10751, 35, 10770]",677638,We Bare Bears: The Movie,en,We Bare Bears: The Movie,4.6388,2020-06-30,7.828,867,Available
"[27, 878, 53]",11495,Firestarter,en,Firestarter,4.4972,1984-05-11,6.254,792,Available
"[18, 10749]",518244,Scandalous Sex,en,Scandalous Sex,4.7492,2004-01-01,6.9,104,Available
"[53, 80, 18]",255157,The Forger,en,The Forger,5.061,2014-09-10,5.816,405,Available
[35],230986,15 Days,es,15 días,5.0454,2000-12-30,7.6,5,Available
[18],248768,Vakvagányok,hu,Vakvagányok,5.2045,2001-01-13,5.5,2,Available
[35],146779,Tying the Knot,no,På bølgelengde,5.2016,2011-04-08,3.2,2,Available
[53],578404,The Box,tr,Kutu,4.744,2017-03-01,6.3,3,Available
[],993377,Cross-Country Drive,de,Auf Überlandfahrt,4.8748,2016-10-27,0.0,0,Available
"[27, 878]",70345,Sssssss,en,Sssssss,5.2931,1973-07-06,5.142,113,Available
"[37, 18, 35]",440161,The Sisters Brothers,en,The Sisters Brothers,4.859,2018-09-19,6.833,2139,Available
"[27, 9648, 53]",6933,One Missed Call,en,One Missed Call,5.308,2008-01-04,5.38,815,Available
"[28, 35]",5851,Showtime,en,Showtime,4.5985,2002-03-14,5.563,1112,Available
"[878, 27, 53]",430231,The Endless,en,The Endless,4.9422,2017-11-05,6.301,1349,Available
"[28, 80]",124157,The Thieves,ko,도둑들,4.8173,2012-07-25,6.751,339,Available
"[18, 53]",331583,The Whole Truth,en,The Whole Truth,5.4325,2016-03-25,6.557,1293,Available
[],1577738,Maratón,es,Maratón,5.2568,,0.0,0,Unknown
"[28, 12, 35, 80]",25539,Winners & Sinners,cn,奇謀妙計五福星,4.8184,1983-07-07,7.0,228,Available
"[18, 10749]",440361,Misunderstanding,sr,Nesporazum,4.9444,2020-12-01,0.0,0,Available
[18],1082010,Advanced Prostitute 2,ko,고급창녀 2,4.6008,2022-10-19,7.0,1,Available
"[35, 18]",50009,Eşrefpaşalılar,tr,Eşrefpaşalılar,5.557,2010-03-05,5.3,8,Available
[18],537140,Hope Gap,en,Hope Gap,4.5597,2019-10-03,6.529,174,Available
"[12, 18, 14]",62204,Quest for Fire,fr,La Guerre du feu,4.8421,1981-12-16,7.032,595,Available
"[35, 10749]",19918,Spread,en,Spread,4.8517,2009-01-16,5.577,968,Available
"[10751, 35, 14]",19724,Imagine That,en,Imagine That,5.3453,2009-06-19,5.977,609,Available
"[18, 10749, 14]",15775,If Only,en,If Only,5.1872,2004-01-23,7.036,673,Available
[18],646681,Ioana,de,Ioana,5.7267,2015-05-08,0.0,0,Available
"[80, 18, 53, 28, 35, 9648]",385332,Terminal,en,Terminal,4.6743,2018-05-10,5.52,898,Available
"[10749, 35]",412013,Swinger,da,Swinger,4.1076,2016-09-22,5.471,17,Available
[35],5725,Supervixens,en,Supervixens,4.8311,1975-04-02,5.63,173,Available
"[53, 35, 28, 80]",121824,Stand Up Guys,en,Stand Up Guys,5.2516,2012-12-14,6.03,1034,Available
[18],13461,Melissa P.,it,Melissa P.,4.615,2005-11-18,4.683,615,Available
"[18, 27]",413694,Palhaços,pt,Palhaços,5.9154,2015-07-24,0.0,0,Available
[18],286456,Blindfold,hu,Bekötött szemmel,5.5984,1974-08-11,10.0,1,Available
"[35, 18]",1120911,Saturday Night,en,Saturday Night,4.469,2024-09-27,6.643,400,Available
[99],316017,Löparen,sv,Löparen,4.9253,2002-01-01,0.0,0,Available
[99],1393151,Mr. Nobody Against Putin,da,Mr. Nobody mod Putin,4.9707,2025-06-06,7.353,143,Available
[99],1406846,Mashatu: Land of Leopards,en,Mashatu: Land of Leopards,4.9318,2024-12-23,8.0,2,Available
"[35, 9648, 53]",683340,Vengeance,en,Vengeance,4.7283,2022-07-29,6.59,483,Available
"[18, 36]",293646,The 33,en,The 33,5.0238,2015-08-06,6.399,1013,Available
[35],14166,Pretty Persuasion,en,Pretty Persuasion,5.1085,2005-01-22,5.8,151,Available
"[18, 53]",244509,Cold in July,en,Cold in July,5.0003,2014-05-23,6.538,843,Available
[18],802143,Algorithm,en,Algorithm,5.5189,2020-07-11,7.0,1,Available
[35],355525,Pigeon Flew Away,tr,Güvercin Uçuverdi,5.0814,2015-03-27,5.2,5,Available
"[18, 53]",16082,White Nights,en,White Nights,5.0753,1985-11-22,6.714,152,Available
"[18, 878, 53]",2577,Code 46,en,Code 46,4.4351,2003-09-02,6.155,413,Available
"[53, 18]",1151534,Nowhere,es,Nowhere,5.2584,2023-09-29,7.311,1618,Available
[53],472935,Pasión lejana,es,Pasión lejana,5.5912,1987-11-23,6.0,3,Available
"[878, 18, 12, 10751]",864101,Mira,ru,Мира,4.8571,2022-12-22,7.561,473,Available
"[18, 10749]",429189,Wonder Wheel,en,Wonder Wheel,4.6988,2017-12-01,6.373,1374,Available
[35],445629,Fighting with My Family,en,Fighting with My Family,4.3148,2019-02-14,6.837,1922,Available
[],331160,Une Libération,en,Une Libération,6.0193,2015-03-27,5.5,2,Available
[53],521654,The Slave Huntress 2,en,The Slave Huntress 2,4.9921,2009-01-01,4.25,4,Available
"[28, 53]",552688,The Mother,en,The Mother,5.0849,2023-05-04,6.617,1469,Available
"[18, 10749]",140208,Bad Boy Street,en,Bad Boy Street,9.4316,2012-10-22,5.403,31,Available
"[28, 35]",21521,Project A - Part II,cn,A計劃續集,4.3148,1987-07-25,7.128,351,Available
"[10751, 14, 35]",454433,Magic Camp,en,Magic Camp,4.977,2020-08-14,6.859,223,Available
"[18, 36]",418879,The Current War,en,The Current War,5.0435,2018-02-01,6.685,1173,Available
"[35, 80, 9648]",6037,Murder by Death,en,Murder by Death,4.6785,1976-06-23,7.139,931,Available
"[18, 36]",888321,Corsage,de,Corsage,5.3395,2022-07-07,6.075,255,Available
"[27, 53]",440597,Wish Upon,en,Wish Upon,5.0306,2017-07-07,5.743,1489,Available
"[28, 12, 878, 14, 53]",15767,Godzilla: Final Wars,ja,ゴジラ ファイナルウォーズ,4.8716,2004-12-04,7.094,381,Available
"[28, 80, 53]",13184,Bangkok Dangerous,en,Bangkok Dangerous,4.9496,2008-08-21,5.313,1168,Available
"[16, 14, 27]",21453,Wicked City,ja,妖獣都市,4.7538,1987-04-19,6.71,295,Available
"[9648, 53, 28]",1310568,Murder at the Embassy,en,Murder at the Embassy,4.9975,2025-11-14,6.04,63,Available
"[35, 18]",483411,Ladies in Black,en,Ladies in Black,4.9561,2018-10-18,6.712,205,Available
"[28, 80, 53]",619592,Force of Nature,en,Force of Nature,4.6958,2020-07-02,5.136,572,Available
"[10749, 18]",1171094,Ek Din,hi,एक दिन,5.25,2026-05-01,8.0,1,Available
"[36, 10752]",94411,Landmine Warfare,zh,地雷战,4.8501,1963-05-01,6.3,6,Available
[16],1412893,The Patient with the Bottle,ru,Пациент с бутылкой,7.0492,1979-01-01,3.0,1,Available
"[28, 80, 53]",9754,Firewall,en,Firewall,4.8861,2006-02-08,5.847,1058,Available
"[28, 18]",784651,Fighter,hi,फाइटर,4.8021,2024-01-24,6.151,166,Available
"[28, 12, 35]",9417,Wrongfully Accused,en,Wrongfully Accused,4.7131,1998-07-23,5.999,537,Available
"[28, 12, 18]",11866,Flight of the Phoenix,en,Flight of the Phoenix,4.9756,2004-12-17,6.004,968,Available
[35],130787,¡Qué Joyitas!,es,¡Qué Joyitas!,6.033,2011-12-01,8.0,1,Available
"[16, 35]",429459,Questioning,pt,Interrogatório,5.0956,2015-12-22,0.0,0,Available
[18],453133,My Brother's Wife 3: The Woman Downstairs,ko,형님아내3 (아랫집 부인),5.0776,2017-01-14,4.6,5,Available
"[35, 10402]",1432474,Nimrods,en,Nimrods,4.7762,2026-08-06,7.056,9,Available
[99],832936,The Walkers,tr,Yürümek,4.9105,2013-01-01,10.0,1,Available
[35],67738,The Landlords,fr,Mille millièmes,4.5574,2002-08-07,6.0,5,Available
"[80, 28]",1256513,Black Strait,ja,黒い海峡,4.7126,1964-12-31,10.0,1,Available
"[16, 28, 12, 35, 10751, 878]",523777,Next Gen,en,Next Gen,4.5263,2018-09-07,6.983,870,Available
"[80, 18]",487358,River's Edge,ja,リバーズ・エッジ,4.9178,2018-02-16,6.077,52,Available
"[16, 18, 10752]",14088,Barefoot Gen 2,ja,はだしのゲン２,4.6676,1986-06-14,6.796,76,Available
"[16, 878]",16860,RahXephon: Pluralitas Concentio,ja,ラーゼフォン 多元変奏曲,4.8468,2003-04-19,5.8,13,Available
"[53, 18, 36]",308032,The Stanford Prison Experiment,en,The Stanford Prison Experiment,4.7704,2015-07-17,6.802,1012,Available
[27],631060,Things Heard & Seen,en,Things Heard & Seen,4.8185,2021-04-29,5.701,1106,Available
"[28, 35]",373569,Snatched,en,Snatched,4.8795,2017-05-03,5.336,836,Available
"[35, 10749, 10751]",38317,Zookeeper,en,Zookeeper,5.4925,2011-07-06,5.446,1817,Available
"[27, 53]",29926,Dead Boyz Don't Scream,en,Dead Boyz Don't Scream,4.8834,2006-11-02,3.5,10,Available
"[27, 9648, 53]",807356,Watcher,en,Watcher,5.0908,2022-06-03,6.503,1212,Available
"[16, 12, 14, 10751]",79707,Children Who Chase Lost Voices,ja,星を追う子ども,4.9688,2011-05-07,7.24,811,Available
"[10749, 16, 14, 12]",1155234,Endless Journey of Love,zh,时间之子,4.6779,2025-05-30,9.119,67,Available
[99],893123,Fluid Line,pt,Linha Fluida,5.3068,2021-08-04,0.0,0,Available
"[18, 80, 10752]",147567,Emergency Landing,no,Nødlanding,5.1196,1952-01-21,5.714,7,Available
"[18, 53, 80]",643532,The Card Counter,en,The Card Counter,4.9324,2021-09-03,6.121,1123,Available
"[36, 12, 18]",2000,"Aguirre, the Wrath of God",de,"Aguirre, der Zorn Gottes",4.5863,1972-12-29,7.4,1294,Available
"[878, 28]",1309012,Altered,en,Altered,5.0119,2025-09-18,5.669,136,Available
"[27, 53]",250574,Creep,en,Creep,4.5241,2014-03-08,6.402,1706,Available
"[35, 9648, 10749]",4808,Charade,en,Charade,4.6093,1963-12-01,7.654,1592,Available
[27],278022,Rasuk,ms,Rasuk,5.1543,2003-01-01,0.0,0,Available
[18],339545,Silent Bells,hu,Elnémult harangok,5.3359,1916-07-09,5.0,4,Available
[18],361890,Thorns of the soul,es,Miramenometokéi,5.5411,2002-09-01,7.8,4,Available
"[27, 53]",376570,Hush,en,Hush,4.5621,2016-03-12,6.727,4939,Available
[99],258989,Reparation,pt,Reparação,5.172,2010-03-12,4.5,2,Available
"[16, 878, 28, 10751, 12, 14]",106164,Doraemon: Nobita and the Galaxy Super-express,ja,ドラえもん のび太と銀河超特急,5.067,1996-03-02,7.439,57,Available
[28],108374,Fatal Lottery,es,Lotería mortal,5.3257,1997-01-01,6.667,3,Available
[18],999075,Left-Handed Girl,zh,左撇子女孩,4.755,2025-09-17,7.273,194,Available
[18],545237,The Nest,en,The Nest,4.9455,2020-05-08,6.08,395,Available
[18],12838,One to Another,fr,Chacun sa nuit,4.8853,2006-07-21,5.917,42,Available
[99],865707,(No Subject),es,(SIN ASUNTO),5.189,2021-09-07,0.0,0,Available
[18],299819,The Girl on the River,vi,Cô gái trên sông,4.5597,1987-04-01,4.8,4,Available
[99],1512064,The Making of American Hustle,en,The Making of American Hustle,6.8707,2014-03-18,0.0,0,Available
[18],486221,Help! Raid!,de,Hilfe! Überfall!,4.829,1931-10-27,10.0,1,Available
"[10749, 18]",11522,Pretty in Pink,en,Pretty in Pink,4.4882,1986-02-28,6.674,1247,Available
[35],1451815,Brett Goldstein: The Second Best Night of Your Life,en,Brett Goldstein: The Second Best Night of Your Life,4.6364,2025-04-26,6.6,20,Available
"[18, 12]",129670,Nebraska,en,Nebraska,4.1898,2013-09-21,7.447,1970,Available
"[53, 9648]",13018,Deception,en,Deception,4.8395,2008-04-24,5.958,744,Available
[35],11132,Confessions of a Teenage Drama Queen,en,Confessions of a Teenage Drama Queen,4.7428,2004-02-17,5.726,966,Available
[878],528085,2067,en,2067,4.8225,2020-10-01,5.483,972,Available
"[28, 18, 53]",921436,Escape,ko,탈주,4.7492,2024-07-03,7.27,87,Available
[18],470888,Las engañadas,es,Las engañadas,5.1046,1955-08-10,5.6,5,Available
"[18, 80]",484987,İntikam Alevi,tr,İntikam Alevi,4.5325,1956-11-03,10.0,1,Available
"[53, 27, 35]",241863,As the Gods Will,ja,神さまの言うとおり,4.8805,2014-11-15,7.121,587,Available
"[18, 10751]",713440,The Butterfly,es,La Mariposa,5.2761,2017-12-03,0.0,0,Available
[99],757194,Paradise,es,Paraíso,5.2355,2020-12-03,1.0,2,Available
"[80, 53]",411301,The Ruffian,es,El rufián,5.8315,1961-09-07,5.333,9,Available
"[80, 18, 10402]",10476,Hustle & Flow,en,Hustle & Flow,4.6321,2005-07-22,7.185,465,Available
[18],442543,Mirage,sv,Hägringen,6.1016,1959-11-23,8.0,1,Available
"[28, 12, 18, 9648]",48492,Detective Dee and the Mystery of the Phantom Flame,zh,狄仁傑之通天帝國,4.3973,2010-09-18,6.553,443,Available
"[16, 28, 14]",841755,Mortal Kombat Legends: Battle of the Realms,en,Mortal Kombat Legends: Battle of the Realms,4.5299,2021-08-30,7.624,516,Available
"[53, 80, 9648, 18]",4193,Evil Under the Sun,en,Evil Under the Sun,4.8474,1982-03-05,6.882,536,Available
"[12, 14, 16, 10751]",26505,Arthur and the Revenge of Maltazard,fr,Arthur et la vengeance de Maltazard,5.1214,2009-11-26,5.782,1814,Available
"[27, 9648, 878]",9669,Ring 2,ja,リング 2,4.9608,1999-01-23,5.818,476,Available
"[18, 14, 53]",845222,Kingdom: Ashin of the North,ko,킹덤: 아신전,5.0166,2021-07-23,7.108,649,Available
"[35, 16, 12]",109526,Crayon Shin-chan: The Hidden Treasure of the Buri Buri Kingdom,ja,クレヨンしんちゃん ブリブリ王国の秘宝,4.9523,1994-04-23,6.962,53,Available
"[35, 18, 10749]",447759,Adult Only Institute,ko,청불학원,5.1454,2017-03-14,4.667,15,Available
"[80, 99]",1584619,Murder in Monaco,en,Murder in Monaco,4.383,2025-12-17,6.36,43,Available
[35],388664,Manutention légère,fr,Manutention légère,4.6717,2014-06-12,0.0,0,Available
"[18, 27, 53]",14223,Wind Chill,en,Wind Chill,4.8944,2007-05-18,5.821,570,Available
"[28, 80]",116613,The Sweeney,en,The Sweeney,5.2374,2012-09-11,5.675,302,Available
"[80, 18]",390584,King Cobra,en,King Cobra,5.0023,2016-10-21,5.848,492,Available
"[36, 10752, 18]",10733,The Alamo,en,The Alamo,5.1364,2004-04-07,5.774,379,Available
"[28, 80, 18, 53]",11564,Class of 1984,en,Class of 1984,4.6843,1982-08-20,6.385,418,Available
"[18, 53, 10749]",997113,Hedda,en,Hedda,4.6983,2025-10-22,5.422,128,Available
[35],55465,A Very Harold & Kumar Christmas,en,A Very Harold & Kumar Christmas,5.0323,2011-11-04,5.996,1092,Available
"[878, 14]",296883,Dawn,no,Morgenrøde,5.0322,2014-09-30,4.8,7,Available
"[80, 18, 53]",152792,Devil's Knot,en,Devil's Knot,5.0307,2013-05-09,6.179,728,Available
"[99, 12]",927034,Faces Nord,fr,Faces Nord,5.0306,1987-01-01,10.0,1,Available
[],721895,John & Jen,en,John & Jen,5.0304,2020-07-05,0.0,0,Available
[18],464547,The Hateful Beast,ja,日本暴行暗黒史　怨獣,5.0303,1970-12-14,4.667,3,Available
"[28, 12, 53]",460321,Close,en,Close,5.029,2019-02-22,6.012,731,Available
"[10749, 35, 18]",502682,Book Club,en,Book Club,5.0286,2018-05-18,6.228,846,Available
"[27, 53]",312791,GirlHouse,en,GirlHouse,5.0283,2014-10-16,6.005,333,Available
"[80, 18, 9648]",1249,Hollywoodland,en,Hollywoodland,5.0283,2006-08-31,6.103,466,Available
"[53, 27, 878]",12122,Village of the Damned,en,Village of the Damned,5.0275,1995-04-28,6.099,948,Available
"[27, 878]",23730,C.H.U.D.,en,C.H.U.D.,5.0267,1984-08-31,5.63,322,Available
"[18, 35, 10770]",481817,Mention particulière,fr,Mention particulière,5.0265,2017-11-06,7.5,50,Available
[18],1013185,Lonely Day,en,Lonely Day,5.0263,2022-02-04,0.0,0,Available
"[16, 10751, 10770]",28118,The Gruffalo,en,The Gruffalo,5.0262,2009-12-25,7.4,352,Available
"[80, 18, 10749]",654,On the Waterfront,en,On the Waterfront,5.0245,1954-06-22,7.9,1839,Available
"[16, 12, 35, 14, 10751, 10402]",1421982,Kiff Lore of the Ring Light,en,Kiff Lore of the Ring Light,5.0244,2025-01-21,7.2,11,Available
"[18, 53, 12]",204,The Wages of Fear,fr,Le Salaire de la peur,5.0239,1953-04-22,8.0,1126,Available
"[10751, 35]",1591834,Familia a la deriva,es,Familia a la deriva,5.0237,2026-01-22,8.328,116,Available
[18],1244517,Tow,en,Tow,5.0237,2026-03-20,6.613,31,Available
[10402],382039,Verdi: La Traviata,it,Verdi: La Traviata,9.3449,2012-04-04,5.0,3,Available
"[16, 10751, 12, 35]",375107,Duck Duck Goose,en,Duck Duck Goose,4.7134,2018-03-09,6.21,186,Available
"[10751, 16, 12, 878, 14]",162092,Doraemon: Nobita and the Winged Braves,ja,のび太と翼の勇者たち,5.2213,2001-03-10,7.1,43,Available
[28],11037,Iron Eagle,en,Iron Eagle,5.1596,1986-01-17,5.593,351,Available
"[18, 9648]",39013,Winter's Bone,en,Winter's Bone,4.9647,2010-06-11,6.775,2054,Available
[10770],471199,The Ex,fr,L'ex,5.9487,1996-08-30,9.0,1,Available
"[80, 9648, 53]",27958,Cruising,en,Cruising,5.3896,1980-02-15,6.586,646,Available
"[27, 9648, 53]",11252,Psycho,en,Psycho,4.7008,1998-12-04,5.123,1068,Available
"[18, 10749, 10752]",38360,The Cranes Are Flying,ru,Летят журавли,4.8229,1957-10-12,7.922,468,Available
[35],557900,Gadis Bionik,id,Gadis Bionik,5.1869,1982-01-01,10.0,1,Available
"[28, 18, 10752, 36]",345934,Air Strike,en,Air Strike,5.3487,2018-10-26,5.055,292,Available
"[35, 28]",339396,True Memoirs of an International Assassin,en,True Memoirs of an International Assassin,4.5624,2016-11-11,5.766,865,Available
[],1031383,Lost,en,Lost,4.6998,2022-10-01,0.0,0,Available
[18],386228,Road,pt,Estrada,5.0331,2018-12-20,0.0,0,Available
"[80, 35, 10402]",1182409,Tomorrow is Another Day,ja,明日は明日の風が吹く,4.1285,1958-04-29,0.0,0,Available
"[18, 35, 36]",369192,Battle of the Sexes,en,Battle of the Sexes,4.5263,2017-09-22,6.75,1985,Available
"[18, 53, 80]",57361,The Yellow Sea,ko,황해,4.5776,2010-12-22,7.349,609,Available
"[12, 10749, 36]",44446,Angelique and the Sultan,fr,Angélique et le Sultan,4.4018,1968-03-13,6.383,124,Available
[18],351713,The Milkman of Mäeküla,et,Mäeküla piimamees,4.6998,1965-07-10,5.667,6,Available
"[12, 18, 10749]",9096,Medicine Man,en,Medicine Man,4.9204,1992-02-07,5.977,431,Available
"[16, 10751, 14]",717196,Niko: Beyond the Northern Lights,fi,Niko ja myrskyporojen arvoitus,4.9829,2024-10-07,7.311,45,Available
[18],1576198,Madulas,en,Madulas,4.8116,2025-11-14,4.0,1,Available
[18],381341,Perfect Strangers,it,Perfetti sconosciuti,4.5522,2016-02-11,7.853,4676,Available
[],472963,Vilão,pt,Vilão,4.9378,2017-08-28,0.0,0,Available
"[35, 80, 18]",368963,The Gangster,es,El gángster,5.9293,1965-07-08,6.8,5,Available
[18],527588,Show Down,en,Show Down,6.7784,2015-04-19,8.0,1,Available
"[37, 18, 28]",492565,The Kid,en,The Kid,4.3191,2019-03-08,5.991,335,Available
[18],1591675,Look Back,ja,ルックバック,5.265,2026-09-11,8.1,5,Available
[35],58231,Mardi Gras: Spring Break,en,Mardi Gras: Spring Break,4.4842,2011-09-23,5.715,198,Available
"[35, 80, 10402]",13595,Airheads,en,Airheads,4.5475,1994-08-05,6.215,854,Available
"[878, 28, 80, 53, 27]",13006,Split Second,en,Split Second,4.5762,1992-05-01,5.956,375,Available
[18],343224,Juan Pérez,es,Juan Pérez,5.3655,2011-04-16,0.0,0,Available
"[35, 18]",744594,White Noise,en,White Noise,4.6873,2022-11-25,5.582,828,Available
[35],308188,Erotic Stories,pt,Contos Eróticos,4.764,1980-03-01,6.5,6,Available
[10749],59507,Four Lovers,fr,Happy Few,5.2461,2010-09-15,5.903,93,Available
"[18, 14, 35]",837335,La Chimera,it,La chimera,4.8951,2023-10-12,7.304,621,Available
"[18, 53, 878]",1902,Open Your Eyes,es,Abre los ojos,4.7641,1997-12-19,7.457,1235,Available
"[80, 18, 53]",28415,The Yakuza,en,The Yakuza,4.8717,1974-12-21,7.127,225,Available
"[18, 53]",957314,The Passenger,en,The Passenger,4.8535,2023-08-04,6.477,222,Available
"[16, 80, 9648, 12]",21452,Case Closed: The Fourteenth Target,ja,名探偵コナン 14番目の標的,4.5509,1998-04-18,7.2,236,Available
"[12, 14, 28, 35, 878]",9824,Mystery Men,en,Mystery Men,5.0875,1999-08-06,5.872,944,Available
[],1546059,Resut,pt,Resut,6.2558,2025-09-10,0.0,0,Available
"[35, 14, 10749]",37725,It's a Boy Girl Thing,en,It's a Boy Girl Thing,4.3735,2006-07-15,6.5,1125,Available
"[37, 18, 10749]",37292,Broken Arrow,en,Broken Arrow,4.7416,1950-07-21,6.701,226,Available
"[28, 18, 27]",1095808,"Flowers in the Mirror, Wind and Moon: Ghost Appears",zh,镜花风月之怪谈,4.869,1991-07-19,0.0,0,Available
[],1077347,Confession Note - That SEX I Got Wet!,ja,告白手記-私が濡れたあのSEX！,4.8254,1997-01-01,2.0,1,Available
"[35, 18]",1589775,Wait For Me To Be Successful Later,id,Tunggu Aku Sukses Nanti,5.1196,2026-03-18,6.5,5,Available
"[10751, 18]",441090,Partisans,en,Partizánok,5.9986,2016-10-04,4.0,1,Available
"[18, 10749]",11034,The Great Gatsby,en,The Great Gatsby,4.472,1974-03-27,6.278,524,Available
"[12, 10751]",395014,Time to Mature,en,Ballagó idö,5.3644,1976-04-28,7.0,2,Available
"[18, 35, 36]",754609,Mrs. Harris Goes to Paris,en,Mrs. Harris Goes to Paris,4.5101,2022-07-15,7.297,526,Available
[27],71670,Hostel: Part III,en,Hostel: Part III,4.7923,2011-12-22,5.098,1336,Available
[],1558362,Ginza no jirochō,ja,銀座の次郎長,4.7619,1963-06-02,0.0,0,Available
"[16, 10751, 9648, 35, 37]",427564,Scooby-Doo! Shaggy's Showdown,en,Scooby-Doo! Shaggy's Showdown,5.217,2017-02-14,7.761,205,Available
"[53, 18, 80]",486947,The Guilty,da,Den skyldige,4.6549,2018-02-22,7.307,1891,Available
"[35, 16, 14]",658436,Fate/kaleid liner Prisma☆Illya: Prisma☆Phantasm,ja,Fate/kaleid liner プリズマ☆イリヤ プリズマ☆ファンタズム,5.0811,2019-06-14,6.9,8,Available
"[35, 10402]",434742,"Hello, Hello, Brazil!",pt,"Alô, Alô, Brasil",2.5889,1935-01-12,9.0,1,Available
"[10752, 36, 18]",429747,I Loved You More than Life,az,Sizi Dünyalar Qədər Sevirdim,4.9134,1985-12-29,8.7,3,Available
"[28, 16, 53]",17101,Bleach the Movie: The DiamondDust Rebellion,ja,劇場版 BLEACH The DiamondDust Rebellion もう一つの氷輪丸,5.0086,2007-12-22,6.775,204,Available
[18],141670,The Rash One,es,El espontáneo,5.0085,1964-09-07,6.0,5,Available
"[14, 28, 12]",8011,Highlander III: The Sorcerer,en,Highlander III: The Sorcerer,5.0085,1994-11-29,4.747,567,Available
"[10402, 14]",218890,Die Zauberflöte,de,Die Zauberflöte,5.0075,1992-09-04,0.0,0,Available
"[10749, 35, 18]",76494,What to Expect When You're Expecting,en,What to Expect When You're Expecting,5.0075,2012-05-17,6.01,1878,Available
[18],323151,Grey Morning,pt,Manhã Cinzenta,5.0072,1969-10-08,7.6,7,Available
[18],66550,Genesis,bm,La genèse,5.0072,1999-09-08,6.333,6,Available
"[28, 36, 12]",30484,Warrior Queen,en,Warrior Queen,5.0069,1987-01-26,3.7,40,Available
"[18, 10749]",17473,The Room,en,The Room,5.0069,2003-06-27,3.99,1570,Available
"[18, 10402, 14]",1235431,Oshi no Ko -The Final Act-,ja,【推しの子】-The Final Act-,5.0066,2024-12-20,6.4,11,Available
"[12, 35, 10751, 878]",11425,"Honey, We Shrunk Ourselves",en,"Honey, We Shrunk Ourselves",5.0066,1997-07-01,5.437,751,Available
"[28, 35, 80]",234532,Chotta Mumbai,ml,ഛോട്ടാ മുംബൈ,5.0057,2007-04-06,7.3,25,Available
"[18, 53]",337674,Elle,fr,Elle,5.0056,2016-05-25,6.638,2032,Available
[18],301987,Kara Çalı,tr,Kara Çalı,5.0055,1956-04-02,9.0,1,Available
"[16, 28, 80]",15805,Batman & Mr. Freeze: SubZero,en,Batman & Mr. Freeze: SubZero,5.0055,1998-02-11,6.919,521,Available
"[28, 53, 80]",480042,Escape Plan: The Extractors,en,Escape Plan: The Extractors,5.0051,2019-06-20,5.44,968,Available
"[16, 35, 18, 10751, 14]",869626,Marcel the Shell with Shoes On,en,Marcel the Shell with Shoes On,5.0047,2022-06-24,7.62,735,Available
"[18, 28, 53]",84394,Caliber 9,en,Caliber 9,5.0047,2011-04-23,4.2,9,Available
[35],466761,Ayúdame compadre,es,Ayúdame compadre,5.0038,1992-01-01,6.667,3,Available
"[53, 18]",1428862,Firebreak,es,Cortafuego,5.0037,2026-02-19,6.3,178,Available
"[28, 80, 53]",346808,Momentum,en,Momentum,4.7765,2015-10-15,5.67,597,Available
"[99, 10752]",272018,Digging The Great Escape,en,Digging The Great Escape,2.3992,2011-11-28,0.0,0,Available
"[28, 53, 18]",982932,Shrapnel,en,Shrapnel,4.7776,2023-07-28,5.623,81,Available
[18],467008,O Poço,pt,O Poço,5.1878,2003-04-30,7.333,6,Available
"[28, 18, 10749]",1281826,One Fast Move,en,One Fast Move,4.7271,2024-08-07,6.669,228,Available
"[35, 10749]",810171,The Valet,en,The Valet,4.7419,2022-05-11,7.459,681,Available
"[35, 10749]",52212,Miranda,it,Miranda,5.2021,1985-10-15,5.129,120,Available
"[18, 14]",397837,Before I Fall,en,Before I Fall,5.0386,2017-03-02,6.967,3581,Available
[18],8649,Bringing Out the Dead,en,Bringing Out the Dead,4.8917,1999-10-22,6.599,1274,Available
"[53, 18]",628922,Asphalt City,en,Asphalt City,5.1556,2023-05-12,6.2,245,Available
"[10749, 35]",520172,Happiest Season,en,Happiest Season,4.8191,2020-11-26,7.079,1343,Available
"[28, 80, 53, 18]",948276,Lost Bullet 2,fr,Balle perdue 2,4.7947,2022-11-10,6.521,492,Available
[27],203835,Amityville: The Awakening,en,Amityville: The Awakening,4.4239,2017-06-30,5.346,1117,Available
[18],1588858,Aliwan Inn,tl,Aliwan Inn,4.695,2025-12-26,8.0,3,Available
"[18, 35, 10749]",121826,Quartet,en,Quartet,4.478,2012-12-26,6.495,396,Available
"[28, 53, 12]",831946,Interceptor,en,Interceptor,4.8676,2022-05-26,6.045,864,Available
"[18, 27, 53]",10242,What Ever Happened to Baby Jane?,en,What Ever Happened to Baby Jane?,4.3293,1962-10-31,7.896,1187,Available
"[18, 53]",1596260,Night Nurse,en,Night Nurse,5.0879,2026-07-10,4.867,15,Available
"[18, 10749]",161285,In the Heat of the Sun,zh,阳光灿烂的日子,4.6606,1994-09-01,7.848,145,Available
"[9648, 18, 10749]",12531,The Apartment,fr,L'Appartement,4.9772,1996-07-27,6.819,254,Available
"[28, 12, 35, 9648]",389053,The Do-Over,en,The Do-Over,4.8486,2016-05-27,5.71,1637,Available
"[80, 18, 53]",26390,Brooklyn's Finest,en,Brooklyn's Finest,4.9502,2010-03-04,6.291,1018,Available
"[18, 36, 10752]",11948,"Merry Christmas, Mr. Lawrence",ja,戦場のメリークリスマス,4.6502,1983-05-28,7.289,542,Available
"[99, 36]",1200283,Artemis - The Lost Temple,fr,"Artémis, le temple perdu",8.5105,2023-11-05,9.3,3,Available
[99],1002264,99 days,xx,99 dies,5.2026,2022-09-18,0.0,0,Available
"[16, 28, 9648, 878]",1432547,ALL YOU NEED IS KILL,ja,ALL YOU NEED IS KILL,4.7999,2026-01-09,6.265,34,Available
"[18, 10749, 35]",11557,St. Elmo's Fire,en,St. Elmo's Fire,4.8575,1985-06-28,6.125,614,Available
"[28, 12, 16, 18, 10751, 14]",315465,The Boy and the Beast,ja,バケモノの子,4.5113,2015-07-11,7.908,1638,Available
"[53, 80, 18]",1211776,Violent Ends,en,Violent Ends,4.8224,2025-10-31,6.3,65,Available
"[18, 878]",11864,Enemy Mine,en,Enemy Mine,4.6306,1985-12-12,6.982,1118,Available
[99],1751503,Trollfabriken - efterspelet,sv,Trollfabriken - efterspelet,4.6501,2024-05-30,0.0,0,Available
"[18, 36]",972433,Race for Glory: Audi vs. Lancia,en,Race for Glory: Audi vs. Lancia,5.3119,2024-01-05,6.07,271,Available
[],1755232,Will Revenge,en,Will Revenge,5.5871,2026-08-29,0.0,0,Available
"[18, 36, 10752]",76758,The Flowers of War,zh,金陵十三釵,4.6894,2011-12-15,7.425,927,Available
[18],1495723,Abandoned Man,tr,Metruk Adam,4.9354,2025-08-22,7.4,79,Available
[35],258539,The Hamsters,es,Los hámsters,5.4252,2014-03-10,6.714,7,Available
"[16, 10751, 28, 12, 14]",726684,Miraculous World: Shanghai - The Legend of Ladydragon,fr,"Miraculous World : Shanghai, la légende de Ladydragon",4.7822,2021-05-15,7.909,700,Available
"[18, 80, 53]",17436,The Informers,en,The Informers,4.8955,2008-11-05,4.754,264,Available
"[28, 16, 878]",39105,Dragon Ball Z: Bojack Unbound,ja,ドラゴンボールZ 銀河ギリギリ!! ぶっちぎりの凄い奴,5.2587,1993-07-10,7.176,645,Available
"[12, 27]",1252428,Anaconda,zh,狂蟒之灾,5.2498,2024-03-01,7.119,155,Available
"[14, 27]",1483,Begotten,en,Begotten,4.937,1991-06-05,5.976,370,Available
[18],317557,Queen of Katwe,en,Queen of Katwe,5.0823,2016-09-23,7.231,481,Available
[],664493,Tsumatachi no gogo wa yori: kannō no ori,ja,「妻たちの午後は」より　官能の檻,2.9762,1976-05-01,7.0,2,Available
"[18, 28]",1587964,They Fight,en,They Fight,4.4648,2026-06-08,3.8,4,Available
"[99, 10752]",485148,The Threatening Sky,fr,"Le Ciel, la terre",3.7971,1966-09-05,9.5,2,Available
"[18, 12]",9343,Fitzcarraldo,de,Fitzcarraldo,4.0063,1982-03-02,7.589,917,Available
[99],645568,Kodokushi,ja,Kodokushi,5.0395,2020-10-25,0.0,0,Available
"[18, 9648, 14]",52180,The Shadowless,tr,Gölgesizler,5.6554,2009-02-27,6.533,15,Available
"[14, 28, 12]",14208,The Librarian: Return to King Solomon's Mines,en,The Librarian: Return to King Solomon's Mines,4.9782,2006-09-09,6.263,647,Available
"[9648, 878, 53]",1749484,The InTEXTigator,en,The InTEXTigator,5.0072,2020-05-18,0.0,0,Available
[35],1597535,Breast Friends Forever,tl,Breast Friends Forever,4.8873,2026-01-09,6.8,4,Available
[],278444,Causa & Efeito,pt,Causa & Efeito,5.9846,2014-07-03,7.0,2,Available
"[10402, 18, 10749]",10028,Honey,en,Honey,4.2115,2003-12-05,6.4,1257,Available
"[28, 80, 18]",1306587,Unification of Japan 36,ja,日本統一３６,4.7425,2019-11-25,0.0,0,Available
[],1556683,The Golden Demon,ja,金色夜叉,4.6383,1932-01-14,0.0,0,Available
"[10752, 28, 53, 18, 36]",607844,Escape from Mogadishu,ko,모가디슈,5.0769,2021-07-28,7.1,216,Available
[],862458,Sarah,es,SARA,4.8182,,10.0,1,Unknown
"[16, 18, 10749]",198375,The Garden of Words,ja,言の葉の庭,5.0085,2013-05-31,7.584,2286,Available
"[10402, 99]",13576,This Is It,en,This Is It,4.5953,2009-10-28,7.4,1101,Available
"[53, 9648, 80]",2275,The General's Daughter,en,The General's Daughter,4.6471,1999-06-18,6.41,1069,Available
"[10751, 16, 35, 878, 12]",530,A Grand Day Out,en,A Grand Day Out,4.5066,1990-05-18,7.498,1033,Available
"[53, 18]",459937,Four Hands,de,Die Vierhändige,5.1396,2017-11-30,5.3,25,Available
"[28, 35, 80]",10295,Miami Supercops,it,Miami Supercops,5.3004,1985-12-11,6.431,488,Available
"[10749, 35]",70868,I Don't Know How She Does It,en,I Don't Know How She Does It,4.0956,2011-09-16,5.2,418,Available
[],76633,Isenseven: Übermovie,en,Isenseven: Übermovie,5.5688,2007-01-01,0.0,0,Available
[18],1027926,Between the Walls,da,Mellem væggene,5.0625,2018-04-22,0.0,0,Available
"[14, 16, 35]",351694,Monkey King: Hero Is Back,zh,西游记之大圣归来,5.1216,2015-07-10,6.934,302,Available
"[18, 10770, 36]",65034,Too Big to Fail,en,Too Big to Fail,4.4605,2011-11-25,6.939,271,Available
[53],2246,Malice,en,Malice,4.7641,1993-09-29,6.276,534,Available
"[35, 18]",10757,Kabhi Khushi Kabhie Gham,hi,कभी ख़ुशी कभी ग़म,4.6934,2001-12-14,7.68,627,Available
[18],499,Cléo from 5 to 7,fr,Cléo de 5 à 7,5.0537,1962-04-11,7.7,801,Available
"[80, 9648, 53]",520663,The Woman in the Window,en,The Woman in the Window,5.0048,2021-05-13,5.972,2198,Available
[35],282544,Tenali Rama,kn,Tenali Rama,5.1758,2006-12-07,0.0,0,Available
[],1063256,Tōkyō dodonpa musume,ja,東京ドドンパ娘,4.6676,1961-05-13,0.0,0,Available
"[10751, 16, 12, 35]",11625,Asterix and the Big Fight,fr,Astérix et le Coup du menhir,4.8396,1989-10-04,6.307,686,Available
"[18, 36]",11021,Titanic,de,Titanic,4.8342,1943-09-24,6.065,92,Available
"[10749, 18]",1130782,Different,en,Difriúil,5.46,2022-06-10,0.0,0,Available
[18],595586,Causeway,en,Causeway,4.6616,2022-10-28,6.487,582,Available
"[28, 37]",10620,Once Upon a Time in China and America,cn,黃飛鴻之西域雄獅,4.803,1997-02-01,5.9,118,Available
"[28, 14, 12, 35]",170657,Journey to the West: Conquering the Demons,zh,西游·降魔篇,5.1071,2013-02-07,6.962,462,Available
[],333456,Sámi Bojá,en,Sámi Bojá,4.8775,2015-01-01,0.0,0,Available
[18],371462,Mammal,en,Mammal,5.1378,2016-04-01,6.28,50,Available
[],1726603,Promise of Wizard Orchestra Music Festival ~series collection~,ja,舞台『魔法使いの約束』オーケストラ音楽祭～series collection～,4.7695,,0.0,0,Unknown
[99],1754278,104 dagar,sv,104 dagar,5.1745,2015-01-08,0.0,0,Available
"[27, 878, 53]",50357,Apollo 18,en,Apollo 18,4.5771,2011-07-20,5.311,1129,Available
[27],1011064,The Drujes,fr,Les Drujes,5.1471,2004-06-16,7.0,1,Available
"[18, 28, 14, 878]",801688,Kalki 2898-AD,te,కల్కి 2898-ఎ.డి,4.5462,2024-06-26,6.423,195,Available
[35],411873,The Little Hours,en,The Little Hours,4.8885,2017-06-30,5.883,669,Available
"[28, 80, 35, 10752]",1078023,The King of Snipers,zh,狙击之王：暗杀,5.1182,2023-01-24,5.5,12,Available
"[35, 12]",579603,Trạng Quỳnh,vi,Trạng Quỳnh,4.9729,2019-02-05,7.0,1,Available
[18],1182861,Romería,es,Romería,4.4218,2025-09-05,6.552,77,Available
"[36, 18, 10752, 53]",748787,Chess Story,de,Schachnovelle,4.7735,2021-09-23,6.831,163,Available
"[35, 18, 10751]",10414,The Mighty Ducks,en,The Mighty Ducks,4.5542,1992-10-02,6.599,1006,Available
"[10751, 14, 35]",2284,Mr. Magorium's Wonder Emporium,en,Mr. Magorium's Wonder Emporium,4.5048,2007-11-16,6.255,1340,Available
[18],426379,Hällebäcks gård,sv,Hällebäcks gård,5.0945,1961-09-17,9.0,1,Available
[35],449252,Toâ,fr,Toâ,5.1551,1949-10-27,4.0,4,Available
"[878, 53]",410199,ARQ,en,ARQ,4.4217,2016-09-16,6.135,1343,Available
[10749],17993,Henry & June,en,Henry & June,4.5613,1990-09-28,6.0,238,Available
[18],544152,Utopic Dystopia,en,Utopic Dystopia,5.5341,2015-10-15,7.0,1,Available
[],1547543,La Visita,es,La Visita,5.7043,2026-02-07,0.0,0,Available
[18],292223,Unternehmen Edelweiß,de,Unternehmen Edelweiß,5.1632,1954-11-09,10.0,1,Available
[99],267307,Remue-ménage,fr,Remue-ménage,5.5779,2002-04-22,0.0,0,Available
[35],18825,Espace détente,fr,Espace détente,4.95,2005-02-02,4.494,84,Available
"[35, 10751, 878, 18]",11966,Short Circuit 2,en,Short Circuit 2,4.738,1988-07-06,6.227,683,Available
"[35, 18]",965052,Paraclete,es,Paráclito,5.2829,2022-04-08,2.0,1,Available
[18],415387,Father,ar,Père,4.8709,2014-09-22,0.0,0,Available
"[80, 28, 35]",10622,Mr. Nice Guy,cn,一個好人,4.8399,1997-01-31,6.6,780,Available
[18],2003,Anatomy of Hell,fr,Anatomie de l'enfer,5.113,2004-01-28,4.796,157,Available
"[16, 10751]",1465476,Lulu Is a Rhinoceros,en,Lulu Is a Rhinoceros,4.8655,2025-05-29,7.4,11,Available
[18],125700,Faat Kiné,fr,Faat Kiné,4.9262,2001-02-11,6.7,7,Available
"[14, 53, 27]",740903,The Unhealer,en,The Unhealer,4.78,2021-12-02,5.846,107,Available
"[16, 10751]",1234054,Rafadan Tayfa: Gordion,tr,Rafadan Tayfa: Gordion,4.5493,,0.0,0,Unknown
"[16, 35, 10751, 28]",42246,Tom and Jerry: The Fast and the Furry,en,Tom and Jerry: The Fast and the Furry,4.8271,2005-09-03,7.1,312,Available
"[878, 28]",11484,Rollerball,en,Rollerball,4.9873,1975-06-25,6.263,642,Available
"[16, 878, 10751, 28]",829402,Ultraman: Rising,en,Ultraman: Rising,4.6493,2024-06-14,8.0,403,Available
"[27, 53]",11503,The Serpent and the Rainbow,en,The Serpent and the Rainbow,4.7899,1988-02-05,6.399,568,Available
"[18, 80]",399713,Hidden Passion,cn,三級薔薇之戀,4.8092,1991-12-12,5.5,6,Available
"[80, 53]",220882,London Fields,en,London Fields,5.0139,2018-09-20,5.064,306,Available
"[35, 80]",12118,Police Academy 3: Back in Training,en,Police Academy 3: Back in Training,4.6121,1986-03-20,5.82,1411,Available
"[10402, 35]",264952,Glückliche Reise,de,Glückliche Reise,5.353,1954-12-21,6.0,2,Available
"[9648, 18, 80]",1847,The Long Goodbye,en,The Long Goodbye,4.7014,1973-03-08,7.405,804,Available
"[80, 18, 9648, 53]",348668,A Conspiracy of Faith,da,Flaskepost fra P,4.8561,2016-03-03,6.954,624,Available
"[18, 35]",308369,Me and Earl and the Dying Girl,en,Me and Earl and the Dying Girl,4.5125,2015-06-12,7.529,2820,Available
"[35, 10749]",129139,The To Do List,en,The To Do List,5.1664,2013-07-24,5.761,1115,Available
"[18, 10749]",9079,Dying Young,en,Dying Young,5.1466,1991-06-20,6.715,497,Available
"[12, 9648, 10749]",44453,Angelique: The Road to Versailles,fr,Merveilleuse Angélique,4.5241,1965-07-07,6.634,131,Available
"[18, 10751, 12]",6368,Holidays in Tyrol,de,Zärtliches Geheimnis,4.9793,1956-03-07,9.0,1,Available
"[16, 14, 878, 12]",15035,Fire and Ice,en,Fire and Ice,4.681,1983-03-25,6.686,368,Available
[35],48579,My Sister in Law,en,La pretora,4.5041,1976-11-05,5.436,39,Available
"[80, 53, 18]",73567,Killer Joe,en,Killer Joe,4.9113,2012-06-07,6.528,1621,Available
"[18, 53, 10749]",2149,Body of Evidence,en,Body of Evidence,4.8593,1993-01-15,4.986,350,Available
"[35, 10749]",11584,Roxanne,en,Roxanne,4.7439,1987-06-19,6.432,716,Available
"[35, 18]",57988,Tørres Snørtevold,no,Tørres Snørtevold,5.0192,1940-12-26,7.4,5,Available
[],142311,Vier Töchter,de,Vier Töchter,5.5644,2006-10-26,10.0,1,Available
"[27, 53, 9648]",77949,The Awakening,en,The Awakening,5.0563,2011-08-17,6.388,1545,Available
[18],266617,Flashback,sr,Vraćanje,4.9652,1997-07-08,4.0,2,Available
"[18, 36]",423899,Victoria & Abdul,en,Victoria & Abdul,4.965,2017-09-13,6.88,1228,Available
"[18, 10402]",3902,I'm Not There,en,I'm Not There,4.6832,2007-10-01,6.494,798,Available
"[18, 35]",1034196,Bulu Film,en,Bulu Film,4.9648,2022-09-09,0.0,0,Available
"[28, 16, 878, 14]",179932,Towa no Quon 4: The Roaring Anxiety,ja,トワノクオン 第四章 紅蓮の焦心,4.9645,2011-09-09,6.8,25,Available
"[28, 53, 12, 80]",564147,K.G.F: Chapter 1,kn,ಕೆಜಿಎಫ್ ಅಧ್ಯಾಯ ೧,4.9644,2018-12-20,7.508,299,Available
"[80, 53, 28, 18]",9546,Ricochet,en,Ricochet,4.9644,1991-10-04,6.084,384,Available
"[10402, 35, 18]",1180629,Kneecap,ga,Kneecap,4.9632,2024-08-02,7.298,307,Available
"[27, 9648, 53]",869291,Cuckoo,en,Cuckoo,4.9628,2024-02-16,5.722,576,Available
"[10749, 35]",344602,Tendre piège,fr,Tendre piège,4.9627,1996-05-10,10.0,1,Available
"[16, 12, 14, 878, 10751]",31352,Doraemon: Nobita and the Legend of the Sun King,ja,映画ドラえもん のび太の太陽王伝説,4.9626,2000-03-04,6.934,60,Available
"[35, 18]",1048923,Empire Waist,en,Empire Waist,4.9619,2024-09-27,7.73,63,Available
"[27, 53]",83,Open Water,en,Open Water,4.6028,2004-08-06,5.549,1162,Available
"[27, 53, 878]",390582,Here Alone,en,Here Alone,4.9611,2016-09-16,5.407,253,Available
"[18, 53, 9648]",54186,Confessions,ja,告白,4.961,2010-06-04,7.585,1022,Available
[],488515,The Execution,hu,A kivégzés,4.9608,2014-05-23,6.5,4,Available
[16],733442,Summer Story,en,Summer Story,4.9602,2017-05-12,0.0,0,Available
"[878, 35, 28, 14, 10402]",1751509,Hyper Misao Produce ~HYPE!3~,ja,ハイパーミサヲプロデュース興行『HYPE!3』,4.9598,2025-06-27,0.0,0,Available
"[35, 27, 878]",16296,Killer Klowns from Outer Space,en,Killer Klowns from Outer Space,4.9596,1988-05-27,6.664,1213,Available
"[18, 27, 53]",22536,Thirst,ko,박쥐,4.9595,2009-04-30,7.1,1121,Available
"[18, 10749]",64586,Sleeping Beauty,en,Sleeping Beauty,4.9885,2011-06-10,5.378,698,Available
[18],994118,Under Control,fr,Sous contrôle,4.856,2023-09-20,0.0,0,Available
[18],33997,Desert Flower,en,Desert Flower,4.8193,2009-09-24,7.595,500,Available
[35],9536,Bio-Dome,en,Bio-Dome,4.2587,1996-01-12,4.624,423,Available
"[80, 18]",8438,Murder in the First,en,Murder in the First,4.7896,1995-01-20,7.139,630,Available
"[10749, 12, 18]",488,The African Queen,en,The African Queen,4.6466,1952-01-07,7.334,1090,Available
"[35, 18, 27, 53]",4241,Visitor Q,ja,ビジターQ,4.5986,2001-03-17,6.327,560,Available
[27],65891,The Dunwich Horror,en,The Dunwich Horror,3.5091,1970-01-14,5.352,128,Available
"[18, 80, 53]",354979,Dog Eat Dog,en,Dog Eat Dog,4.796,2016-11-04,5.13,393,Available
[99],439296,Guarnieri,pt,Guarnieri,4.8805,2017-01-28,7.2,3,Available
[35],11566,Dave,en,Dave,4.7022,1993-05-07,6.648,861,Available
"[27, 53]",1476740,Influencers,en,Influencers,4.7291,2025-07-26,6.215,130,Available
[28],1539746,President Down,en,President Down,4.2829,2025-08-29,5.281,16,Available
[99],439309,Corpo Delito,pt,Corpo Delito,4.6002,2017-01-28,5.9,4,Available
[27],1728851,Hotel Stories,es,Hotel Stories,5.8329,2022-07-09,0.0,0,Available
"[28, 35]",10117,Action Jackson,en,Action Jackson,4.7418,1988-02-12,5.515,297,Available
"[18, 10749]",481836,Two Mothers,ko,두 엄마,5.2195,2017-08-01,7.0,7,Available
[18],15487,The Greatest Game Ever Played,en,The Greatest Game Ever Played,5.0048,2005-09-30,7.3,554,Available
"[80, 18, 53]",97614,Deadfall,en,Deadfall,4.7921,2012-11-08,5.966,745,Available
"[27, 878]",10787,The Invisible Man,en,The Invisible Man,4.1981,1933-10-31,7.512,983,Available
"[10749, 35, 53]",1339658,"Oh, Hi!",en,"Oh, Hi!",4.6944,2025-07-25,6.271,192,Available
"[18, 10749]",10436,The Age of Innocence,en,The Age of Innocence,4.5449,1993-09-10,7.0,1245,Available
[27],26953,Puppetmaster,en,Puppetmaster,5.5271,1989-10-12,5.9,405,Available
"[10749, 35]",6961,The Wedding Date,en,The Wedding Date,4.1369,2005-02-04,6.812,1277,Available
"[35, 18]",348678,A Man Called Ove,sv,En man som heter Ove,4.3644,2015-12-25,7.606,1358,Available
"[12, 10751, 14]",11533,Jason and the Argonauts,en,Jason and the Argonauts,4.5836,1963-06-13,7.171,723,Available
"[18, 53]",9445,Apt Pupil,en,Apt Pupil,4.9438,1998-10-23,6.534,755,Available
[],1751949,Kinseimei shōbu monogatari: Kettō,ja,近世名勝負物語 血闘,4.5261,1953-10-14,0.0,0,Available
"[10749, 18]",19114,Endless Love,en,Endless Love,5.3264,1981-07-17,5.7,257,Available
[14],64530,Chinese Erotic Ghost Story,cn,玉女聊齋,4.8172,1998-06-12,5.933,15,Available
[18],514439,Breakthrough,en,Breakthrough,4.6269,2019-04-10,7.648,1155,Available
"[10751, 12]",81205,House Call,cs,Volání rodu,4.576,1979-01-26,8.5,2,Available
"[36, 18]",500006,Utøya: July 22,no,Utøya 22. juli,4.5563,2018-03-09,7.111,467,Available
[18],1208942,Dorobō Sodachi Dorobōi,ja,泥棒育ちドロボーイ,4.6737,1968-10-03,0.0,0,Available
"[99, 10402]",418027,Arctic Superstar,no,Arktisk superstjerne,4.8099,2016-01-19,6.0,1,Available
[35],1312150,Ricky Gervais: Mortality,en,Ricky Gervais: Mortality,4.6249,2025-12-29,6.99,105,Available
"[18, 53]",585759,The Coldest Game,pl,Ukryta gra,4.5284,2019-11-08,6.175,337,Available
"[35, 18, 10749]",9410,Great Expectations,en,Great Expectations,4.5663,1998-01-30,6.65,715,Available
"[10402, 35, 10749]",13320,Funny Face,en,Funny Face,4.4145,1957-02-13,6.977,748,Available
"[10752, 53]",345009,Mine,en,Mine,4.8105,2016-10-06,6.585,1366,Available
"[18, 28]",294993,Rise of the Legend,zh,黄飞鸿之英雄有梦,4.973,2014-11-20,6.4,227,Available
[18],374461,Mr. Church,en,Mr. Church,5.1263,2016-09-16,7.4,542,Available
[],208732,Pixelación Laboral,en,Pixelación Laboral,5.9094,2011-07-20,0.0,0,Available
[35],569028,Aparanmaar Nagarathil,ml,അപരന്മാർ നഗരത്തിൽ,4.5648,2001-12-31,7.0,1,Available
"[28, 12, 35, 10751]",10923,Agent Cody Banks,en,Agent Cody Banks,5.5511,2003-03-14,5.549,1195,Available
"[9648, 53]",832262,Force of Nature: The Dry 2,en,Force of Nature: The Dry 2,4.8904,2024-02-08,6.303,290,Available
[99],427215,The Mountain,es,La Montaña,5.7452,2013-10-24,0.0,0,Available
[53],649710,Shadow,es,La Sombra,5.5126,,0.0,0,Unknown
"[18, 10749]",508747,Us and Them,zh,后来的我们,4.8583,2018-04-28,7.531,177,Available
"[35, 14, 18]",42384,A Tale of Legendary Libido,ko,가루지기,4.5623,2008-04-30,5.7,49,Available
"[53, 9648]",80184,The Hidden Face,es,La cara oculta,4.2739,2011-09-16,7.3,1156,Available
"[18, 10749, 35]",3784,Frankie and Johnny,en,Frankie and Johnny,4.3616,1991-10-11,6.779,662,Available
"[35, 18, 10749]",49022,Something Borrowed,en,Something Borrowed,4.6384,2011-05-05,6.233,1111,Available
[18],1521346,Un hombre de verdad,es,Un hombre de verdad,4.9134,2026-06-12,4.0,1,Available
"[10402, 18]",440918,Teen Spirit,en,Teen Spirit,4.922,2019-04-12,6.042,369,Available
"[53, 878, 9648, 27]",273271,Time Lapse,en,Time Lapse,5.103,2014-05-18,6.539,1434,Available
"[10402, 35, 10749]",11424,High Society,en,High Society,4.7265,1956-07-17,6.837,273,Available
[27],1474133,The Tao Exorcist,zh,祭弒,3.7599,2026-04-30,3.0,3,Available
"[16, 878, 10751]",18890,We're Back! A Dinosaur's Story,en,We're Back! A Dinosaur's Story,5.0742,1993-11-24,6.092,457,Available
"[9648, 53]",1032178,Table 8,nl,Tafel 8,5.5785,,0.0,0,Unknown
"[18, 12, 10751]",508763,A Dog's Way Home,en,A Dog's Way Home,4.7698,2019-01-10,7.389,1198,Available
"[14, 12, 35]",14728,The Librarian: The Curse of the Judas Chalice,en,The Librarian: The Curse of the Judas Chalice,4.7325,2008-10-25,6.262,538,Available
"[18, 36]",98632,Antony and Cleopatra,en,Antony and Cleopatra,2.9333,1972-03-18,5.7,23,Available
"[53, 27]",10664,[REC]²,es,[REC]²,4.733,2009-09-15,6.6,2250,Available
[],1536583,CONNECT: Road to Conquest 5,ja,CONNECT 覇者への道　５,4.6596,2024-08-02,0.0,0,Available
"[18, 10752]",260528,De fûke,fy,De fûke,4.9387,2000-04-20,9.0,2,Available
[18],8489,Ali,en,Ali,4.2667,2001-12-10,6.743,1917,Available
"[35, 10749]",1601797,¿Quieres ser mi novia?,es,¿Quieres ser mi novia?,4.4884,2026-02-12,8.645,197,Available
"[18, 28, 36, 10752]",10839,Cross of Iron,en,Cross of Iron,4.7332,1977-01-28,7.135,498,Available
[35],16177,Killer Babes,nl,Moordwijven,4.7698,2007-12-20,5.4,30,Available
[99],984829,Mini DV,he,Mini DV,5.065,2022-06-06,1.0,2,Available
"[28, 18, 36]",365222,Ip Man 3,cn,葉問3,4.9941,2015-12-24,7.032,1970,Available
"[9648, 18, 53]",69668,Dream House,en,Dream House,5.0435,2011-09-29,6.204,1462,Available
[18],668878,El escándalo,es,El escándalo,6.8727,1920-01-01,6.0,3,Available
[99],14002,Baraka,en,Baraka,4.2218,1992-09-15,8.231,717,Available
"[18, 37]",3110,Shane,en,Shane,4.6988,1953-04-23,7.327,707,Available
"[18, 53]",533725,The Verdict,az,Hökm,5.8931,1994-01-01,0.0,0,Available
"[16, 10751, 35]",15653,An Extremely Goofy Movie,en,An Extremely Goofy Movie,4.7949,2000-02-29,6.5,718,Available
[18],110435,Clinic Exclusive,en,Clinic Exclusive,5.0714,1971-01-01,3.429,7,Available
[18],424225,The Sound of Concrete,hu,Betonzaj,4.7359,2015-03-25,0.0,0,Available
"[53, 80]",842934,Poker Face,en,Poker Face,5.2081,2022-11-16,5.567,448,Available
"[10749, 18]",1751779,Aarón,es,Aarón,5.8004,,0.0,0,Unknown
[35],286574,Interés variable,es,Interés variable,5.2085,2011-01-01,0.0,0,Available
[99],651970,Mother-Child,es,Niña mamá,5.884,2019-11-25,0.0,0,Available
"[18, 10749]",10644,The Unbearable Lightness of Being,en,The Unbearable Lightness of Being,4.1489,1988-02-05,6.839,537,Available
[18],11313,Hearts in Atlantis,en,Hearts in Atlantis,4.7895,2001-09-28,6.773,640,Available
"[80, 10749, 18, 53]",11027,The Postman Always Rings Twice,en,The Postman Always Rings Twice,4.4247,1981-03-20,6.504,575,Available
"[16, 28, 878]",39106,Dragon Ball Z: Bio-Broly,ja,ドラゴンボールＺ 超戦士撃破!!勝のはオレだ,4.7198,1994-07-09,5.8,577,Available
"[16, 12, 10751, 14]",560050,Over the Moon,en,Over the Moon,4.8539,2020-10-16,7.179,1427,Available
"[14, 10751, 12]",24961,The Wiz,en,The Wiz,4.6906,1978-10-24,6.215,325,Available
"[80, 18, 9648, 53, 10770]",379170,Sherlock: The Abominable Bride,en,Sherlock: The Abominable Bride,4.8355,2016-01-01,7.832,2371,Available
[99],311476,El General,es,El General,5.8429,2010-12-03,7.0,1,Available
"[53, 28, 18]",11983,Proof of Life,en,Proof of Life,4.6647,2000-12-08,6.16,899,Available
"[16, 12, 10751]",15997,The Land Before Time II: The Great Valley Adventure,en,The Land Before Time II: The Great Valley Adventure,4.9934,1994-12-12,6.293,615,Available
"[37, 80]",668813,The Guitarist and the Rancher,ja,口笛が流れる港町,4.6705,1960-01-03,0.0,0,Available
[28],26127,Joshua Tree,en,Joshua Tree,4.3081,1993-04-08,6.165,185,Available
[27],1512010,Parasomnia,en,Parasomnia,6.4887,2025-08-22,10.0,1,Available
[99],925271,Crazy Loco,en,Salomon Snowboards presents Crazy Loco | A Short Film Following Jed Anderson,4.0152,2014-09-23,0.0,0,Available
"[35, 80]",650783,The Comeback Trail,en,The Comeback Trail,4.5268,2020-11-12,5.845,380,Available
"[18, 36, 53]",451184,Wasp Network,en,Wasp Network,4.5926,2020-01-29,6.053,418,Available
"[18, 53]",109145,Perfect Education 6,ja,完全なる飼育　赤い殺意,5.0067,2004-09-18,4.75,4,Available
"[12, 16, 35, 10751]",1591771,Zootopia 3,en,Zootopia 3,4.5624,,0.0,0,Unknown
"[35, 18]",578883,Flight Attendant: Scandal,ja,スチュワーデス・スキャンダル　獣のように抱きしめて,4.5938,1984-03-16,5.1,7,Available
"[28, 16]",116776,Dragon Ball: Mystical Adventure,ja,ドラゴンボール 魔訶不思議大冒険,4.6005,1988-07-09,6.676,315,Available
"[16, 10751, 35]",77887,Hawaiian Vacation,en,Hawaiian Vacation,4.797,2011-06-16,6.961,731,Available
"[878, 28, 12]",1757445,X-Communicado,en,X-Communicado,5.5614,2026-09-26,0.0,0,Available
"[53, 80, 18, 9648]",8512,Devil in a Blue Dress,en,Devil in a Blue Dress,4.625,1995-09-29,6.455,476,Available
"[10751, 28, 12, 35, 14, 878]",6589,Underdog,en,Underdog,4.4498,2007-08-03,5.554,781,Available
[18],206763,Nazaré,pt,Nazaré,5.8113,1952-12-12,6.9,8,Available
"[18, 10749]",21135,L'Eclisse,it,L'eclisse,4.7699,1962-04-13,7.7,559,Available
"[18, 53]",390051,Aftermath,en,Aftermath,4.4585,2017-02-28,5.7,984,Available
"[28, 878, 16]",452970,Mazinger Z: Infinity,ja,劇場版 マジンガーZ ／ INFINITY,4.8995,2017-10-27,6.987,353,Available
"[10749, 37]",11853,Bad Girls,en,Bad Girls,4.8966,1994-04-22,5.347,274,Available
[18],1590037,Burza,pl,Burza,5.1667,2026-09-05,0.0,0,Available
[],1118622,Pray,en,Pray,4.6114,,0.0,0,Unknown
"[80, 35]",53172,Henry's Crime,en,Henry's Crime,4.7622,2010-01-14,5.827,395,Available
[28],8975,The Marine,en,The Marine,4.9263,2006-10-13,5.972,864,Available
"[80, 18, 10770]",363992,The Wizard of Lies,en,The Wizard of Lies,4.9261,2017-05-11,6.588,673,Available
"[16, 10751]",74147,The Little Engine That Could,en,The Little Engine That Could,4.926,2011-03-22,6.2,17,Available
"[16, 10751]",123291,Twinkle Toes,en,Twinkle Toes,4.9248,2011-10-15,6.0,6,Available
[35],262391,Serial (Bad) Weddings,fr,Qu'est-ce qu'on a fait au Bon Dieu ?,4.9246,2014-04-16,6.658,3549,Available
[18],585534,Morning Moon Is Cruel,ja,モーニング・ムーンは粗雑に,4.9242,1981-06-21,4.3,3,Available
"[16, 10749, 14, 28, 18]",390635,Fate/stay night: Heaven's Feel III. Spring Song,ja,劇場版「Fate/stay night [Heaven’s Feel]」Ⅲ.spring song,4.9242,2020-08-15,7.7,207,Available
"[10752, 28]",452557,Wolf Warrior 2,zh,战狼2,4.9236,2017-07-27,6.483,345,Available
"[10749, 35, 28]",205022,Chennai Express,hi,Chennai Express,4.9236,2013-08-08,6.503,400,Available
"[35, 10749]",514619,Nobody's Fool,en,Nobody's Fool,4.923,2018-10-31,6.049,298,Available
[18],426631,Año cero,es,Año cero,4.9227,2016-11-18,4.7,3,Available
[],1022067,The Dawn of Judo,ja,柔道開眼,4.9223,1955-09-28,0.0,0,Available
"[10751, 16, 18]",16366,Joseph: King of Dreams,en,Joseph: King of Dreams,4.9219,2000-11-07,6.91,1095,Available
[],409994,Tomorrow,en,Mañana,4.9212,2005-01-01,5.5,4,Available
[18],336000,The Glass Castle,en,The Glass Castle,4.9209,2017-08-11,7.099,917,Available
[16],452615,Monument,de,Monument,4.9204,1990-03-23,5.0,2,Available
[],177089,Femme écrite,en,Femme écrite,4.9203,2012-01-13,0.0,0,Available
[],1748749,Selekoh Terakhir,en,Selekoh Terakhir,4.9201,2018-01-01,0.0,0,Available
"[35, 80]",10729,Quick Change,en,Quick Change,4.92,1990-07-13,6.689,427,Available
"[28, 53, 18]",1124838,Kingdom,te,కింగ్డమ్‌,4.9197,2025-07-30,6.061,33,Available
"[28, 35, 27, 878]",135150,Capitaine X,fr,Capitaine X,4.8429,1994-01-01,6.545,11,Available
[18],575824,Men of Hard Skin,es,Hombres de piel dura,6.5619,2019-06-20,6.0,44,Available
[18],1154730,La Gradiva,fr,La Gradiva,4.9491,2026-10-21,0.0,0,Available
[18],285234,Miss Julie,sv,Fröken Julie,5.5884,1912-01-19,9.0,1,Available
"[18, 53]",1802,La Cérémonie,fr,La Cérémonie,4.6972,1995-08-30,7.3,412,Available
"[12, 18, 878]",943134,The Animal Kingdom,fr,Le Règne animal,4.4907,2023-10-04,6.947,968,Available
"[12, 10751, 10770]",26612,Treasure Island,en,Treasure Island,5.1252,1990-06-07,6.663,156,Available
"[35, 10749]",1431804,40 Dates and 40 Nights,en,40 Dates and 40 Nights,4.9244,2026-06-16,7.0,24,Available
"[27, 28, 878]",56832,Gantz,ja,Gantz,4.6909,2010-11-29,6.553,350,Available
"[28, 35, 80]",14943,Crows Zero,ja,クローズZERO,4.98,2007-10-26,7.1,400,Available
"[878, 53]",916728,Slingshot,en,Slingshot,4.7724,2024-08-30,6.073,266,Available
[12],299385,Der Bagnosträfling,de,Der Bagnosträfling,4.9443,1949-08-26,7.0,1,Available
"[9648, 27]",10349,The Dark Half,en,The Dark Half,4.6557,1993-04-23,5.973,484,Available
"[16, 35]",531427,Balloons,en,Balloons,4.6368,2007-01-01,0.0,0,Available
"[53, 28, 35, 80]",1613,The 51st State,en,The 51st State,4.6051,2001-12-07,6.085,694,Available
"[27, 53, 10749]",1399159,Andrew,en,Andrew,5.0876,2024-12-13,0.0,0,Available
"[14, 18, 9648]",5961,Fanny and Alexander,sv,Fanny och Alexander,3.7118,1982-12-17,7.763,909,Available
"[28, 53]",35739,Do or Die,en,Do or Die,3.7813,1991-06-28,4.33,47,Available
"[27, 10749, 14]",1341133,Au-delà,fr,Au-delà,4.2426,,0.0,0,Unknown
[99],683412,Río arriba,es,Río arriba,5.4643,2005-03-13,8.5,2,Available
[],997584,Elegy,fa,Agi,4.8699,2015-02-15,0.0,0,Available
"[10749, 35]",13596,My Best Friend's Girl,en,My Best Friend's Girl,4.7454,2008-09-19,5.643,815,Available
[35],595813,Barb & Star Go to Vista Del Mar,en,Barb & Star Go to Vista Del Mar,4.1108,2021-03-29,6.028,281,Available
[35],15544,Extreme Movie,en,Extreme Movie,4.6875,2008-12-05,4.364,210,Available
"[28, 80, 53, 9648]",549590,Ordinary People,ko,동네사람들,4.8354,2018-11-07,7.595,116,Available
"[12, 35]",297725,The Man Who Killed Don Quixote,en,The Man Who Killed Don Quixote,5.1631,2018-05-19,6.726,1098,Available
"[10751, 16, 35]",532,A Close Shave,en,A Close Shave,4.6029,1996-03-07,7.595,969,Available
"[80, 18, 9648]",914081,The Politicians,ja,迷走地図,4.4455,1983-10-22,0.0,0,Available
"[80, 28, 18]",581526,Deliver Us from Evil,ko,다만 악에서 구하소서,4.6082,2020-08-05,6.868,243,Available
"[18, 10402]",869741,Rain Walk Through Sun and Moon,pt,Andarilho Antepassado,4.9124,2021-08-25,0.0,0,Available
[],948972,Piège blond,fr,Piège blond,5.1611,1970-12-20,3.0,1,Available
[99],1675262,Why Religion?,en,Why Religion?,6.3607,2026-08-30,0.0,0,Available
"[14, 27, 9648, 53]",9706,The Spiral,ja,らせん,4.5753,1998-01-31,5.388,170,Available
[18],1272129,The King of the Internet,pt,O Rei da Internet,3.7482,2026-04-22,7.333,9,Available
"[99, 12]",659536,Yukon Quest,fr,Yukon Quest,4.7322,2003-01-01,0.0,0,Available
"[27, 53]",637969,Ravage,en,Ravage,4.9046,2020-08-14,5.324,88,Available
"[16, 12, 10751, 878, 14, 35]",137227,Doraemon: Nobita and the New Steel Troops: Winged Angels,ja,映画ドラえもん 新・のび太と鉄人兵団 ～はばたけ 天使たち～,4.657,2011-03-05,7.375,88,Available
"[12, 35, 28]",1284186,Sacrifice,en,Sacrifice,4.9125,2026-04-09,4.8,8,Available
[35],41013,Purple Lilacs,hu,Lila akác,5.1367,1934-09-06,7.0,5,Available
[18],228970,Wild,en,Wild,4.8079,2014-12-05,7.008,2728,Available
"[28, 80, 53]",7500,Sonatine,ja,Sonatine,4.5117,1993-09-10,7.513,705,Available
"[99, 16]",1189884,Hölderlin’s Echo,de,Hölderlins Echo,5.073,2023-10-19,0.0,0,Available
"[16, 10751, 35, 12, 9648]",370567,Sherlock Gnomes,en,Sherlock Gnomes,4.551,2018-03-15,5.734,786,Available
"[18, 35]",52667,Jolly Life,tr,Neşeli Hayat,5.2196,2009-11-27,5.707,58,Available
"[28, 12]",42845,The Blade,cn,刀,4.6446,1995-12-21,7.1,127,Available
[18],702177,Macbeth,en,Macbeth,5.4188,2011-05-06,6.0,1,Available
[18],236751,Heaven Is for Real,en,Heaven Is for Real,4.4638,2014-04-16,6.804,904,Available
"[14, 28, 35]",9050,A Chinese Ghost Story II,cn,倩女幽魂II人間道,4.6862,1990-07-13,6.79,145,Available
"[18, 9648, 53]",1052,Blow-Up,en,Blow-Up,4.8139,1966-12-18,7.309,1408,Available
"[18, 10749, 35]",1631917,18th Rose,tl,18th Rose,5.1039,2026-04-09,7.9,31,Available
[18],414175,BR 716,pt,BR 716,4.8129,2016-11-17,6.2,9,Available
"[18, 10749]",625976,It Feels So Good,ja,火口のふたり,4.0719,2019-08-23,6.6,49,Available
"[9648, 27, 53]",1977,The Grudge 3,en,The Grudge 3,4.9931,2009-05-12,5.439,676,Available
[99],1044061,"Eric Carle, Picture Writer: The Art of the Picture Book",en,"Eric Carle, Picture Writer: The Art of the Picture Book",6.803,2011-06-15,0.0,0,Available
"[35, 28, 12]",11891,Kung Pow: Enter the Fist,en,Kung Pow: Enter the Fist,4.6265,2002-01-25,6.541,811,Available
[],1108516,Hasna' albadia,ar,Hasna' albadia,5.2007,1964-04-01,0.0,0,Available
"[16, 10751, 12, 14]",13285,Barbie Fairytopia: Mermaidia,en,Barbie Fairytopia: Mermaidia,4.8005,2006-03-14,6.891,750,Available
"[18, 9648, 80]",285447,Der Mörder,de,Der Mörder,5.4273,1979-10-18,8.0,2,Available
"[80, 18, 53, 10749]",10155,U Turn,en,U Turn,4.8012,1997-10-03,6.603,839,Available
"[27, 53]",1461254,Salmokji: Whispering Water,ko,살목지,4.5446,2026-04-08,5.96,25,Available
[35],239573,Unfinished Business,en,Unfinished Business,4.7622,2015-03-05,5.442,892,Available
[],1533660,"Goodbye, Luca",es,"Adiós, Luca",6.3105,,0.0,0,Unknown
"[35, 18]",1369286,What is Love?,fr,C’est quoi l’amour ?,5.2799,2026-05-06,6.2,43,Available
"[99, 36]",123570,Changing Landscapes,fr,L'Ère industrielle : Métamorphoses du paysage,5.8997,1964-01-01,7.4,11,Available
"[18, 27]",307108,The Heat,pl,Żar,6.1625,2013-07-30,2.0,2,Available
[],205001,Lost Heritage,fr,Héritage perdu,6.1895,2010-09-02,0.0,0,Available
"[27, 53]",978796,Bagman,en,Bagman,4.6604,2024-09-20,6.074,467,Available
"[35, 80, 27]",24922,Ebola Syndrome,cn,伊波拉病毒,5.0269,1996-06-15,6.418,159,Available
[18],669501,Hotel Mundial,pt,Hotel Mundial,6.3572,2019-03-03,0.0,0,Available
[53],44363,Frozen,en,Frozen,4.273,2010-02-05,6.002,2049,Available
"[16, 28, 10752, 14]",553839,Saga of Tanya the Evil: The Movie,ja,劇場版 幼女戦記,4.7517,2019-02-08,8.066,211,Available
"[18, 12]",472221,The Goat Life,ml,ആടുജീവിതം,4.5473,2024-03-28,7.34,72,Available
"[28, 80, 53]",180894,Ninja: Shadow of a Tear,en,Ninja: Shadow of a Tear,4.8784,2013-12-27,6.714,442,Available
"[27, 9648, 53]",10885,Shutter,en,Shutter,4.3621,2008-03-21,5.537,841,Available
"[80, 28, 53]",518963,Believer,ko,독전,4.5649,2018-05-22,7.179,196,Available
[],271443,Les guérisseurs,fr,Les guérisseurs,5.2808,1988-01-02,8.0,1,Available
"[10751, 35, 14, 878]",11548,*batteries not included,en,*batteries not included,4.3153,1987-12-18,6.733,831,Available
[10749],669204,"I Was a ""Secret Bitch""",ja,“隠れビッチ”やってました。,4.3257,2019-12-06,5.0,7,Available
[35],1655690,DERNIER REQUIEM,fr,DERNIER REQUIEM,6.0433,2023-03-03,0.0,0,Available
"[35, 10751, 18]",333348,Love the Coopers,en,Love the Coopers,4.7807,2015-11-12,6.003,874,Available
"[878, 28]",733317,Monsters of Man,en,Monsters of Man,4.8577,2020-11-19,6.409,445,Available
[99],1535695,El Túnel,es,El Túnel,5.5589,2025-10-01,0.0,0,Available
"[12, 14, 35, 10751]",1319969,Sketch,en,Sketch,4.4087,2025-07-28,7.056,136,Available
[18],632617,C'mon C'mon,en,C'mon C'mon,4.9326,2021-11-19,7.1,793,Available
[18],1254055,This Day's Life,ja,今日のいのち,4.5801,1957-06-26,8.0,1,Available
"[80, 28, 53, 35]",554972,Unstoppable,ko,성난황소,5.009,2018-11-22,7.637,241,Available
[18],249164,If I Stay,en,If I Stay,4.5766,2014-08-21,7.343,4356,Available
"[18, 36]",457232,Lamborghini: The Man Behind the Legend,en,Lamborghini: The Man Behind the Legend,4.9886,2022-11-17,6.412,758,Available
"[10749, 18]",479649,The Conquest,fr,La conquête,5.6211,1973-02-16,6.0,4,Available
"[28, 14, 10749]",39915,Green Snake,cn,青蛇,5.4114,1993-11-04,7.275,131,Available
"[18, 10749]",753012,Outing 3,ko,외출 3,4.9057,2020-09-25,4.0,1,Available
[27],367108,Arrêt Pipi,nl,Arrêt Pipi,4.4886,2015-10-31,5.8,15,Available
"[16, 35, 12, 80, 10402]",3179,Beavis and Butt-Head Do America,en,Beavis and Butt-Head Do America,4.2791,1996-12-20,6.635,799,Available
[],390962,Immer müder,en,Immer müder,4.7389,2015-04-15,6.0,1,Available
"[878, 28, 53]",10724,Firefox,en,Firefox,4.8955,1982-06-18,6.07,642,Available
"[878, 12]",5137,Sky Captain and the World of Tomorrow,en,Sky Captain and the World of Tomorrow,4.8953,2004-09-17,5.898,1419,Available
"[18, 28, 53, 80]",2463,Running Out of Time,cn,暗戰,4.8953,1999-09-23,7.327,173,Available
"[53, 35, 36]",1296404,Good News,ko,굿뉴스,4.8952,2025-09-05,6.97,101,Available
"[10749, 35]",10478,Tin Cup,en,Tin Cup,4.8951,1996-08-16,6.077,606,Available
"[80, 18]",690,Pickpocket,fr,Pickpocket,4.895,1959-12-16,7.277,583,Available
[18],727293,The Tender Bar,en,The Tender Bar,4.8949,2021-12-17,6.557,631,Available
"[27, 9648]",359246,Hell House LLC,en,Hell House LLC,4.8949,2015-10-16,6.481,675,Available
"[28, 35]",572164,EXIT,ko,엑시트,4.8947,2019-07-31,7.62,316,Available
[18],766798,Parallel Mothers,es,Madres paralelas,4.894,2021-10-08,6.786,1061,Available
[18],399031,Happy End,fr,Happy End,4.8937,2017-06-21,6.192,443,Available
"[27, 53]",1468417,First Moon,zh,First Moon,4.8936,2025-05-06,4.3,62,Available
"[16, 18, 28, 53]",51106,You're Under Arrest: The Motion Picture,ja,逮捕しちゃうぞ the MOVIE,4.8933,1999-04-29,6.0,20,Available
"[35, 80, 28]",10723,Bulletproof,en,Bulletproof,4.8933,1996-09-06,5.83,675,Available
"[35, 18, 10749]",11010,The Postman,it,Il postino,4.893,1994-09-22,7.91,1247,Available
"[14, 12]",527400,Come Away,en,Come Away,4.8924,2020-11-12,5.82,323,Available
"[80, 18]",31602,The Chase,en,The Chase,4.8924,1966-02-18,7.071,336,Available
"[35, 12]",1757171,Raleigh Vs.,en,Raleigh Vs.,4.8922,,0.0,0,Unknown
"[27, 18, 9648]",1364953,Mārama,en,Mārama,4.8922,2026-04-17,6.222,36,Available
"[35, 18]",467956,The Professor,en,The Professor,4.8915,2019-05-10,6.817,1285,Available
"[10749, 35]",611213,The Prom,en,The Prom,4.0897,2020-12-02,6.084,722,Available
"[28, 80, 18]",781732,Animal,hi,Animal,4.4611,2023-12-01,6.156,208,Available
"[53, 80, 18]",939979,Paradise Highway,en,Paradise Highway,4.3481,2022-07-29,5.873,212,Available
[35],12657,Soul Plane,en,Soul Plane,4.9695,2004-05-28,5.507,515,Available
[35],34803,Death at a Funeral,en,Death at a Funeral,4.8173,2010-04-15,5.878,1097,Available
"[18, 10751]",14635,The Rookie,en,The Rookie,4.6357,2002-03-25,6.797,505,Available
[99],636255,When Pride Came to Town,no,Bygdehomo,4.8455,2018-06-24,0.0,0,Available
[99],334774,On Probation,hu,A pártfogolt,5.147,1983-04-07,7.0,1,Available
[18],372873,Estranhas Relações,pt,Estranhas Relações,4.9472,1983-12-15,7.0,1,Available
"[10751, 10402, 10770]",114955,Let It Shine,en,Let It Shine,4.4432,2012-06-15,6.965,325,Available
[10402],177723,Paris by Night 76: Spring Away From Home,vi,Paris By Night 76 - Xuân Tha Hương,4.0235,2004-10-30,0.0,0,Available
"[27, 9648, 53]",10768,The Final Conflict,en,The Final Conflict,4.9511,1981-03-20,5.807,667,Available
"[27, 18, 9648]",8617,Prom Night,en,Prom Night,5.1634,2008-04-10,5.071,805,Available
"[10749, 18]",526811,Simple Passion,fr,Passion simple,4.8118,2021-01-14,5.799,122,Available
[18],42113,The Ballad of Narayama,ja,楢山節考,4.4092,1983-04-29,7.5,210,Available
[18],244197,Ingaló,is,Ingaló,4.8384,1992-02-08,6.6,5,Available
[18],85044,Woman of Rome,it,La romana,5.4497,1954-10-27,6.1,24,Available
"[35, 18, 10749]",16614,Adventureland,en,Adventureland,4.281,2009-04-03,6.397,2412,Available
"[878, 28, 12, 53]",460648,Bleeding Steel,zh,机器之血,4.6059,2017-12-18,5.985,584,Available
"[80, 18, 53, 36]",716594,No Man of God,en,No Man of God,4.6097,2021-08-19,6.578,345,Available
[18],408051,Pasión cibernética,es,Pasión cibernética,5.0532,2007-04-02,0.0,0,Available
"[18, 10770]",555975,Shut Down,en,Shut Down,5.8166,1973-11-29,0.0,0,Available
"[18, 10749]",387810,Hot Neighbors,ko,뜨거운 이웃,4.5903,2016-01-28,4.9,6,Available
"[35, 36]",1650556,To Be,en,To Be,5.3434,2026-04-18,0.0,0,Available
"[18, 36, 53]",517991,The Spy Gone North,ko,공작,6.1204,2018-08-08,7.342,225,Available
"[18, 10770]",536330,Teatermakaren,sv,Teatermakaren,5.1896,1991-10-13,9.0,1,Available
"[28, 18, 10752]",1169537,Batwara 1947,hi,बटवारा १९४७,4.2753,2026-08-13,6.0,1,Available
[16],570501,Nights in the Boulevard,hu,Körúti esték,5.6307,1972-01-01,6.25,8,Available
"[12, 28, 18]",845111,The Three Musketeers: Milady,fr,Les Trois Mousquetaires : Milady,5.1806,2023-12-13,6.375,863,Available
[18],1636700,Red Beard,ja,Akahige,4.7852,1997-01-01,0.0,0,Available
[35],36414,Ball Lightning,cs,Kulový blesk,5.0179,1979-08-10,7.348,23,Available
[35],12695,Still Smokin,en,Still Smokin,5.1854,1983-05-06,5.325,123,Available
"[28, 14, 53, 37, 27]",523638,Prisoners of the Ghostland,en,Prisoners of the Ghostland,5.0396,2021-08-31,4.995,682,Available
"[53, 18, 27, 9648]",18256,Castle Freak,en,Castle Freak,4.3096,1996-04-20,6.103,247,Available
[35],87567,The Big Wedding,en,The Big Wedding,4.3058,2013-04-25,5.84,1233,Available
[10749],1392193,Shutter Love,fr,Shutter Love,5.6497,2023-11-26,0.0,0,Available
[],735879,The Void of Maws,es,Las fauces,5.6548,2020-08-22,0.0,0,Available
[35],1529419,Kumail Nanjiani: Night Thoughts,en,Kumail Nanjiani: Night Thoughts,4.6635,2025-12-19,7.238,21,Available
"[9648, 14, 27]",78381,Twixt,en,Twixt,4.2079,2011-09-10,5.111,338,Available
"[9648, 53]",10685,The Watcher,en,The Watcher,4.6192,2000-09-08,5.143,563,Available
"[53, 28, 9648]",404733,Overdrive,en,Overdrive,4.9514,2017-06-16,6.1,1022,Available
[18],393457,Fences,en,Fences,4.663,2016-12-16,6.894,2856,Available
"[16, 28, 12, 14, 10749]",968868,Pretty Guardian Sailor Moon Cosmos the Movie Part 1,ja,劇場版 美少女戦士セーラームーンCosmos 前編,5.3682,2023-06-09,7.372,74,Available
"[18, 36]",777270,Belfast,en,Belfast,4.1377,2021-11-12,7.03,1730,Available
"[28, 80, 18, 53]",294652,Son of a Gun,en,Son of a Gun,4.6919,2014-10-16,6.442,881,Available
"[80, 18, 53]",507532,Finestkind,en,Finestkind,4.7235,2023-09-08,6.854,353,Available
[18],438610,Anguish,pt,Angústia,5.3447,2016-06-23,10.0,1,Available
[99],1215699,Beyond Silence,en,Beyond Silence,6.4362,2023-12-09,0.0,0,Available
[10749],894753,Narrow Nambul,ko,내로남불,4.3582,2020-01-01,5.0,1,Available
"[10751, 35]",10107,Firehouse Dog,en,Firehouse Dog,5.0093,2007-04-04,6.209,206,Available
"[12, 16, 10751]",15657,Tarzan II,en,Tarzan II,5.6033,2005-06-13,6.095,1262,Available
[],1631657,Astral Pegasus,en,Astral Pegasus,4.8368,2020-01-01,0.0,0,Available
"[35, 10749, 10770]",46830,Poison Ivy,en,Poison Ivy,5.2748,1985-02-10,6.0,28,Available
[18],12498,Sling Blade,en,Sling Blade,4.8214,1996-08-30,7.541,888,Available
"[10751, 16, 14]",110416,Song of the Sea,en,Song of the Sea,4.7396,2014-06-23,8.0,1618,Available
"[27, 9648]",609972,Paranormal Activity: Next of Kin,en,Paranormal Activity: Next of Kin,4.7827,2021-10-29,6.139,795,Available
"[27, 53, 9648]",814800,Goodnight Mommy,en,Goodnight Mommy,4.8756,2022-09-16,6.299,581,Available
[18],1059007,Agra,hi,Agra,4.8753,2025-11-14,5.0,5,Available
"[10749, 35, 18]",1363899,True Beauty: The Movie - Part 1,ja,女神降臨 Before,4.8752,2025-03-20,7.0,9,Available
[18],9701,North Country,en,North Country,4.8751,2005-02-12,7.257,757,Available
"[99, 18]",656690,The Social Dilemma,en,The Social Dilemma,4.8732,2020-01-26,7.46,1842,Available
[99],1240443,Easter Island Origins,en,Easter Island Origins,4.8729,2024-02-07,7.2,5,Available
[99],716105,The brother,fr,Le frère,4.8722,2021-10-01,0.0,0,Available
[],674354,Slow Mirror,hu,Lassú tükör,4.8719,2007-02-02,8.0,1,Available
"[28, 12, 53]",24546,Into the Sun,en,Into the Sun,4.8714,2005-11-26,4.529,174,Available
"[18, 10749, 28]",1535392,Malaikat Malam,ms,Malaikat Malam,4.8704,2026-03-26,7.3,3,Available
"[10749, 18, 35]",912916,The Other Zoey,en,The Other Zoey,4.8702,2023-10-19,6.962,506,Available
"[27, 878, 18, 53]",523936,Meander,fr,Méandre,4.8701,2021-07-01,5.853,490,Available
"[53, 16, 28, 35, 27, 9648]",75624,Naruto Shippuden the Movie: Blood Prison,ja,劇場版 NARUTO -ナルト- ブラッド・プリズン,4.8701,2011-07-30,7.246,711,Available
"[27, 9648]",290637,Pay the Ghost,en,Pay the Ghost,4.87,2015-09-16,5.383,826,Available
[37],22201,Gunfight at the O.K. Corral,en,Gunfight at the O.K. Corral,4.8696,1957-05-30,6.997,396,Available
"[80, 18, 53]",7457,Alpha Dog,en,Alpha Dog,4.8695,2006-01-27,6.652,1555,Available
[99],1412113,Squid Game: Making Season 2,ko,오징어 게임: 시즌2 제작 이야기,4.8694,2025-01-02,8.341,459,Available
[99],808561,Ramon,es,Ramón,4.8684,2020-03-05,0.0,0,Available
"[35, 10749]",4967,Keeping the Faith,en,Keeping the Faith,4.8678,2000-04-14,6.119,687,Available
"[878, 28, 53]",434853,Space/Time,en,Space/Time,4.8673,2025-06-25,5.838,71,Available
"[35, 18]",1276704,53 Sundays,es,53 domingos,4.8672,2026-03-26,5.92,75,Available
"[53, 80, 36]",1492640,UNABOMBER,en,UNABOMBER,4.8669,2026-09-25,0.0,0,Available
"[35, 18]",6963,The Weather Man,en,The Weather Man,4.8669,2005-10-20,6.147,1125,Available
[18],207282,The Swamp Wader,lv,Purva bridējs,4.8662,1966-07-13,5.2,4,Available
"[18, 10751]",800622,Shikhandi Kotha,bn,Shikhandi Kotha,4.8658,2013-04-19,0.0,0,Available
"[35, 80]",3172,Bandits,en,Bandits,4.8654,2001-10-12,6.295,1150,Available
"[35, 18, 10749]",20770,But I'm a Cheerleader,en,But I'm a Cheerleader,4.8653,2000-07-07,7.1,882,Available
[99],721934,Invisible Men,pt,Homens invisíveis,4.8652,2020-07-01,0.0,0,Available
[35],73937,The Big Year,en,The Big Year,4.8652,2011-10-13,5.998,911,Available
"[18, 12, 53]",10669,Deliverance,en,Deliverance,4.865,1972-08-18,7.313,1866,Available
"[80, 18, 53]",10363,Purple Noon,fr,Plein soleil,4.8647,1960-03-10,7.56,620,Available
[18],1629382,Street Flow 3,fr,Banlieusards 3,4.8646,2026-03-04,6.049,61,Available
"[27, 53]",146203,The Last Exorcism Part II,en,The Last Exorcism Part II,4.8644,2013-02-28,4.667,612,Available
[35],355830,Gala-Suit,hu,Díszmagyar,4.8642,1949-08-23,7.0,1,Available
"[18, 28, 53]",70057,Dragon,zh,武俠,4.8641,2011-07-04,6.874,325,Available
"[18, 10749]",859,Dangerous Liaisons,en,Dangerous Liaisons,4.8641,1988-12-21,7.205,1302,Available
"[878, 53, 9648]",675319,Zone 414,en,Zone 414,4.8639,2021-09-03,5.322,312,Available
[],487325,Siri-Ará,pt,Siri-Ará,4.8638,2008-11-21,0.0,0,Available
[18],1446033,On Summer Sand,ja,夏の砂の上,4.8634,2025-07-04,8.05,10,Available
"[28, 18, 80]",11344,A Bittersweet Life,ko,달콤한 인생,4.8634,2005-04-01,7.444,1031,Available
"[18, 80]",530250,A Turning to Hell,ja,地獄の曲り角,4.5393,1959-10-06,0.0,0,Available
"[27, 28, 53, 9648, 14]",24655,The Car,en,The Car,4.603,1977-05-12,6.375,339,Available
[99],1617805,Prompt: Make a Documentary,en,Prompt: Make a Documentary,3.5502,2026-07-19,0.0,0,Available
"[35, 27, 53]",653598,Spree,en,Spree,4.2377,2020-08-14,6.384,573,Available
"[35, 18, 10749]",9283,Beautiful Girls,en,Beautiful Girls,4.7398,1996-02-09,6.7,421,Available
[18],13416,Friday Night Lights,en,Friday Night Lights,4.9005,2004-10-08,6.904,647,Available
[35],91984,El man,es,El man,5.1682,2009-01-23,4.4,4,Available
"[10751, 35, 12, 16, 14]",20694,Rugrats Go Wild,en,Rugrats Go Wild,4.4503,2003-06-13,6.378,343,Available
"[18, 10770]",426851,Imagining America,en,Imagining America,3.4444,1989-11-19,6.5,2,Available
[27],11152,The Ruins,en,The Ruins,4.8971,2008-04-02,5.954,1486,Available
"[18, 53]",11306,Extreme Measures,en,Extreme Measures,4.5361,1996-09-27,6.012,362,Available
[99],1385055,Fire Film,xx,Fire Film,6.5501,1973-01-01,0.0,0,Available
[27],11377,House on Haunted Hill,en,House on Haunted Hill,4.5783,1999-10-29,5.622,980,Available
"[878, 53]",174675,The Machine,en,The Machine,5.0493,2013-04-25,5.892,890,Available
"[28, 53, 18, 14, 27]",1319951,40 Acres,en,40 Acres,4.6948,2025-07-02,6.71,167,Available
"[27, 9648]",744746,Caveat,en,Caveat,4.3468,2021-10-20,6.389,275,Available
[18],10397,Angela's Ashes,en,Angela's Ashes,4.4629,1999-12-25,7.321,360,Available
"[80, 18]",224982,Eddie & Suzanne,no,Eddie & Suzanne,4.8555,1975-09-10,5.333,3,Available
"[18, 9648, 878, 53]",11099,The Final Cut,en,The Final Cut,4.8553,2004-10-15,6.078,791,Available
"[35, 10749]",14030,"Hello, Dolly!",en,"Hello, Dolly!",4.8552,1969-12-12,6.978,405,Available
"[14, 18, 9648]",7797,Youth Without Youth,en,Youth Without Youth,4.8551,2007-10-26,6.121,248,Available
"[28, 18]",810132,Nommara 17,si,නොම්මර 17,4.8548,1989-07-21,0.0,0,Available
"[18, 35]",437494,The Wall,fr,Le Mur,4.8545,2015-06-03,10.0,1,Available
"[53, 18]",245698,Pawn Sacrifice,en,Pawn Sacrifice,4.8542,2015-09-16,6.743,1092,Available
[18],27569,Extraordinary Measures,en,Extraordinary Measures,4.8542,2010-01-21,6.297,357,Available
"[35, 80]",9490,Half Baked,en,Half Baked,4.854,1998-01-16,6.302,669,Available
"[28, 80, 9648, 53, 18]",823216,Red Stone,en,Red Stone,4.8535,2021-12-03,5.833,30,Available
[99],392512,Huracán,es,Huracán,4.8532,1958-01-01,0.0,0,Available
"[16, 28, 10751, 35]",870358,Merry Little Batman,en,Merry Little Batman,4.8527,2023-12-08,6.637,183,Available
"[28, 35, 80]",616446,Brothers,en,Brothers,4.8525,2024-10-10,5.883,351,Available
"[35, 18]",2196,Death at a Funeral,en,Death at a Funeral,4.8522,2007-08-17,6.92,1972,Available
"[18, 10751]",1476928,Na Willa,id,Na Willa,4.8519,2026-03-18,7.833,9,Available
"[35, 18]",63640,La trace,fr,La trace,4.8519,1983-12-21,6.0,3,Available
"[27, 53]",1130276,Succubus,en,Succubus,4.8518,2024-10-06,8.403,262,Available
"[12, 18, 10770]",2405,Joseph,en,Joseph,4.8518,1995-04-10,8.24,231,Available
"[10752, 18]",400182,The Ghost of Iwojima,ja,硫黄島,4.8516,1959-10-21,0.0,0,Available
"[27, 878]",9638,Phantasm,en,Phantasm,4.8512,1979-03-28,6.493,809,Available
[35],1568027,Checkout: The Movie,he,קופה ראשית: הסרט,4.4805,2026-06-17,6.25,4,Available
"[878, 9648, 53]",401371,Mute,en,Mute,4.9577,2018-02-23,5.571,1169,Available
[18],185605,Woman with Pierced Nipples,ja,乳首にピアスをした女,4.6247,1983-04-15,5.0,16,Available
[18],554230,The Lost Daughter,en,The Lost Daughter,4.4715,2021-12-15,6.445,1154,Available
"[28, 80]",586493,The Call of the Foghorn,ja,霧笛が俺を呼んでいる,4.4532,1960-07-09,9.0,1,Available
"[18, 10749]",475942,Aroni Tokhon,bn,Aroni Tokhon,5.251,2017-06-09,7.0,2,Available
[27],505058,Unfriended: Dark Web,en,Unfriended: Dark Web,4.7747,2018-07-19,6.29,1703,Available
"[28, 53, 10770]",939335,Muzzle,en,Muzzle,4.5558,2023-09-29,6.488,369,Available
"[35, 10749]",19840,"I Love You, Beth Cooper",en,"I Love You, Beth Cooper",4.8634,2009-07-10,6.051,1008,Available
[53],1699820,Vibeland Chronicles,en,Vibeland Chronicles,4.8867,2026-01-02,4.0,1,Available
[18],48231,A Dangerous Method,en,A Dangerous Method,4.6269,2011-09-30,6.35,2266,Available
"[53, 28, 12]",484468,The Wolf's Call,fr,Le Chant du loup,4.7119,2019-02-20,7.52,2195,Available
"[80, 53]",240916,Reasonable Doubt,en,Reasonable Doubt,4.4731,2014-01-17,5.812,606,Available
"[35, 10402, 10770]",44244,Camp Rock 2: The Final Jam,en,Camp Rock 2: The Final Jam,4.3367,2010-09-17,6.337,1602,Available
"[35, 16, 10751, 12]",8868,Asterix vs. Caesar,fr,Astérix et la Surprise de César,4.4781,1985-03-06,6.547,660,Available
[18],2355,Reign Over Me,en,Reign Over Me,5.0475,2007-03-22,7.216,1244,Available
"[16, 28, 53]",18881,Kite,ja,カイト,4.4438,1998-02-25,6.6,189,Available
[35],173914,Mushroomers,lv,Sēņotāji,4.7306,2013-03-07,4.1,7,Available
[35],10985,The New Guy,en,The New Guy,4.6189,2002-05-10,6.0,679,Available
[18],438145,Black '47,en,Black '47,4.5519,2018-09-05,6.566,340,Available
[18],110730,Ad-lib Night,ko,아주 특별한 손님,8.6188,2006-11-30,7.4,9,Available
"[27, 14]",15849,The Mummy,en,The Mummy,4.3266,1932-12-22,6.742,726,Available
[35],15276,Barely Legal,en,Barely Legal,5.0648,2003-05-15,5.9,293,Available
"[10749, 35]",1389524,Twin Flame,en,Twin Flame,5.3191,2025-02-07,5.5,2,Available
"[18, 10749]",1006033,Good Daughter-in-law: Obscene Body,ja,善良儿媳：下流肉体,4.3565,2018-07-27,0.0,0,Available
[9648],283395,Seventy-8,en,Seventy-8,5.2817,2004-09-02,10.0,1,Available
"[10751, 14]",285816,Karoliine's Silver Yarn,et,Karoliine hõbelõng,4.6126,1985-05-16,5.0,5,Available
"[10402, 99]",1515899,Billie Eilish - Hit Me Hard and Soft: The Tour (Live in 3D),en,Billie Eilish - Hit Me Hard and Soft: The Tour (Live in 3D),5.0833,2026-05-06,8.5,63,Available
[18],981908,Düştüm Çıkmazlara,tr,Düştüm Çıkmazlara,4.9868,1986-05-19,0.0,0,Available
"[53, 80, 18, 28]",25941,Harry Brown,en,Harry Brown,4.5986,2009-11-11,6.816,1198,Available
[18],209276,Starred Up,en,Starred Up,4.4618,2014-03-21,7.082,1036,Available
"[28, 14]",1036864,JK Slayer Yaksa,ja,J・Kスレイヤー　夜叉編,4.8598,2013-07-26,3.0,1,Available
"[10749, 80, 18]",959604,Beating Hearts,fr,L'Amour ouf,5.1958,2024-10-16,7.186,1059,Available
"[16, 12, 10751, 35, 10402]",570480,Trouble,en,Trouble,5.4669,2019-08-08,6.544,250,Available
"[35, 27, 878]",12702,Critters 3,en,Critters 3,4.7148,1991-12-11,5.318,476,Available
"[27, 53]",1134433,Death Whisperer,th,ธี่หยด,4.6958,2023-10-25,7.413,241,Available
"[18, 36]",9549,The Right Stuff,en,The Right Stuff,4.4177,1983-10-20,7.404,1001,Available
"[80, 10749, 18, 53]",912,The Thomas Crown Affair,en,The Thomas Crown Affair,4.7613,1968-06-26,6.781,598,Available
"[99, 12]",1745911,The Quest,en,The Quest,4.8527,1997-01-01,0.0,0,Available
"[18, 10749]",990,The Hustler,en,The Hustler,4.9921,1961-09-25,7.667,1123,Available
"[28, 12, 80, 18, 53]",333354,Extortion,en,Extortion,4.3572,2017-01-02,6.139,328,Available
"[18, 9648]",1271301,A World Softly Lulls,en,A World Softly Lulls,2.4004,2024-04-07,10.0,1,Available
[18],388748,Long Legged Girls,vi,Những cô gái chân dài,4.958,2004-06-15,3.0,1,Available
"[36, 10749, 18]",354859,The Promise,en,The Promise,4.9253,2016-12-02,6.817,518,Available
"[14, 28, 53]",3040,Night Watch,ru,Ночной дозор,4.6018,2004-07-08,6.204,850,Available
"[18, 36]",284552,Lover of the Last Empress,cn,慈禧秘密生活,4.7776,1995-03-17,5.75,28,Available
"[35, 10402]",341012,Popstar: Never Stop Never Stopping,en,Popstar: Never Stop Never Stopping,4.4713,2016-06-03,6.587,1412,Available
"[35, 28, 12]",440762,Jay and Silent Bob Reboot,en,Jay and Silent Bob Reboot,4.5708,2019-10-15,5.675,624,Available
"[80, 18]",18129,The Grifters,en,The Grifters,4.3028,1990-08-08,6.507,495,Available
"[27, 878]",4722,Body Snatchers,en,Body Snatchers,4.7159,1993-06-09,6.175,496,Available
[27],1722815,O Cordeiro,pt,O Cordeiro,4.1431,2026-06-30,0.0,0,Available
"[80, 53, 18]",1339676,"I, Nobody",ml,"I, നോബഡി",4.6191,2026-07-09,6.1,4,Available
[99],430321,El danzón,es,El danzón,5.0484,1984-06-06,4.5,2,Available
[18],550353,Three Husbands,cn,三夫,4.6105,2018-11-25,5.1,25,Available
"[18, 53]",549514,Fatale,en,Fatale,4.6511,2020-12-18,6.046,394,Available
"[16, 18, 35]",1517206,Bouchra,en,Bouchra,5.8045,2026-06-03,7.4,4,Available
[878],1426770,After Algos,en,After Algos,4.1813,2024-04-26,0.0,0,Available
"[53, 9648, 18]",1389149,Accused,hi,अक्यूज़्ड,5.0072,2026-02-27,5.573,75,Available
"[878, 10749]",648363,Dublê,pt,Dublê,4.7146,2019-11-14,0.0,0,Available
"[28, 80, 18, 53]",26170,Coogan's Bluff,en,Coogan's Bluff,4.7153,1968-10-02,6.311,384,Available
"[28, 35, 80]",11568,Blues Brothers 2000,en,Blues Brothers 2000,4.5971,1998-02-06,5.283,755,Available
[16],779421,The Mecanorgans,en,Les Mécanorganes,4.9901,2021-01-25,0.0,0,Available
"[28, 18]",484423,PSV Garuda Vega,te,PSV గరుడ వేగ,4.5264,2017-11-03,6.091,11,Available
"[10751, 28, 12, 35, 10770]",520720,Kim Possible,en,Kim Possible,4.4519,2019-02-15,5.488,284,Available
"[27, 878, 35]",24831,Piranha,en,Piranha,4.0923,1978-08-03,5.953,776,Available
"[10749, 53, 18]",451955,Double Lover,fr,L'Amant double,4.585,2017-05-26,6.072,587,Available
"[12, 14, 28]",48180,Amazons,en,Amazons,4.4944,1986-10-26,4.429,49,Available
"[80, 18]",143472,Oryu's Passion: Bondage Skin,ja,お柳情炎　縛り肌,4.4511,1975-06-18,6.857,7,Available
"[16, 12, 14, 35, 10751]",676705,Pil's Adventures,fr,Pil,4.8388,2021-08-11,6.719,201,Available
[10402],376531,La Bayadère,en,La Bayadère,5.0353,2011-01-04,0.0,0,Available
"[35, 80, 9648]",675871,Super Troopers 3,en,Super Troopers 3,4.5539,2026-08-06,6.5,16,Available
"[10402, 99]",553512,Burn the Stage: The Movie,ko,번 더 스테이지: 더 무비,5.3713,2018-11-15,8.337,435,Available
"[18, 53]",480434,Dreamland,en,Dreamland,4.1213,2019-11-27,5.9,280,Available
"[12, 28]",1534,Pathfinder,en,Pathfinder,5.2797,2007-01-11,5.669,810,Available
[],786480,The Land of Vaduls,ru,Labunmedenu,5.1012,1990-04-27,0.0,0,Available
[10749],700199,Mom's Friend 4,ko,엄마친구 4,4.4898,2018-01-08,6.188,8,Available
[28],14746,Streets of Fire,en,Streets of Fire,5.1758,1984-06-01,6.9,565,Available
"[35, 18, 10749]",24438,Did You Hear About the Morgans?,en,Did You Hear About the Morgans?,4.7544,2009-12-17,5.394,1047,Available
[16],712391,Vicious Cycle,pt,Ciclo vicioso,4.5033,1996-01-01,7.0,1,Available
"[10749, 10751, 18]",430384,My Wife's Sister,ko,내 아내의 언니,4.6815,2016-12-20,5.3,19,Available
[27],1106302,Paradise Court,en,Paradise Court,7.0005,,0.0,0,Unknown
[10749],1139235,痴漢電車 つり革で濡れる女,ja,痴漢電車 つり革で濡れる女,4.6744,2012-06-08,0.0,0,Available
"[35, 18, 80, 53]",7270,Matchstick Men,en,Matchstick Men,4.5246,2003-09-12,7.005,2047,Available
"[18, 36]",115782,Jobs,en,Jobs,4.2348,2013-08-15,6.128,2655,Available
"[28, 878]",843352,Legend of the White Dragon,en,Legend of the White Dragon,5.0813,2026-08-28,7.5,2,Available
"[12, 18, 10749, 14]",78698,Big Miracle,en,Big Miracle,4.5579,2012-02-02,6.696,534,Available
"[18, 35]",1548822,Wegen Mama,de,Wegen Mama,6.2028,2024-10-30,0.0,0,Available
"[10402, 10749, 18]",10784,Cabaret,en,Cabaret,4.6441,1972-02-13,7.418,1006,Available
[18],1163258,12th Fail,hi,12वीं फेल,4.6112,2023-08-11,7.909,268,Available
[18],150262,Passions of a Private Secretary,ja,秘書 黒蠍の誘惑,4.5603,2008-01-01,4.3,7,Available
"[16, 28, 12, 14, 18, 27]",113082,Berserk: The Golden Age Arc I - The Egg of the King,ja,ベルセルク 黄金時代篇I 覇王の卵,4.7763,2012-02-04,7.243,558,Available
"[28, 18, 36, 10752]",11953,Kagemusha,ja,影武者,4.8993,1980-04-26,7.813,764,Available
"[28, 53]",402331,Hard Target 2,en,Hard Target 2,4.7857,2016-07-14,6.259,320,Available
"[12, 16, 35, 10751]",14444,The Rugrats Movie,en,The Rugrats Movie,4.6213,1998-11-20,6.271,658,Available
"[18, 36]",318781,Colonia,de,Colonia Dignidad – Es gibt kein Zurück,4.6157,2016-02-12,7.254,2019,Available
[18],30020,Taste of Cherry,fa,طعم گيلاس,4.112,1997-09-28,7.7,732,Available
"[18, 80, 99]",489931,American Animals,en,American Animals,4.5965,2018-06-01,6.733,1240,Available
"[80, 18]",5910,Fireworks,ja,HANA-BI,4.9104,1997-10-30,7.7,803,Available
[12],1595114,The Barrier,en,The Barrier,4.7365,1917-02-25,0.0,0,Available
[18],526702,Black Beauty,en,Black Beauty,4.842,2020-11-27,7.96,362,Available
"[80, 18, 53]",1155324,King Ivory,en,King Ivory,5.182,2025-05-08,7.0,62,Available
"[18, 10749, 27]",31685,The Hunchback of Notre Dame,en,The Hunchback of Notre Dame,4.4522,1939-08-31,7.325,226,Available
"[18, 80]",347866,Hot Summer Nights,en,Hot Summer Nights,4.0931,2018-07-26,6.565,834,Available
"[53, 80, 18]",10518,Marathon Man,en,Marathon Man,4.7558,1976-10-08,7.172,1269,Available
"[27, 53, 28]",1247019,Death Whisperer 2,th,ธี่หยด 2,4.6845,2024-10-10,6.944,126,Available
"[27, 53]",227348,Paranormal Activity: The Marked Ones,en,Paranormal Activity: The Marked Ones,4.8135,2014-01-01,5.442,1578,Available
"[27, 18]",945043,Kinbaku: Moon,ja,KINBAKU～月の章～,4.4582,2017-01-06,4.0,1,Available
"[35, 10751, 12]",11888,Snow Dogs,en,Snow Dogs,4.3844,2002-01-18,5.606,800,Available
"[18, 35, 53]",1457866,THE FURTHER MIS-ADVENTURES OF CLIFF BOOTH,en,THE FURTHER MIS-ADVENTURES OF CLIFF BOOTH,5.2214,2026-11-25,0.0,0,Available
"[10749, 35, 18]",185058,Crush,en,Crush,3.7764,2000-06-21,6.063,16,Available
"[16, 28]",12613,Street Fighter II: The Animated Movie,ja,ストリートファイター II MOVIE,4.2486,1994-08-06,7.15,331,Available
"[14, 18]",1759450,Valle,en,Valle,4.4732,,0.0,0,Unknown
"[16, 10751, 35, 878]",15567,Stitch! The Movie,en,Stitch! The Movie,4.6175,2003-09-10,6.4,799,Available
"[18, 10402, 10749]",68817,Footloose,en,Footloose,4.5753,2011-10-06,6.577,1756,Available
"[28, 53, 80]",60672,Crimson Rivers II: Angels of the Apocalypse,fr,Les Rivières pourpres 2 : Les Anges de l'apocalypse,4.8539,2004-02-18,6.087,801,Available
"[12, 18]",983,The Man Who Would Be King,en,The Man Who Would Be King,4.4921,1975-12-03,7.49,733,Available
"[35, 18]",375785,Then Came You,en,Then Came You,5.1615,2018-12-05,7.449,567,Available
"[28, 80, 18, 9648, 53]",910371,Hell Dogs,ja,ヘルドッグス,4.4182,2022-09-16,7.03,82,Available
"[10749, 18]",142093,The Intimate,ko,애인,4.7369,2005-12-08,6.147,34,Available
"[10749, 35, 18]",746419,Father of the Bride,en,Father of the Bride,4.6261,2022-07-21,6.332,208,Available
[99],370804,Wake (Subic),en,Wake (Subic),5.3505,2015-10-22,6.0,3,Available
"[28, 80, 9648]",451997,The Merciless,ko,불한당: 나쁜 놈들의 세상,4.6248,2017-05-17,7.168,146,Available
"[16, 28, 10751]",1154598,LEGO Marvel Avengers: Code Red,en,LEGO Marvel Avengers: Code Red,4.5656,2023-10-26,6.54,164,Available
"[28, 80, 53]",979275,Mob Land,en,Mob Land,4.4157,2023-08-04,5.536,98,Available
"[80, 28]",800987,Detective Bureau 2-3: A Man Weak to Money and Women,ja,探偵事務所23　銭と女に弱い男,4.5905,1963-07-07,0.0,0,Available
"[53, 36]",494974,Red Joan,en,Red Joan,4.4962,2018-09-13,6.626,402,Available
[18],14359,Doubt,en,Doubt,4.4483,2008-12-12,7.21,1979,Available
[99],649309,Conductivity,fi,Orkesterin edessä,4.7925,2020-02-07,7.5,2,Available
"[12, 28, 16]",50723,Naruto Shippuden the Movie: The Lost Tower,ja,劇場版 NARUTO -ナルト- 疾風伝 ザ・ロストタワー,4.6906,2010-07-31,7.155,522,Available
[],729552,Under the Blanket,tr,Örtünün Altı,5.0371,2020-06-01,0.0,0,Available
"[27, 878, 9648, 18]",9682,Pulse,en,Pulse,4.6145,2006-08-11,5.074,602,Available
"[16, 10751, 12]",430474,Deep,en,Deep,4.4521,2017-05-11,5.9,160,Available
"[18, 10402, 10749]",10197,Nine,en,Nine,4.1054,2009-12-03,5.508,650,Available
"[18, 27, 9648]",723419,Mr. Harrigan's Phone,en,Mr. Harrigan's Phone,4.7473,2022-09-28,6.398,992,Available
"[16, 28, 878]",183011,Justice League: The Flashpoint Paradox,en,Justice League: The Flashpoint Paradox,4.4715,2013-07-30,7.882,2015,Available
"[16, 18, 14, 10751]",337703,The Red Turtle,fr,La tortue rouge,4.4557,2016-03-27,7.4,1399,Available
"[16, 12, 35, 10751]",1221404,Crayon Shin-chan the Movie: Our Dinosaur Diary,ja,クレヨンしんちゃん オラたちの恐竜日記,4.2268,2024-08-09,5.7,39,Available
"[18, 10749]",14553,Stealing Beauty,en,Stealing Beauty,5.0302,1996-03-29,6.7,629,Available
"[14, 28, 35]",1013860,R.I.P.D. 2: Rise of the Damned,en,R.I.P.D. 2: Rise of the Damned,4.6949,2022-11-15,6.254,684,Available
[18],522369,Sorry We Missed You,en,Sorry We Missed You,5.155,2019-10-04,7.324,853,Available
"[27, 53, 878]",1141182,Die Alone,en,Die Alone,5.1211,2024-09-27,6.365,189,Available
"[53, 80, 18]",466,Klute,en,Klute,4.2964,1971-06-23,6.777,534,Available
"[99, 9648, 18]",782148,CODE NAME: Nagasaki,no,Kodenavn: Nagasaki,4.9103,2021-02-12,10.0,1,Available
"[35, 18, 10749]",339397,Café Society,en,Café Society,4.4062,2016-05-11,6.439,2855,Available
"[18, 28]",1575943,El Corazón,es,El Corazón,6.4296,2025-11-06,0.0,0,Available
[],1007286,Double Strings,en,Double Strings,5.8665,2020-09-28,0.0,0,Available
"[18, 35]",1097641,About My Mom and Me,ru,Про мою маму и про меня,5.1659,2024-08-21,1.0,1,Available
"[80, 18]",1807,Elephant,en,Elephant,4.1636,2003-09-20,7.014,2164,Available
"[18, 35]",1437703,Flies,es,Moscas,4.9128,2026-07-01,7.0,4,Available
"[53, 28, 27, 878, 12]",726139,Project Silence,ko,탈출: 프로젝트 사일런스,4.5052,2024-07-11,6.851,423,Available
"[53, 28]",595985,Cold Blood,en,Cold Blood,4.7329,2019-05-15,5.273,433,Available
[99],827837,Suspended Wives,ar,Lmaalkat,5.0281,2021-05-04,0.0,0,Available
"[28, 12, 35]",1171462,Golden Kamuy,ja,ゴールデンカムイ,4.5571,2024-01-19,7.053,103,Available
[18],133246,The Disintegration,fr,La Désintégration,4.7508,2012-02-15,5.6,21,Available
"[36, 18]",286601,Judgement,hu,Ítélet,5.0962,1970-04-16,5.2,4,Available
[99],977597,Euromaidan SOS,uk,Євромайдан SOS,5.3917,2016-03-31,0.0,0,Available
"[28, 35, 99]",12094,Jackass Number Two,en,Jackass Number Two,4.7622,2006-09-22,6.597,1326,Available
[],1744007,Geo-Storm,en,Geo-Storm,5.9315,2026-07-24,1.0,1,Available
"[10752, 28, 18]",1032742,The Best in Hell,ru,Лучшие в аду,5.2046,2022-10-05,7.6,46,Available
"[18, 53]",6072,One Eight Seven,en,One Eight Seven,4.7604,1997-07-29,6.688,667,Available
[18],1578028,Escuadrón especial,es,Escuadrón especial,6.2624,2025-11-10,0.0,0,Available
"[18, 35]",644479,Dedicated to my ex,es,Dedicada A Mi Ex,4.9968,2019-11-01,8.285,514,Available
"[28, 27, 878, 53, 10749]",316154,The Bad Batch,en,The Bad Batch,4.5235,2017-06-23,5.258,1186,Available
"[80, 18, 28]",11443,Dead Presidents,en,Dead Presidents,4.5537,1995-09-29,6.682,343,Available
"[12, 80, 10751, 35]",425148,Show Dogs,en,Show Dogs,4.5075,2018-05-18,5.938,260,Available
"[28, 16, 12, 35]",374205,One Piece Film: GOLD,ja,ONE PIECE FILM GOLD,4.5388,2016-07-23,7.2,545,Available
"[99, 10770]",607935,The Breast Milk Boom,fr,Wundersaft Muttermilch,5.5015,2018-08-29,7.0,1,Available
"[53, 28, 10752]",335788,Renegades,en,Renegades,4.619,2017-08-21,5.571,378,Available
"[10751, 14, 35, 12]",1461519,A Minecraft Movie Squared,en,A Minecraft Movie Squared,4.681,2027-07-22,0.0,0,Available
"[12, 878, 18]",811,Silent Running,en,Silent Running,4.5258,1972-03-09,6.383,664,Available
"[80, 18]",736146,A Family,ja,ヤクザと家族 The Family,4.3209,2021-01-29,7.354,82,Available
"[35, 53]",339304,Oru Second Class Yathra,ml,ഒരു II ക്ലാസ് യാത്ര,4.2374,2015-05-08,5.6,5,Available
"[28, 18, 36, 10752]",1015154,Fireflies at El Mozote,en,Luciérnagas en El Mozote,5.0181,2025-12-11,5.2,5,Available
[],1057563,La Entrega,es,La Entrega,4.9416,2022-01-12,4.0,2,Available
"[16, 28, 14, 18, 10749]",390634,Fate/stay night: Heaven's Feel II. Lost Butterfly,ja,劇場版「Fate/stay night [Heaven’s Feel]」Ⅱ.lost butterfly,5.2136,2019-01-12,7.062,274,Available
"[18, 35]",45064,Hating Gothenburg,sv,Hata Göteborg,4.7126,2007-05-04,6.154,13,Available
"[53, 9648, 80]",290751,Secret in Their Eyes,en,Secret in Their Eyes,4.6185,2015-10-14,6.364,1464,Available
"[80, 18, 36, 10749]",4415,Les Misérables,en,Les Misérables,4.4259,1998-05-01,7.225,707,Available
"[28, 80, 18, 53]",139567,Fire with Fire,en,Fire with Fire,5.1415,2012-08-31,5.668,748,Available
"[16, 878]",192577,Space Pirate Captain Harlock,ja,キャプテンハーロック,4.6479,2013-09-07,6.624,1110,Available
"[53, 37]",1200320,Killing Faith,en,Killing Faith,4.5716,2025-10-03,5.992,66,Available
[],1258545,Stay,en,Stay,5.5097,2024-09-19,0.0,0,Available
[35],496725,Soins intensifs,fr,Soins intensifs,5.0925,2002-09-11,0.0,0,Available
"[28, 14, 53]",10546,The Crow: City of Angels,en,The Crow: City of Angels,4.7889,1996-08-29,5.506,622,Available
[18],1125091,Kein Land,de,Kein Land,4.7911,1981-01-01,8.0,1,Available
[99],762654,Breaking Borders,es,Rompiendo fronteras,6.1412,2020-10-28,0.0,0,Available
"[35, 18, 10749]",95506,I Hate But Love,ja,憎いあンちくしょう,4.4716,1962-07-09,7.0,16,Available
"[35, 18]",9388,Thank You for Smoking,en,Thank You for Smoking,3.7669,2005-09-09,7.201,2476,Available
[28],87453,Omega Syndrome,en,Omega Syndrome,2.2902,1986-10-26,4.786,7,Available
[],1038266,Monsieur Lucien,fr,Monsieur Lucien,4.8698,2022-02-01,0.0,0,Available
"[878, 28, 12]",1025463,Bionic,pt,Biônicos,4.7591,2024-05-28,5.907,177,Available
"[18, 10402, 10749]",206744,Black Cloaks,pt,Capas Negras,5.6165,1947-05-17,6.7,7,Available
[35],37768,Talcum Powder,it,Borotalco,6.8969,1982-01-22,6.807,489,Available
"[16, 10751, 14]",34134,Barbie in A Mermaid Tale,en,Barbie in A Mermaid Tale,4.881,2010-01-25,7.26,821,Available
[],1609989,Tuning Trouble,en,Tuning Trouble,6.744,2024-12-21,0.0,0,Available
"[16, 35]",1399914,The Simpsons: O C'mon All Ye Faithful,en,The Simpsons: O C'mon All Ye Faithful,4.4886,2024-12-16,7.01,101,Available
"[35, 18]",6472,Guarding Tess,en,Guarding Tess,4.8225,1994-03-11,6.017,358,Available
"[18, 53]",449756,The Postcard Killings,en,The Postcard Killings,4.5924,2020-03-13,6.333,660,Available
"[16, 878, 28, 12]",536115,Godzilla: The Planet Eater,ja,GODZILLA 星を喰う者,5.2651,2018-11-09,6.504,406,Available
[],1748731,Hujan Manik,en,Hujan Manik,5.3033,2018-01-01,0.0,0,Available
"[27, 9648, 53]",241257,Regression,en,Regression,4.7736,2015-10-01,5.585,1919,Available
"[12, 16, 10751, 14]",77459,A Monster in Paris,fr,Un monstre à Paris,4.9323,2011-10-12,6.936,1402,Available
"[28, 35, 10749]",10859,Stakeout,en,Stakeout,4.4722,1987-08-05,6.485,467,Available
[],1283830,Veřejné osvětlení,cs,Veřejné osvětlení,5.8812,,0.0,0,Unknown
"[28, 80, 18, 53]",51429,Female Yakuza Tale,ja,やさぐれ姐御伝　総括リンチ,4.7011,1973-06-06,6.1,40,Available
"[12, 18]",245869,Tragic Jungle,pt,Selva Trágica,5.1986,1963-02-07,6.75,2,Available
[99],769479,Uranium,en,Uranium,5.7488,1990-11-07,0.0,0,Available
"[80, 18, 53]",10223,A Simple Plan,en,A Simple Plan,4.3857,1998-12-11,7.2,1129,Available
[],875357,Ultimate Wife,ja,村上麗奈 究極名器妻,4.5851,1997-08-01,2.0,2,Available
"[18, 36]",3870,1900,it,Novecento,4.3773,1976-08-28,7.8,693,Available
"[10770, 18]",959827,The Gambler,sr,Kockar,4.6904,1993-04-01,8.0,2,Available
"[28, 80, 9648, 53]",11851,The Presidio,en,The Presidio,4.3134,1988-06-10,5.819,383,Available
"[18, 53]",272826,Star Hill,tr,Yıldız Tepe,4.9971,1965-01-01,8.5,2,Available
[99],108629,Profis,de,Profis,5.0779,1979-06-03,0.0,0,Available
"[10770, 10751, 35]",139938,Ein Strauß voll Glück,de,Ein Strauß voll Glück,2.686,2009-08-29,4.0,2,Available
"[16, 18, 10402]",482150,Liz and the Blue Bird,ja,リズと青い鳥,5.3775,2018-04-21,7.552,163,Available
"[18, 28, 12]",1093402,Last Days,en,Last Days,4.9191,2025-10-24,7.5,6,Available
"[18, 10749]",11257,A Room with a View,en,A Room with a View,4.3401,1986-03-07,6.952,861,Available
"[35, 10749]",299194,The Bird Seller,de,Der Vogelhändler,4.6181,1935-09-25,7.0,1,Available
"[28, 14, 16]",492126,Thunderbolt Fantasy: The Sword of Life and Death,ja,Thunderbolt Fantasy: 生死一劍,4.7059,2017-12-02,8.0,4,Available
"[18, 10749]",724108,R-Rated Idol Seung-ha's Fancy Walk,ko,18금 아이돌 승하의 화려한 외출,5.1379,2020-07-01,7.118,17,Available
[18],397614,Like An Airplane,fr,Comme un avion,2.7188,2002-01-23,4.25,4,Available
[16],797095,Moon,ru,Mond,5.1155,2020-03-15,0.0,0,Available
"[80, 18]",880489,The Cage,tr,Kafes,5.428,2021-10-04,3.0,2,Available
"[18, 53, 9648]",507773,Bring Me Home,ko,나를 찾아줘,4.5305,2019-11-27,6.721,70,Available
"[14, 16, 27, 28]",539517,Constantine: City of Demons - The Movie,en,Constantine: City of Demons - The Movie,4.6139,2018-10-04,7.668,679,Available
"[80, 53]",912378,Dridam,ml,ദൃഢം,4.5773,2026-05-08,5.5,12,Available
[18],532352,Blossom Valley,hu,Virágvölgy,4.6811,2018-08-30,4.5,2,Available
"[28, 18, 80]",73499,The Double,en,The Double,4.706,2011-10-27,5.832,734,Available
"[18, 10749]",39850,Eros,en,Eros,4.6722,2004-12-03,5.7,150,Available
[],464400,Musume-tachi wa kaze ni mukatte,ja,娘たちは風にむかって,3.4956,1972-06-12,0.0,0,Available
"[35, 18]",10218,Swingers,en,Swingers,4.4287,1996-10-18,6.844,832,Available
"[878, 28]",11119,Fortress 2,en,Fortress 2,4.586,2000-03-02,5.069,225,Available
"[80, 18]",12554,Citizen X,en,Citizen X,4.7295,1995-02-25,7.195,397,Available
[27],335796,Ouija: Origin of Evil,en,Ouija: Origin of Evil,4.4787,2016-10-20,6.2,2677,Available
"[27, 53]",85579,The Karadedeler Incident,tr,Karadedeler Olayı,5.0456,2011-09-16,2.464,14,Available
"[18, 10749]",11632,Vanity Fair,en,Vanity Fair,4.1218,2004-09-01,5.79,365,Available
"[18, 10749, 10402]",523607,Maestro,en,Maestro,3.9232,2023-11-22,6.236,876,Available
"[18, 53, 80]",77987,Only God Forgives,en,Only God Forgives,4.8594,2013-05-30,5.812,2631,Available
"[27, 9648, 14]",1244944,The Woman in the Yard,en,The Woman in the Yard,5.2343,2025-03-27,5.63,483,Available
"[80, 53, 9648]",70436,The Raven,en,The Raven,4.459,2012-03-09,6.302,1475,Available
"[53, 18, 27]",42196,The Bad Seed,en,The Bad Seed,4.5789,1956-09-12,7.1,276,Available
[99],271545,Round About Hollywood,en,Round About Hollywood,6.5866,1931-05-22,6.0,1,Available
[],1406696,Somos Dois,pt,Somos Dois,4.6575,2025-12-06,0.0,0,Available
"[28, 18]",330509,Keralotsavam Mission 2009,ml,കേരളോത്സവം Mission 2009,5.705,2009-12-17,0.0,0,Available
"[18, 53, 10749]",4823,Final Analysis,en,Final Analysis,4.6505,1992-02-07,5.758,326,Available
"[28, 80, 35]",412988,The Happytime Murders,en,The Happytime Murders,4.5917,2018-08-22,5.818,1106,Available
"[16, 18, 10402]",887870,Blue Giant,ja,BLUE GIANT,4.3709,2023-02-17,7.788,99,Available
"[35, 10402]",704,A Hard Day's Night,en,A Hard Day's Night,4.596,1964-07-07,7.3,761,Available
"[35, 18, 10749]",374908,Ta mère !,fr,Ta mère !,4.6706,2015-12-30,2.5,1,Available
"[18, 28, 80]",18533,Bronson,en,Bronson,4.8133,2009-03-13,6.938,2765,Available
[18],1536433,Sad Girlz,es,Chicas tristes,5.4475,2026-08-12,7.357,7,Available
[18],1228681,Sex,no,Sex,4.34,2024-03-01,6.605,81,Available
"[16, 10751, 35]",1128606,"Snoopy Presents: Welcome Home, Franklin",en,"Snoopy Presents: Welcome Home, Franklin",5.0832,2024-02-15,7.649,67,Available
[],435310,Pottas Bomb,ml,പൊട്ടാസ് ബോംബ്,4.4522,2013-10-25,0.0,0,Available
[18],508081,Young Mom,ko,어린 엄마,4.8554,2017-02-28,4.0,4,Available
[99],397299,Aníbal,es,Aníbal,4.94,2012-06-13,0.0,0,Available
"[18, 10751, 14]",19101,A Little Princess,en,A Little Princess,4.2566,1995-05-10,7.636,1070,Available
"[14, 35, 18]",2657,Pleasantville,en,Pleasantville,4.7459,1998-09-17,7.271,1954,Available
[99],1039575,Ikátena,pt,Ikátena,4.9968,1983-01-01,0.0,0,Available
"[28, 27, 9648, 80]",14240,Maniac Cop,en,Maniac Cop,4.5589,1988-05-13,6.109,546,Available
"[27, 14, 53, 9648, 28]",1353117,Home Sweet Home: Rebirth,en,Home Sweet Home: Rebirth,4.8515,2025-03-20,6.0,167,Available
"[10751, 16, 12, 35]",9929,Asterix and Cleopatra,fr,Astérix et Cléopâtre,4.3411,1968-12-19,6.933,1051,Available
"[18, 53, 14]",10052,Dragonfly,en,Dragonfly,4.6484,2002-02-22,6.566,961,Available
[35],14013,BASEketball,en,BASEketball,4.2539,1998-07-28,6.124,672,Available
[18],747011,Salvation,en,Salvation,5.0842,2019-10-25,0.0,0,Available
"[10770, 35, 18, 10402]",110490,Rags,en,Rags,4.8318,2012-05-28,7.331,192,Available
"[12, 18, 10749]",514921,The Aeronauts,en,The Aeronauts,4.4573,2019-11-04,6.805,1224,Available
"[18, 10749]",1360,Frida,en,Frida,4.8845,2002-08-29,7.382,2213,Available
[99],245404,Behind the Blur,en,Behind the Blur,5.0361,2009-01-01,4.0,1,Available
"[99, 10751]",1648678,Orangutan,en,Orangutan,5.1975,2026-04-22,7.25,4,Available
"[28, 80, 53, 18]",21338,Stone Cold,en,Stone Cold,4.947,1991-05-17,6.214,220,Available
"[9648, 53]",1364116,Dangerous Women,ja,危険な女たち,4.565,1985-01-01,0.0,0,Available
"[35, 80, 10402]",1541802,Operasi Pesta Copet,id,Operasi Pesta Copet,4.4332,2026-08-27,8.0,2,Available
[35],440703,Chapeuzinho Vermelho,pt,Chapeuzinho Vermelho,5.2957,1980-02-08,9.0,1,Available
[18],879978,We Also,es,Nosotros también,4.8168,2019-01-01,6.0,1,Available
"[18, 10749]",8583,Dangerous Beauty,en,Dangerous Beauty,4.9731,1998-02-20,7.008,299,Available
"[18, 10402]",1230368,Springsteen: Deliver Me from Nowhere,en,Springsteen: Deliver Me from Nowhere,4.2814,2025-10-22,6.6,351,Available
"[28, 53]",34309,Most Wanted,en,Most Wanted,4.1807,1997-10-10,5.403,119,Available
[99],977692,Crimea SOS,uk,Крим SOS,4.949,2016-03-31,0.0,0,Available
"[53, 28, 18]",445954,Acts of Vengeance,en,Acts of Vengeance,4.8051,2017-10-27,5.973,616,Available
"[14, 53, 18]",1469458,Sambhavam Adhyayam Onnu,ml,സംഭവം അദ്ധ്യായം ഒന്ന്,4.4836,2026-03-06,7.167,18,Available
[27],80280,[REC]³ Genesis,es,[REC]³ Génesis,4.9874,2012-03-30,5.3,1666,Available
"[12, 28, 878, 10402, 80]",1225943,Käseburg,de,Käseburg,4.1067,2022-09-24,10.0,1,Available
"[28, 18, 53, 80]",849869,Kill Boksoon,ko,길복순,4.5529,2023-02-18,6.897,572,Available
[35],293870,"Hallo, Fräulein!",de,"Hallo, Fräulein!",4.928,1949-05-13,8.0,2,Available
"[28, 12, 53, 18]",852046,Athena,fr,Athena,4.5793,2022-09-09,6.599,846,Available
"[10749, 18, 53]",678169,Toña Machetes,es,Toña Machetes,4.5204,1985-01-31,6.6,10,Available
"[99, 12]",515042,Free Solo,en,Free Solo,4.1682,2018-09-28,7.899,1567,Available
[35],48377,Le Déménagement,fr,Le Déménagement,5.8879,1997-02-02,4.6,34,Available
"[35, 18, 10749]",9263,Now and Then,en,Now and Then,5.2521,1995-10-20,6.883,486,Available
"[18, 36]",23620,Salt of the Earth,en,Salt of the Earth,4.7766,1954-03-14,7.044,103,Available
"[27, 53]",10281,Friday the 13th Part VII - The New Blood,en,Friday the 13th Part VII - The New Blood,4.8967,1988-05-13,5.48,1252,Available
"[27, 53]",1254896,Beware the Boogeyman,en,Beware the Boogeyman,4.7763,2024-03-05,4.071,7,Available
[18],416562,Sin with a Stranger,fr,L'Étrangère,5.1088,1968-06-21,5.5,3,Available
[99],344696,Anarchists,es,Ácratas,4.7758,2000-06-06,6.4,5,Available
[10402],380156,Salomé,de,Salomé,4.7756,1992-06-02,5.0,4,Available
[35],6524,Life Stinks,en,Life Stinks,4.3748,1991-06-05,5.634,227,Available
"[28, 80, 18, 53]",47634,The Bullet Train,ja,新幹線大爆破,4.7747,1975-07-05,6.9,72,Available
[53],125020,A Brother...,fr,Un frère...,4.7743,1997-11-26,5.0,10,Available
"[28, 80, 35]",501393,"Prison Walls of Abashiri, Part 2",ja,続・網走番外地,4.774,1965-07-10,8.0,3,Available
"[28, 16, 14, 27]",39145,Dragon Ball: Sleeping Princess in Devil's Castle,ja,ドラゴンボール 魔神城のねむり姫,4.7736,1987-07-18,6.684,335,Available
"[10752, 36, 18]",491926,Resistance,en,Resistance,4.7735,2020-03-27,6.954,481,Available
"[10752, 18, 10749]",468224,Tolkien,en,Tolkien,4.7732,2019-05-03,6.913,1578,Available
"[12, 18, 878]",245703,Midnight Special,en,Midnight Special,4.7723,2016-02-18,6.261,2100,Available
"[18, 80]",1731419,The Art of Deception,id,Seni Penipuan,4.7722,2024-10-14,0.0,0,Available
[10751],1076298,Squatter Tale,es,Nuevo Amanecer,4.7719,2023-10-12,0.0,0,Available
"[16, 10751, 14, 35, 12]",597316,My Little Pony: A New Generation,en,My Little Pony: A New Generation,4.7719,2021-09-22,7.626,353,Available
"[36, 18]",647245,Reagan,en,Reagan,4.7715,2024-08-29,6.4,130,Available
"[35, 18]",1003456,Four Stops,en,Four Stops,4.7706,2023-01-29,0.0,0,Available
[18],127778,Savage Days,es,Días salvajes,6.0798,2008-05-07,2.333,3,Available
[99],949893,Pinocchio,en,Pinocchio,4.886,2021-12-07,0.0,0,Available
"[27, 18, 878]",469721,The Cured,en,The Cured,4.6925,2017-11-24,5.513,418,Available
"[12, 18, 10749, 28]",30840,Robin Hood,en,Robin Hood,3.6799,1991-04-26,5.733,184,Available
"[18, 53, 80]",895592,Taxi,es,Taxi,5.9769,2021-11-04,4.0,2,Available
[35],420515,White Knights,de,Weiße Ritter,4.3531,2016-10-13,6.0,1,Available
[],1571038,Dreamline,en,Dreamline,6.4628,2025-10-26,0.0,0,Available
[],325836,Les caméléons,fr,Les caméléons,5.384,1967-12-26,3.667,3,Available
"[80, 27]",188813,The Untold Story 2,cn,人肉叉燒包Ⅱ之天誅地滅,4.6632,1998-04-25,5.481,26,Available
"[18, 10749, 35]",900379,Afire,de,Roter Himmel,4.7154,2023-04-20,6.757,268,Available
"[35, 10402]",1433330,SNL50: The Homecoming Concert,en,SNL50: The Homecoming Concert,4.524,2025-02-14,6.765,17,Available
"[28, 12, 14]",960704,Fullmetal Alchemist: The Final Alchemy,ja,鋼の錬金術師 完結編 最後の錬成,4.7278,2022-06-24,6.284,219,Available
[99],472537,Romancero marroquí,es,Romancero marroquí,4.9199,1939-07-16,0.0,1,Available
"[878, 12, 28]",748167,Uglies,en,Uglies,4.9127,2024-09-12,5.698,968,Available
"[28, 9648, 878, 27]",74135,Gantz: Perfect Answer,ja,Gantz: Perfect Answer,4.3134,2011-04-23,6.624,238,Available
[],815543,El Pirata,es,El Pirata,5.1723,2015-12-06,7.5,2,Available
"[878, 28, 27]",651571,Breach,en,Breach,4.654,2020-12-17,4.145,709,Available
"[12, 16, 10751]",13932,Jack-Jack Attack,en,Jack-Jack Attack,4.6749,2005-03-15,7.299,1017,Available
"[35, 9648, 53, 80]",12535,High Anxiety,en,High Anxiety,4.412,1977-12-25,6.436,416,Available
"[18, 28, 80, 53]",17689,The Gauntlet,en,The Gauntlet,4.9331,1977-12-17,6.542,626,Available
"[18, 9648, 80]",9270,Brick,en,Brick,4.1868,2006-03-31,6.819,1418,Available
[14],380776,Der Froschkönig,de,Der Froschkönig,4.7643,1954-12-25,6.375,4,Available
[18],666,Central Station,pt,Central do Brasil,4.3151,1998-04-03,8.122,1073,Available
"[99, 10752]",306837,Song of Freedom,bn,Muktir Gaan,4.3049,1995-12-01,7.0,1,Available
"[28, 35, 14, 878]",302349,Iron Sky: The Coming Race,en,Iron Sky: The Coming Race,4.7676,2019-01-25,5.196,475,Available
[18],65496,Student Services,fr,Mes chères études,4.7632,2010-01-18,5.316,147,Available
"[10751, 16]",261103,Maya the Bee Movie,en,Maya the Bee Movie,4.7631,2014-09-11,6.194,191,Available
"[35, 18, 10749]",219,Volver,es,Volver,4.4348,2006-03-17,7.461,1965,Available
[18],1388456,Bar Boys: After School,tl,Bar Boys: After School,4.7623,2025-12-25,0.0,0,Available
"[878, 80, 9648, 53]",396806,Anon,en,Anon,4.7622,2018-05-03,6.025,1774,Available
[18],169813,Short Term 12,en,Short Term 12,4.1577,2013-08-23,7.744,1450,Available
"[27, 35, 53]",9059,Tales from the Crypt: Demon Knight,en,Tales from the Crypt: Demon Knight,4.7366,1995-01-13,6.851,582,Available
"[35, 10749]",1049638,Rye Lane,en,Rye Lane,4.7612,2023-03-17,7.013,261,Available
[27],845783,Baghead,en,Baghead,4.7611,2023-12-28,6.514,563,Available
[18],592984,Hillbilly Elegy,en,Hillbilly Elegy,4.7611,2020-11-09,6.67,1049,Available
"[18, 28, 80]",1009638,A Man Explodes,ja,男が爆発する,4.7599,1959-04-28,0.0,0,Available
[28],110552,The Protector 2,th,ต้มยำกุ้ง 2,4.7598,2013-10-23,6.204,319,Available
[99],563863,Always There,en,Always There,4.7597,2018-12-06,0.0,0,Available
[18],376866,Jackie,en,Jackie,4.7595,2016-12-02,6.45,2469,Available
"[35, 18]",103331,Der Kapitän,de,Der Kapitän,5.1818,1971-10-28,5.2,5,Available
"[16, 35, 10751]",1123093,Diary of a Wimpy Kid Christmas: Cabin Fever,en,Diary of a Wimpy Kid Christmas: Cabin Fever,4.5049,2023-12-07,6.7,106,Available
"[16, 35, 10749]",409377,I'm All Yours,ja,みんなあげちゃう♥,4.6197,1991-08-30,3.625,8,Available
[18],584313,Uniform Virgin Pain,ja,制服処女のいたみ,5.0894,1981-09-25,4.0,9,Available
"[10749, 16, 14]",573699,White Snake,zh,白蛇：缘起,4.5196,2019-01-11,7.69,570,Available
"[12, 14, 10751]",8844,Jumanji,en,Jumanji,4.1669,1995-12-15,7.2,11540,Available
"[35, 18]",1751002,Juvenescence,en,Juvenescence,4.2619,2026-09-17,0.0,0,Available
"[18, 10752, 36]",424644,Men and War III: The Final Chapter,ja,戦争と人間　第三部,4.5854,1973-08-11,6.1,7,Available
"[18, 36, 10749]",88273,A Royal Affair,da,En kongelig affære,4.0787,2012-03-29,7.337,961,Available
[99],973215,Same Ællin,no,Same Ællin,5.394,1971-09-02,7.0,1,Available
"[18, 10749]",477620,Choose Me,es,Elígeme,5.5585,2016-03-20,7.0,1,Available
[35],478694,Assemblée générale,fr,Assemblée générale,5.6779,2014-06-14,0.0,0,Available
"[18, 28, 80]",620533,The Lowest Man,ja,不敵な男,4.6953,1958-09-07,9.0,1,Available
"[27, 53]",9731,Friday the 13th: A New Beginning,en,Friday the 13th: A New Beginning,5.0748,1985-03-22,5.257,1337,Available
[16],283630,Foreign Bodies,fr,Corps étrangers,4.777,2013-10-04,3.0,2,Available
[35],1257147,My Best Friend,pt,Minha Melhor Amiga,4.9444,2026-09-03,8.375,4,Available
"[27, 53]",27374,Lake Mungo,en,Lake Mungo,5.0872,2009-07-30,6.14,723,Available
"[16, 35, 878, 12]",354857,Regular Show: The Movie,en,Regular Show: The Movie,4.4088,2015-09-01,7.941,449,Available
"[27, 9648, 53]",19058,Down,en,Down,4.4165,2001-09-06,5.07,200,Available
"[18, 53, 80]",29259,Le Trou,fr,Le Trou,4.4669,1960-03-18,8.246,598,Available
[27],1145221,It Feeds,en,It Feeds,4.7421,2025-04-17,6.762,244,Available
[18],3780,Red Beard,ja,赤ひげ,5.1539,1965-03-04,8.183,426,Available
"[53, 35, 14, 27]",20701,Tales from the Darkside: The Movie,en,Tales from the Darkside: The Movie,4.4883,1990-05-03,6.188,438,Available
"[28, 18]",1623376,Blue Lock,ja,ブルーロック,5.3976,2026-08-07,7.0,1,Available
"[35, 10751, 16, 36, 14]",619428,Genji Fantasy: The Cat Fell in Love With Hikaru Genji,ja,GENJI FANTASY　ネコが光源氏に恋をした,4.7827,2019-04-02,0.0,0,Available
"[27, 53]",509635,Alone,en,Alone,4.5394,2020-09-10,6.374,884,Available
[10749],248106,Strange Moonlight,lv,Dīvainā mēnessgaisma,5.4084,1987-02-02,0.0,0,Available
"[28, 35, 27, 878]",15239,The Toxic Avenger,en,The Toxic Avenger,4.2168,1984-05-15,6.238,688,Available
[99],1601090,What is an Ocean… Reconnecting the Cast and Crew of Cloud Atlas,en,What is an Ocean… Reconnecting the Cast and Crew of Cloud Atlas,5.0366,2025-12-23,0.0,0,Available
[18],299761,O Kadın,tr,O Kadın,4.8536,1966-03-31,10.0,1,Available
"[35, 10402, 10749]",11054,Hairspray,en,Hairspray,4.5238,1988-02-26,6.8,461,Available
[10749],850804,The Interview,hi,The Interview,5.7673,2020-08-24,0.0,0,Available
"[16, 10751]",1227694,Snow Bear,xx,Snow Bear,4.097,2024-11-21,8.458,24,Available
[99],829166,Dear Aki,hr,Dragi Aki,4.8769,2021-05-03,0.0,0,Available
[18],800787,A Good Person,en,A Good Person,4.4154,2023-03-23,7.0,457,Available
[35],1600935,Le Bracelet,fr,Le Bracelet,4.9287,2025-12-23,6.5,3,Available
[35],243938,Hot Tub Time Machine 2,en,Hot Tub Time Machine 2,4.5617,2015-02-20,5.188,1033,Available
[],834396,Vermelho 2019,pt,Vermelho 2019,4.2467,2019-11-15,0.0,0,Available
"[99, 36]",12228,Inside Deep Throat,en,Inside Deep Throat,4.4143,2005-02-11,6.452,147,Available
"[16, 10751]",326148,Doraemon Comes Back,ja,帰ってきたドラえもん,4.6203,1998-03-07,6.7,12,Available
"[10751, 16]",255718,Barbie: The Pearl Princess,en,Barbie: The Pearl Princess,4.5934,2014-02-15,7.0,362,Available
"[18, 35, 10770]",1082301,Vidas Desenrascadas,pt,Vidas Desenrascadas,6.0574,2013-08-17,0.0,0,Available
"[16, 28, 35, 9648]",483455,Bungo Stray Dogs: Dead Apple,ja,文豪ストレイドッグス DEAD APPLE,4.7201,2018-03-03,8.116,198,Available
[],1108942,Saqr alearab,ar,Saqr alearab,5.0239,1968-04-01,0.0,0,Available
"[10749, 35]",543540,The Perfect Date,en,The Perfect Date,4.4166,2019-04-12,6.427,3348,Available
[35],869641,Vacation Friends 2,en,Vacation Friends 2,4.3098,2023-08-24,6.288,314,Available
"[16, 18, 10751, 36]",676727,The Inventor,en,The Inventor,4.8283,2023-09-15,6.161,28,Available
[18],10161,My Left Foot: The Story of Christy Brown,en,My Left Foot: The Story of Christy Brown,4.1851,1989-04-07,7.536,1059,Available
"[35, 10749, 18]",397,French Kiss,en,French Kiss,4.1941,1995-05-05,6.487,820,Available
[18],1232667,"Miss You, Love You",en,"Miss You, Love You",4.5061,2026-05-29,6.656,16,Available
[35],31176,Selamsız's Band,tr,Selamsız Bandosu,4.6279,1987-09-04,7.641,39,Available
"[27, 9648, 18]",10972,Session 9,en,Session 9,4.7311,2001-08-10,6.139,1064,Available
[18],445656,Sambá,es,Sambá,4.8902,2017-06-29,4.714,7,Available
"[28, 80, 18, 53]",11088,Heist,en,Heist,4.3899,2001-11-09,6.325,636,Available
"[14, 35, 10749]",7985,Penelope,en,Penelope,4.5139,2007-11-17,6.746,1507,Available
"[53, 27, 9648]",12590,Below,en,Below,4.625,2002-08-11,6.05,542,Available
"[16, 14, 10751]",739547,Thelma the Unicorn,en,Thelma the Unicorn,4.9411,2024-05-17,6.893,200,Available
"[28, 12, 18]",263341,"Crouching Tiger, Hidden Dragon: Sword of Destiny",en,"Crouching Tiger, Hidden Dragon: Sword of Destiny",4.5329,2016-02-18,6.146,742,Available
[18],264794,Utro,da,Utro,4.6923,1966-09-26,5.25,4,Available
[99],1044199,Leaving to Remain,sk,Odchádzania,4.7232,2023-04-28,0.0,0,Available
"[28, 35]",11689,Crime Busters,it,I due superpiedi quasi piatti,4.896,1977-04-01,7.003,732,Available
"[10402, 18, 10749]",616670,Life Is Beautiful,ko,인생은 아름다워,4.5281,2022-09-28,6.9,20,Available
"[18, 10402, 36]",592863,Respect,en,Respect,4.4503,2021-08-12,6.774,485,Available
[],837319,Fócide,es,Fócide,5.0984,2011-05-19,1.333,3,Available
"[28, 80, 53]",949229,Leo,ta,லியோ,4.9652,2023-10-18,6.89,146,Available
"[27, 9648, 53]",41505,6 Souls,en,6 Souls,4.1991,2010-03-27,6.022,784,Available
"[35, 99]",435074,Peter Cook and Dudley Moore: The Missing Sketches,en,Peter Cook and Dudley Moore: The Missing Sketches,5.5612,2016-12-31,0.0,0,Available
"[18, 10751]",1643524,Onobiren,en,Onobiren,4.7324,2026-03-06,10.0,1,Available
"[36, 18]",522925,Dalíland,en,Dalíland,4.5306,2022-09-29,5.901,86,Available
[18],480681,An Affair,no,En affære,4.5201,2018-10-05,5.405,63,Available
"[10402, 18, 35]",12508,Rock Star,en,Rock Star,4.4925,2001-09-04,6.728,835,Available
"[12, 18, 10749]",536671,All the Brothers Were Valiant,en,All the Brothers Were Valiant,2.2987,1923-01-15,8.0,1,Available
[18],368748,Ein Schloß,de,Ein Schloß,5.3267,1966-06-20,8.0,1,Available
[],632920,The Wandering Witch,es,La bruja del fósforo paseante,4.0888,2018-10-01,5.0,2,Available
"[16, 35, 18]",12593,Fritz the Cat,en,Fritz the Cat,4.879,1972-04-14,6.192,399,Available
[99],698067,Condor Operation,es,Operación Cóndor,5.7652,2020-04-30,0.0,0,Available
[16],448729,Anon Mation,en,Anon Mation,4.4942,2016-11-29,0.0,0,Available
"[16, 10751]",13459,Barbie in 'A Christmas Carol',en,Barbie in 'A Christmas Carol',4.2634,2008-11-03,7.2,592,Available
"[99, 10402]",879805,I Am: Celine Dion,en,I Am: Celine Dion,4.5969,2024-06-18,7.649,171,Available
"[35, 10749]",10407,Housesitter,en,Housesitter,4.6582,1992-06-12,6.154,477,Available
[],1007834,Dwindle,en,Dwindle,4.0674,2021-07-16,0.0,0,Available
"[53, 80, 18, 28]",471507,Destroyer,en,Destroyer,4.6039,2018-12-25,5.91,818,Available
[27],28953,Silent Vengeance,en,Silent Vengeance,6.0947,2007-05-01,0.0,0,Available
"[28, 53, 14]",9456,The Crow: Salvation,en,The Crow: Salvation,4.0874,2000-01-23,5.474,416,Available
"[10749, 18]",206922,Lake Sonata,lv,Ezera sonāte,4.9254,1976-07-12,5.5,4,Available
[],1260952,Kronos,pt,Kronos,6.7893,2023-06-14,0.0,0,Available
[18],793602,Favorite Concubine,ko,애첩,4.5708,2020-12-24,4.0,3,Available
[35],77953,The Campaign,en,The Campaign,4.7958,2012-08-09,5.836,1922,Available
"[27, 28]",760204,The Lair,en,The Lair,4.3445,2022-10-28,5.64,321,Available
[35],497039,Trésor party,fr,Trésor party,5.0197,1975-06-12,0.0,0,Available
[99],521033,The Farmer,nl,Boer Peer,4.5248,2018-04-27,5.0,1,Available
"[10749, 18]",342470,All the Bright Places,en,All the Bright Places,4.4799,2020-02-28,7.6,3063,Available
[35],531789,Four Oddballs of Saigon,vi,Tứ Quái Sài Gòn,5.2133,1973-01-01,10.0,1,Available
"[878, 53, 18, 27]",38946,Terror in the Midnight Sun,en,Rymdinvasion i Lappland,8.6266,1959-08-19,4.044,34,Available
"[80, 18, 9648, 53]",13150,Pride and Glory,en,Pride and Glory,4.8014,2008-09-09,6.332,981,Available
[18],344171,Unto the Dusk,ml,Asthamayam Vare,4.9525,2014-10-19,1.0,1,Available
"[27, 35]",256522,Rape Zombie: Lust of the Dead 2,ja,レイプゾンビ2 LUST OF THE DEAD アキバ帝国の逆襲,4.976,2013-03-23,6.2,116,Available
[18],288865,Späte Liebe,de,Späte Liebe,6.1291,1978-04-25,10.0,1,Available
"[28, 16, 18, 14, 10749]",283984,Fate/stay night: Heaven's Feel I. Presage Flower,ja,劇場版「Fate/stay night [Heaven’s Feel]」Ⅰ.presage flower,5.1954,2017-10-14,7.43,263,Available
"[16, 9648, 12]",39202,Detective Conan: Crossroad in the Ancient Capital,ja,名探偵コナン 迷宮の十字路,4.4814,2003-04-19,7.1,186,Available
[99],863951,Sobre Olhares,pt,Sobre Olhares,4.179,2021-08-20,0.0,0,Available
"[18, 53]",83686,The Words,en,The Words,4.1513,2012-09-07,6.697,1329,Available
"[9648, 12, 35]",11024,Scooby-Doo 2: Monsters Unleashed,en,Scooby-Doo 2: Monsters Unleashed,4.5658,2004-03-24,6.11,2980,Available
"[28, 35, 18, 10749]",62423,Saru Lock: The Movie,ja,猿ロック THE MOVIE,5.1731,2010-02-27,6.333,12,Available
"[28, 37]",10772,Django,it,Django,4.7347,1966-04-06,7.22,1025,Available
[35],11381,Tommy Boy,en,Tommy Boy,4.5551,1995-03-31,6.799,1093,Available
"[35, 18]",55156,Hail the Judge,zh,九品芝麻官,4.7803,1994-03-31,7.5,154,Available
"[35, 10749]",24548,Just One of the Guys,en,Just One of the Guys,4.557,1985-04-26,6.428,348,Available
"[10749, 10752, 18]",340101,Their Finest,en,Their Finest,4.805,2017-02-19,6.57,460,Available
"[16, 28, 80]",1395140,LUPIN THE IIIRD: The Movie - The Immortal Bloodline,ja,LUPIN THE IIIRD THE MOVIE 不死身の血族,5.0186,2025-06-27,7.621,33,Available
[10749],1318917,Chasing the Wind,tr,Rüzgara Bırak,4.9284,2025-01-09,6.643,56,Available
"[80, 35, 18]",509874,Lying and Stealing,en,Lying and Stealing,4.6535,2019-07-12,5.864,379,Available
[28],1750171,AAA Ola de Calor 2026,en,AAA Ola de Calor 2026,4.547,2026-08-30,7.5,2,Available
"[99, 10402]",857800,Becoming Led Zeppelin,en,Becoming Led Zeppelin,4.3138,2025-02-05,7.359,145,Available
"[10749, 35]",372363,14 Days,vi,14 Ngày Phép,4.9522,2009-12-18,8.0,3,Available
"[18, 36]",10130,Gorillas in the Mist,en,Gorillas in the Mist,4.166,1988-09-23,7.032,676,Available
[18],331697,The Bloody Cry,tr,Kanlı Feryad,4.8031,1951-01-02,9.0,1,Available
[],262573,Verão Coincidente,pt,Verão Coincidente,4.9644,1963-05-03,10.0,1,Available
"[28, 35]",1307247,OK! Madam: Bon Voyage,ko,오케이 마담 2,4.6796,2026-08-12,0.0,0,Available
[16],949581,"Snoopy Presents: To Mom (and Dad), with Love",en,"Snoopy Presents: To Mom (and Dad), with Love",4.7703,2022-05-05,6.8,20,Available
"[10751, 35]",638597,YES DAY,en,YES DAY,4.2497,2021-03-11,6.67,1319,Available
[18],428855,The Oxcart,es,La carreta,5.2115,1970-01-02,0.0,0,Available
"[18, 10752]",424488,Megan Leavey,en,Megan Leavey,4.7126,2017-06-09,7.261,865,Available
"[12, 36, 28, 14]",300168,Dragon Blade,zh,天將雄師,4.8519,2015-02-19,6.412,652,Available
"[28, 14]",75948,The Sorcerer and the White Snake,zh,白蛇传说,4.6594,2011-09-27,6.55,327,Available
[],1100848,Zetsu-Rin! Invisible Hentai Man: Second Virgin and Magic Potion,ja,絶倫！透明変態人間 セカンド童貞と魔法の薬,4.4281,2016-09-02,0.0,0,Available
"[18, 10749]",1713,Jungle Fever,en,Jungle Fever,4.6764,1991-06-07,6.407,327,Available
"[18, 10770, 80]",550776,Believe Me: The Abduction of Lisa McVey,en,Believe Me: The Abduction of Lisa McVey,4.3527,2018-09-30,8.02,706,Available
"[18, 14]",1757312,The Disenchantment,es,El Desencanto,6.1792,2026-10-29,0.0,0,Available
[99],1755108,Abraham Brothers,en,Abraham Brothers,4.755,1915-01-01,0.0,0,Available
[18],1437256,Just Once Before l Die,ko,죽기 전에 한 번만,4.7569,2025-02-14,4.0,1,Available
[18],179144,The Great Beauty,it,La grande bellezza,4.2136,2013-05-21,7.507,3355,Available
"[10749, 35, 10751, 14]",10869,Herbie Rides Again,en,Herbie Rides Again,4.5358,1974-02-12,6.161,451,Available
[35],62431,Paper Dogs,hu,Papírkutyák,5.0779,2009-02-19,6.5,9,Available
"[12, 35]",923119,Father of the Queen,pl,Ojciec królowej,4.7588,1980-04-07,6.5,2,Available
[18],318055,The Land of Angels,hu,Angyalok földje,5.2189,1962-01-14,8.0,1,Available
[35],209403,Bad Words,en,Bad Words,4.5595,2013-09-06,6.408,919,Available
[18],992759,Apartment Wife: Body Hell,ja,団地妻　肉体地獄,4.2305,1985-02-02,1.667,3,Available
[],777859,Karma Highway,en,Karma Highway,4.5529,,0.0,0,Unknown
[18],1530349,Fragmentos,es,Fragmentos,4.7596,2025-12-12,6.5,4,Available
"[10749, 14]",1592586,The Ogre's Bride,ja,鬼の花嫁,4.6819,2026-03-27,9.0,0,Available
"[35, 10749]",157772,31 Days,en,31 Días,3.8689,2013-01-11,4.8,11,Available
[],599004,Ateş Gibi,tr,Ateş Gibi,4.9713,1988-05-07,2.0,1,Available
"[14, 18]",483348,Eldsjälen,sv,Eldsjälen,4.4742,2000-12-01,0.0,0,Available
[18],285404,Albéniz,es,Albéniz,4.1156,1947-08-05,8.0,1,Available
"[28, 80, 18]",219572,Police Story: Lockdown,zh,警察故事2013,4.3168,2013-12-24,6.217,435,Available
[35],349394,À la Mode,fr,Fausto,5.1229,1993-09-10,4.864,11,Available
"[28, 18]",76544,Man of Tai Chi,en,Man of Tai Chi,4.9217,2013-07-04,6.104,1016,Available
"[16, 878, 28]",1003580,Legion of Super-Heroes,en,Legion of Super-Heroes,4.2011,2023-02-07,6.373,229,Available
"[18, 36, 10752]",1432596,Palestine 36,en,Palestine 36,4.088,2025-10-31,7.75,72,Available
[],805524,The Infantas,es,Las Infantas,6.251,2021-09-11,0.0,0,Available
"[35, 37]",9474,My Name Is Nobody,it,Il mio nome è Nessuno,4.594,1973-12-13,7.271,1086,Available
"[10749, 35]",384677,Set It Up,en,Set It Up,4.248,2018-06-15,6.907,2843,Available
[18],10079,Joy Division,en,Joy Division,4.419,2006-11-17,5.154,26,Available
[99],514140,The Embassy,pt,A Embaixada,4.7191,2011-03-26,0.0,0,Available
"[18, 35, 14]",657122,Dinosauritis,pt,Dinossaurite,4.9326,2020-09-24,0.0,0,Available
"[28, 18, 53, 80]",857598,Pushpa 2 - The Rule,te,పుష్పా 2 - The Rule,4.704,2024-12-04,6.2,163,Available
"[18, 36, 53]",61891,Anonymous,en,Anonymous,4.2661,2011-10-21,6.382,811,Available
"[878, 53]",19761,Saturn 3,en,Saturn 3,4.8234,1980-02-15,5.274,230,Available
"[18, 53, 10770]",530442,"My Teacher, My Obsession",en,"My Teacher, My Obsession",4.7137,2018-06-12,4.896,111,Available
[99],336009,Radio Belén,es,Radio Belén,4.0882,1983-07-28,6.0,1,Available
[35],293208,Millionäre,de,Millionäre,4.6054,1937-11-25,0.0,0,Available
"[99, 10402]",1642859,Iron Maiden: Burning Ambition,en,Iron Maiden: Burning Ambition,4.6326,2026-05-07,8.5,69,Available
"[18, 53]",1756300,As Testemunhas,pt,As Testemunhas,4.8123,2026-08-20,0.0,0,Available
[],963791,Bobby brûle,fr,Bobby brûle,6.2672,2021-09-15,7.0,1,Available
[18],641451,"Sweet, Salty",vi,"Ngot, Man",4.9416,2019-10-07,0.0,0,Available
[18],108,Three Colors: Blue,fr,Trois couleurs : Bleu,5.0828,1993-09-08,7.6,1946,Available
"[80, 18]",429422,Capone,en,Capone,4.7493,2020-06-26,5.043,461,Available
"[18, 10752]",8988,Stop-Loss,en,Stop-Loss,4.6515,2008-03-28,6.089,286,Available
"[878, 9648, 53, 10749]",269795,2:22,en,2:22,4.5973,2017-06-29,6.029,1573,Available
[28],1647065,El Moreño,es,El Moreño,5.6401,2006-11-13,0.0,0,Available
"[18, 10749]",416185,Ánima,es,Ánima,4.5993,2011-07-08,5.7,6,Available
"[18, 10749]",2731,Indochine,fr,Indochine,4.1095,1992-04-15,7.0,241,Available
"[80, 53, 27]",573,Frenzy,en,Frenzy,4.5223,1972-05-25,7.091,1052,Available
"[80, 18, 53, 28]",13012,Felon,en,Felon,4.5803,2008-07-17,7.137,1017,Available
[99],1056470,Finnish American Lives,en,Finnish American Lives,5.1918,1982-01-01,0.0,0,Available
"[53, 28]",31606,The Package,en,The Package,4.6302,1989-08-25,6.125,285,Available
[99],546556,Querido Fotogramas,es,Querido Fotogramas,4.391,2018-10-05,4.0,2,Available
"[35, 18, 14, 10749]",10215,Sliding Doors,en,Sliding Doors,4.665,1998-04-23,6.552,1448,Available
[36],365455,An Ocean to Cross,ja,天平の甍,4.437,1980-01-26,9.0,1,Available
"[12, 18]",1382513,Hen,el,Κότα,4.369,2026-02-20,7.14,25,Available
"[35, 10751, 12]",9641,Cheaper by the Dozen 2,en,Cheaper by the Dozen 2,4.9313,2005-12-21,6.157,2126,Available
"[35, 18]",4291,Kikujiro,ja,菊次郎の夏,4.68,1999-06-05,7.524,614,Available
"[878, 53, 18]",10514,The Andromeda Strain,en,The Andromeda Strain,4.2078,1971-03-12,7.057,838,Available
"[14, 12, 35, 10751]",2395,Asterix at the Olympic Games,fr,Astérix aux Jeux olympiques,4.3967,2008-01-25,5.239,2134,Available
"[28, 12, 14]",1177369,The Legend of Zelda,en,The Legend of Zelda,4.5298,2027-04-28,0.0,0,Available
[18],247860,Reflection in the Water,lv,Atspulgs ūdenī,4.9436,1977-01-03,0.0,0,Available
"[12, 14, 28, 37, 53]",46528,The Warrior's Way,en,The Warrior's Way,4.6686,2010-12-01,6.614,693,Available
"[35, 18]",999644,You Are So Not Invited to My Bat Mitzvah,en,You Are So Not Invited to My Bat Mitzvah,4.2231,2023-08-18,6.473,540,Available
"[10749, 35, 10770, 10402]",35558,Starstruck,en,Starstruck,4.4163,2010-02-14,7.04,1246,Available
"[27, 53]",807339,Apartment 7A,en,Apartment 7A,4.5098,2024-09-20,6.11,420,Available
"[80, 18]",15577,Crossing Over,en,Crossing Over,4.5471,2009-02-10,6.1,418,Available
"[28, 27, 878]",18289,Godzilla vs. Biollante,ja,ゴジラvsビオランテ,4.4136,1989-12-16,7.372,312,Available
"[10749, 878, 18]",586791,Little Fish,en,Little Fish,4.2382,2021-02-05,7.1,280,Available
"[16, 10751, 28]",15854,Kung Fu Panda: Secrets of the Furious Five,en,Kung Fu Panda: Secrets of the Furious Five,4.2357,2008-11-08,6.8,487,Available
"[9648, 18, 53]",473,Pi,en,Pi,4.3751,1998-07-10,7.122,2578,Available
[18],1358857,Soledá,es,Soledá,5.3306,2024-09-28,5.0,1,Available
"[12, 28]",9826,The Phantom,en,The Phantom,5.1364,1996-06-06,5.317,645,Available
"[10749, 18]",784130,The Night Belongs to Lovers,fr,La nuit aux amants,4.4383,2021-12-16,5.7,20,Available
[35],375794,"No manches, Frida",es,"No manches, Frida",5.0541,2016-09-02,7.726,965,Available
[35],787781,Quiz Lady,en,Quiz Lady,4.7271,2023-09-09,6.693,335,Available
"[53, 80, 9648]",11456,Domestic Disturbance,en,Domestic Disturbance,4.2207,2001-10-28,5.764,478,Available
"[35, 18]",9382,Boys on the Side,en,Boys on the Side,4.6801,1995-02-03,6.4,271,Available
[18],596,The Grapes of Wrath,en,The Grapes of Wrath,4.8418,1940-03-15,7.803,1142,Available
"[28, 12, 14, 18, 27, 9648, 53]",299824,Mojin: The Lost Legend,zh,寻龙诀,4.5413,2015-12-18,6.2,267,Available
"[53, 27]",931628,A Sacrifice,en,A Sacrifice,5.0877,2024-06-28,5.544,148,Available
"[14, 12, 35]",520725,The Lost Prince,fr,Le prince oublié,3.9499,2020-02-12,5.695,375,Available
[99],398345,Armonía,es,Armonía,5.1174,2014-08-27,0.0,0,Available
[18],290895,Silent Bells,en,Elnémult harangok,5.0555,1940-09-06,0.0,0,Available
"[28, 80, 18, 53]",6,Judgment Night,en,Judgment Night,4.9007,1993-10-15,6.448,387,Available
"[27, 53]",551994,The Shed,en,The Shed,4.4289,2019-10-25,5.946,157,Available
"[27, 18]",1363163,Neighborhood,de,Neighborhood,5.0239,2024-09-24,0.0,0,Available
"[27, 80, 18]",452507,1922,en,1922,4.4907,2017-10-20,5.948,2964,Available
"[28, 53]",437109,The Villainess,ko,악녀,4.6041,2017-06-08,6.92,791,Available
"[35, 18, 10770]",437736,Pacte Sacré,fr,Pacte Sacré,5.0248,2017-01-24,6.0,4,Available
[99],453661,Las cinéphilas,es,Las cinéphilas,4.7076,2017-04-20,6.2,11,Available
"[16, 28, 878]",44251,Dragon Ball Z: Broly - Second Coming,ja,ドラゴンボールＺ 危険なふたり！超戦士はねむれない,4.7075,1994-03-12,6.766,738,Available
"[27, 53]",11133,Poltergeist II: The Other Side,en,Poltergeist II: The Other Side,4.7075,1986-05-23,5.994,793,Available
"[53, 18]",476291,Saawan,ur,ساون‎,4.7072,2016-07-01,7.3,6,Available
"[10751, 35, 18]",16701,Kidz in da Hood,sv,Förortsungar,4.707,2006-10-27,4.5,12,Available
"[12, 18, 14, 10751, 53]",2274,The Seeker: The Dark Is Rising,en,The Seeker: The Dark Is Rising,4.7066,2007-10-05,5.42,455,Available
[18],1125701,Midwinter Break,en,Midwinter Break,4.7065,2026-02-20,7.2,27,Available
"[16, 80, 12, 9648]",316873,Detective Conan: Sunflowers of Inferno,ja,名探偵コナン 業火の向日葵,4.7065,2015-04-18,6.1,145,Available
"[18, 36]",245168,Suffragette,en,Suffragette,4.7061,2015-10-16,7.184,1688,Available
"[18, 10749]",1144202,Ayam Kampus,io,Ayam Kampus,4.706,2023-06-10,0.0,0,Available
[18],214142,Under the Starry Sky,fr,Des étoiles,4.7056,2014-01-29,6.7,7,Available
"[16, 28, 12, 14]",829920,Fate/Grand Order Final Singularity – Grand Temple of Time: Solomon,ja,Fate/Grand Order: Shuukyoku Tokuiten - Kani Jikan Shinden Solomon,4.7054,2021-07-30,6.9,47,Available
[35],60815,Operasjon Sjøsprøyt,no,Operasjon Sjøsprøyt,4.7054,1964-02-10,7.0,3,Available
"[10751, 16, 35, 9648, 10749]",14447,A Matter of Loaf and Death,en,A Matter of Loaf and Death,4.7054,2008-12-26,7.362,629,Available
[18],408255,Foreign Body,fr,Corps étranger,4.7052,2016-02-21,5.3,8,Available
"[80, 18, 28]",23538,A Dirty Carnival,ko,비열한 거리,4.7051,2006-10-17,7.028,232,Available
[],1653121,Dark Law Enforcer 1,ja,闇の法執行人 1,4.705,2017-06-10,0.0,0,Available
"[35, 18]",9991,Mean Machine,en,Mean Machine,4.7046,2001-12-26,6.259,655,Available
"[27, 53, 9648]",35908,Evil Angel,en,Evil Angel,4.7044,2009-02-05,4.967,60,Available
[35],708442,Operation Delilah,es,Operación Dalila,4.7043,1967-08-21,7.5,2,Available
"[16, 9648, 28, 80]",374856,Detective Conan: The Darkest Nightmare,ja,名探偵コナン 純黒の悪夢（ナイトメア）,4.3815,2016-04-16,6.8,127,Available
"[27, 10749]",28260,Return of the Living Dead III,en,Return of the Living Dead III,4.2551,1993-10-01,6.572,922,Available
"[878, 28, 18, 53]",11234,The Omega Man,en,The Omega Man,4.1845,1971-08-01,6.182,637,Available
"[18, 10751]",382102,Good Machine Gun Sound,en,God maskingeværlyd,4.9494,2014-01-01,7.0,1,Available
"[12, 35]",9290,Crocodile Dundee in Los Angeles,en,Crocodile Dundee in Los Angeles,4.665,2001-04-12,5.199,686,Available
"[27, 53]",801937,"Silent Night, Deadly Night",en,"Silent Night, Deadly Night",4.2606,2025-12-10,6.4,161,Available
[37],11897,How the West Was Won,en,How the West Was Won,3.993,1962-11-02,6.979,511,Available
[18],400367,Amor perdóname,es,Amor perdóname,4.7728,1967-01-02,5.7,3,Available
"[27, 53]",9885,Wolf Creek,en,Wolf Creek,5.311,2005-09-16,6.227,1318,Available
"[12, 10751, 16, 14, 878]",86184,Doraemon: Nobita's Great Battle of the Mermaid King,ja,映画ドラえもん のび太の人魚大海戦,4.4589,2010-03-06,6.8,74,Available
"[27, 53]",78383,Nurse 3-D,en,Nurse 3-D,4.839,2013-09-28,5.334,526,Available
"[18, 14, 878]",157834,The Zero Theorem,en,The Zero Theorem,4.8967,2013-09-20,6.095,1379,Available
"[18, 36, 53]",848439,Firebrand,en,Firebrand,3.8621,2024-03-27,6.27,185,Available
[16],1113170,The Last Stone,sk,Posledný kameň,6.2734,1982-01-01,0.0,0,Available
"[35, 10402]",975225,Spinal Tap II: The End Continues,en,Spinal Tap II: The End Continues,5.0847,2025-09-12,6.111,99,Available
[18],406070,The Fish Can Sing,is,Brekkukotsannáll,4.7021,1973-02-11,8.0,1,Available
[18],8327,The Holy Mountain,es,La montaña sagrada,4.3391,1973-11-29,7.518,1057,Available
"[16, 28, 12, 35, 10751]",1276521,Charlie the Wonderdog,en,Charlie the Wonderdog,4.6769,2025-10-24,6.3,29,Available
"[35, 18]",44007,Cándida,es,Cándida,4.9331,2006-12-22,6.146,24,Available
"[18, 10749]",1289936,Downton Abbey: The Grand Finale,en,Downton Abbey: The Grand Finale,4.6752,2025-09-10,7.1,293,Available
"[16, 12, 14, 878]",872976,Digimon Adventure 02: The Beginning,ja,デジモンアドベンチャー02 THE BEGINNING,4.0914,2023-04-01,7.05,50,Available
"[16, 878]",492719,Godzilla: City on the Edge of Battle,ja,GODZILLA 決戦機動増殖都市,4.4388,2018-05-18,6.558,407,Available
[18],284057,Acteón,es,Acteón,4.5504,1967-06-13,5.6,5,Available
"[16, 35, 878, 12]",1284004,May the 12th Be with You,en,May the 12th Be with You,4.4035,2024-05-09,5.181,69,Available
"[16, 14, 10751]",18198,Barbie Mariposa,en,Barbie Mariposa,4.1067,2008-02-26,6.777,558,Available
"[35, 10749]",759,Gentlemen Prefer Blondes,en,Gentlemen Prefer Blondes,4.2027,1953-07-15,7.32,1104,Available
"[18, 10749, 36]",256662,Forever a Woman,ja,乳房よ永遠なれ,4.178,1955-11-23,7.6,35,Available
"[16, 28, 10752, 878, 18]",15877,The Sky Crawlers,ja,スカイ・クロラ,5.1473,2008-08-02,6.7,184,Available
"[18, 35, 10749]",212716,What If,en,What If,4.6615,2013-09-07,6.7,2114,Available
"[18, 36]",12524,Titus,en,Titus,4.4109,1999-12-25,6.413,294,Available
"[27, 9648]",41436,Paranormal Activity 2,en,Paranormal Activity 2,4.1966,2010-10-20,5.803,2693,Available
"[80, 53, 35]",90934,The Underground Banker,cn,香港奇案之吸血貴利王,4.4017,1994-01-22,5.786,14,Available
[99],1739186,Untold: The Testimony of Vince Young,en,Untold: The Testimony of Vince Young,4.4782,2026-08-25,6.1,10,Available
[16],795564,Crayon Shin-chan: Shrouded in Mystery! The Flowers of Tenkazu Academy,ja,クレヨンしんちゃん 謎メキ！花の天カス学園,4.3032,2021-04-23,7.5,32,Available
"[28, 80, 18, 53, 9648]",4597,Armored,en,Armored,5.3313,2009-12-04,5.765,724,Available
"[16, 10402, 18, 878]",1322752,COLORFUL STAGE! The Movie: A Miku Who Can't Sing,ja,劇場版プロジェクトセカイ 壊れたセカイと歌えないミク,4.3746,2025-01-17,8.3,56,Available
[99],594217,Ordinary Landscape,fr,Paysage ordinaire,5.1155,2019-04-07,0.0,0,Available
"[28, 35, 53, 80]",67913,The Guard,en,The Guard,4.5979,2011-07-07,6.971,1452,Available
[35],1440049,Preschool,en,Preschool,4.9315,2026-03-17,6.2,12,Available
"[27, 53, 35]",406994,Better Watch Out,en,Better Watch Out,4.3004,2017-10-06,6.648,1687,Available
"[18, 10749]",8293,Howards End,en,Howards End,4.2416,1992-03-13,6.999,609,Available
[99],927818,Betelnut Bisnis,en,Betelnut Bisnis,5.5723,2004-01-01,7.0,1,Available
"[18, 27]",425072,Sargad,sv,Sargad,4.3403,2017-08-04,6.0,3,Available
"[878, 35, 10749]",451925,Time Freak,en,Time Freak,4.4634,2018-11-09,6.702,499,Available
"[16, 10751, 12]",77951,Walking with Dinosaurs,en,Walking with Dinosaurs,4.4417,2013-12-18,6.188,534,Available
"[35, 18]",1248251,Mollywood Times,ml,മോളിവുഡ് ടൈംസ്,4.6983,2026-06-05,6.2,15,Available
[18],250538,The Good Lie,en,The Good Lie,4.8549,2014-09-10,7.503,620,Available
"[28, 12, 14]",12211,Highlander: Endgame,en,Highlander: Endgame,4.4278,2000-09-01,4.802,477,Available
"[10751, 35]",369883,Middle School: The Worst Years of My Life,en,Middle School: The Worst Years of My Life,4.2402,2016-10-07,6.921,466,Available
"[27, 53]",1373198,Twisted,en,Twisted,4.8452,2026-02-06,4.67,53,Available
[],158184,Génération Electro,fr,Génération Electro,4.7612,2008-07-02,0.0,0,Available
"[28, 35, 18]",931102,Ride On,zh,龙马精神,4.6294,2023-04-07,7.155,427,Available
[99],1684240,Jamie Vardy,en,Jamie Vardy,4.9491,2026-05-12,7.371,35,Available
[18],363308,The Key,ja,鍵,4.3618,1997-10-18,5.0,10,Available
"[99, 10402]",132,Gimme Shelter,en,Gimme Shelter,4.2898,1970-12-13,7.337,199,Available
"[27, 53, 10770]",571055,Down,en,Down,4.5253,2019-02-01,6.816,256,Available
"[27, 53, 9648]",38358,The Last Exorcism,en,The Last Exorcism,4.438,2010-08-27,5.684,1141,Available
"[27, 878, 53]",579828,Superdeep,ru,Кольская сверхглубокая,5.2046,2020-11-04,5.9,369,Available
[99],287722,Los Exóticos,es,Los Exóticos,4.8546,2013-06-02,5.0,3,Available
"[10749, 18]",1144443,Follow My Voice,es,Sigue mi voz,4.8473,2025-09-12,7.268,69,Available
[99],353618,Så nära,sv,Så nära,4.2777,2010-03-08,5.5,2,Available
"[80, 16, 28]",17922,Golgo 13: The Professional,ja,ゴルゴ13,4.6076,1983-05-28,6.247,85,Available
[99],355542,Rebels,no,Pøbler,4.2042,2015-08-21,7.0,3,Available
[99],731165,Infidel,bs,Ćafir,4.7826,2019-11-08,5.333,3,Available
"[80, 18]",1623,Brubaker,en,Brubaker,4.5446,1980-06-20,7.094,528,Available
"[16, 10751]",168903,Barbie in the Pink Shoes,en,Barbie in the Pink Shoes,4.3619,2013-02-14,6.9,404,Available
"[10749, 18, 10402]",12637,"New York, New York",en,"New York, New York",4.2671,1977-06-21,6.532,516,Available
"[36, 18, 53, 80, 9648]",6973,In the Valley of Elah,en,In the Valley of Elah,4.6164,2007-09-14,6.781,1130,Available
"[53, 18]",848685,The Beasts,fr,As bestas,4.2046,2022-07-20,7.476,975,Available
[99],1400383,Teenage Wasteland,en,Teenage Wasteland,4.595,2025-11-26,6.75,4,Available
"[35, 18]",1611789,The Liars,es,Los Mentirosos,4.7209,2026-01-24,0.0,0,Available
"[10749, 18, 878]",1220807,The Astronomer,es,El Astrónomo,5.9537,2024-11-12,8.0,1,Available
"[18, 35]",927731,The Sofa,fr,Le canapé,4.856,2018-01-01,4.5,2,Available
"[18, 36]",14292,Miracle,en,Miracle,4.1405,2004-02-06,7.127,696,Available
"[28, 80, 53, 12, 18]",331576,SPL 2: A Time for Consequences,cn,殺破狼2,4.9097,2015-06-18,6.981,291,Available
"[10749, 18]",337676,"Mektoub, My Love: Canto Uno",fr,"Mektoub, My Love: Canto Uno",4.5084,2018-03-21,6.671,346,Available
[],1750767,Serambi Mama,en,Serambi Mama,4.6828,2016-01-01,0.0,0,Available
"[36, 18]",878361,Big George Foreman,en,Big George Foreman,4.6828,2023-04-27,7.625,384,Available
"[99, 10402, 36]",1516859,Ali's Story,en,Ali's Story,4.6826,,0.0,0,Unknown
"[14, 53, 9648]",16140,Death Note: The Last Name,ja,デスノート the Last name,4.6825,2006-10-28,7.058,561,Available
[18],861836,Premonición,es,Premonición,4.6824,2017-08-23,7.3,7,Available
[53],1064024,Locked In,en,Locked In,4.6823,2023-11-01,5.237,308,Available
"[10749, 10402, 18]",440298,Cold War,pl,Zimna wojna,4.6821,2018-06-08,7.424,1615,Available
"[28, 53]",1469354,Border Hunters,en,Border Hunters,4.6817,2025-10-20,6.207,58,Available
"[16, 12, 14, 10751, 28, 35]",974663,200% Wolf,en,200% Wolf,4.6817,2024-07-04,6.7,64,Available
"[10749, 35, 53]",10945,Jumpin' Jack Flash,en,Jumpin' Jack Flash,4.6815,1986-10-09,6.084,399,Available
"[80, 18]",284794,The Highway,de,Die Landstraße,4.6812,1913-09-17,0.0,0,Available
"[99, 10402]",354167,Jai Ho,en,Jai Ho,4.6811,2014-01-01,6.0,3,Available
"[27, 53]",1418657,The Yeti,en,The Yeti,4.6809,2026-04-04,5.886,79,Available
"[27, 18, 9648]",850439,The Damned,en,The Damned,4.6809,2025-01-03,5.83,206,Available
"[35, 10749, 18]",13092,How to Lose Friends & Alienate People,en,How to Lose Friends & Alienate People,4.6808,2008-10-02,6.017,865,Available
"[28, 53, 12, 80]",587412,K.G.F: Chapter 2,kn,ಕೆ.ಜಿ.ಎಫ್: Chapter 2,4.6806,2022-04-14,7.464,223,Available
"[28, 16, 14, 18]",17165,Bleach the Movie: Fade to Black,ja,劇場版 BLEACH Fade to Black 君の名を呼ぶ,4.6805,2008-12-13,7.132,204,Available
"[28, 12, 80, 18, 53]",13572,Twisted,en,Twisted,4.6805,2004-02-27,5.562,624,Available
[18],891645,La cura,it,La cura,4.6796,2022-10-13,0.0,0,Available
"[878, 53, 27]",471498,Oxygen,fr,Oxygène,4.6795,2021-05-12,6.612,1598,Available
[99],1625396,The Philly Special,en,The Philly Special,28.7001,2026-02-06,0.0,0,Available
[99],354160,Dossiê Kavernista,pt,Dossiê Kavernista,5.2242,2012-01-01,0.0,0,Available
"[10751, 16, 35]",509730,The Queen's Corgi,en,The Queen's Corgi,4.4247,2019-02-13,5.9,456,Available
[878],131015,The Fortress,hu,Az erőd,5.3288,1979-01-01,6.5,6,Available
"[10752, 36, 18]",633515,The Forgotten Battle,nl,De Slag om de Schelde,4.548,2021-06-05,7.085,796,Available
[18],254172,Fathers and Daughters,en,Fathers and Daughters,5.5827,2015-10-01,7.179,1069,Available
[10749],501190,"God, Sex and Truth",en,"God, Sex and Truth",4.2116,2018-01-27,5.724,29,Available
"[35, 10751, 18]",1420367,Billionaire cleaner,en,Billionaire cleaner,4.4392,,0.0,0,Unknown
[35],127748,The Lady Medic,it,La dottoressa del distretto militare,3.84,1976-01-01,4.167,24,Available
[10749],330716,Forbidden Pleasures,fr,Plaisirs défendus,4.9824,2005-01-31,2.333,3,Available
[27],13550,The Changeling,en,The Changeling,4.275,1980-03-28,7.0,745,Available
"[9648, 12, 53]",11904,Young Sherlock Holmes,en,Young Sherlock Holmes,4.1678,1985-12-04,6.763,733,Available
[35],290339,Grandstand for General Staff,de,Der Feldherrnhügel,4.4057,1932-04-01,7.0,1,Available
[35],293918,Little Heart of Gold,cs,Zlaté srdéčko,4.7386,1916-10-20,0.0,0,Available
"[27, 9648, 53]",21506,Noroi: The Curse,ja,ノロイ,4.3517,2005-08-20,6.886,452,Available
[27],1276774,Getaway Bikes,en,Getaway Bikes,3.6233,2024-04-18,0.0,0,Available
"[27, 53, 80]",11167,Peeping Tom,en,Peeping Tom,4.6606,1960-04-07,7.457,926,Available
"[28, 12, 18, 36]",10544,Ned Kelly,en,Ned Kelly,4.8122,2003-03-22,6.0,406,Available
"[10752, 18, 36]",1026880,Irena's Vow,en,Irena's Vow,4.5312,2024-04-15,7.6,139,Available
"[27, 53, 878]",435615,Possessor,en,Possessor,4.4788,2020-10-02,6.377,1098,Available
[18],14047,The Great Debaters,en,The Great Debaters,3.9812,2007-12-25,7.274,743,Available
"[35, 27, 9648]",22244,Society,en,Society,4.303,1990-03-30,6.668,658,Available
"[28, 18]",494479,Tales of Young Genji Kuro 3,ja,源氏九郎颯爽記 秘剣揚羽の蝶,4.3366,1962-03-07,8.2,3,Available
[],947801,Where Do We Hide From the Rain?,en,Pasilong,4.6974,2021-02-22,0.0,0,Available
"[12, 27]",8691,Cannibal Ferox,it,Cannibal Ferox,4.4615,1981-04-24,5.375,271,Available
"[12, 14]",576784,Upon the Magic Roads,ru,Конёк-Горбунок,4.4981,2021-02-18,6.791,314,Available
"[18, 53]",575,The Experiment,de,Das Experiment,4.6545,2001-03-08,7.429,1259,Available
"[878, 53]",516806,Last Sentinel,en,Last Sentinel,4.8969,2023-03-17,5.329,251,Available
[18],436441,The Insatiable Widow,es,Insaciable,4.8998,1984-09-27,3.889,9,Available
"[80, 28, 35, 18]",25074,Miracles: The Canton Godfather,cn,奇蹟,4.5043,1989-06-15,7.121,186,Available
[35],9099,Sgt. Bilko,en,Sgt. Bilko,4.5308,1996-03-29,5.887,404,Available
"[53, 80, 9648, 18]",4281,Appointment with Death,en,Appointment with Death,4.4118,1988-04-15,6.094,192,Available
[18],980401,The Great Bear,fr,Grande Ourse,5.1714,2013-05-12,6.0,1,Available
[99],476522,Schumann's Bar Talks,de,Schumanns Bargespräche,4.8288,2017-10-12,4.0,2,Available
[18],102724,Serenata española,es,Serenata española,4.6456,1947-05-12,8.0,1,Available
[18],479848,Anna Böckler,de,Anna Böckler,5.2355,1968-10-19,0.0,0,Available
"[16, 12, 10751, 35]",778810,Fireheart,en,Fireheart,4.2366,2022-01-16,7.2,295,Available
[18],589083,Windy Street,ja,風のある道,4.3762,1959-09-13,6.0,1,Available
"[10751, 35]",1214028,Kangaroo,el,Kangaroo,4.2184,2025-08-21,6.348,33,Available
"[27, 53]",467660,Unsane,en,Unsane,4.6685,2018-03-22,6.25,1715,Available
[27],19185,Night of the Living Dead,en,Night of the Living Dead,4.6684,1990-10-19,6.873,1004,Available
"[80, 18, 53]",862965,Emily the Criminal,en,Emily the Criminal,4.6682,2022-08-12,6.652,1063,Available
"[878, 53, 28]",24230,Nemesis,en,Nemesis,4.6675,1992-12-26,5.413,179,Available
"[35, 18, 36]",522,Ed Wood,en,Ed Wood,4.6675,1994-09-28,7.481,2581,Available
"[10749, 16]",1445276,A Love Too Captivating,ja,たまらないのは恋なのか,4.6674,2025-04-06,7.833,6,Available
"[16, 18]",2011,Persepolis,fr,Persepolis,4.6671,2007-06-27,7.88,2242,Available
"[10751, 12, 878]",238603,Earth to Echo,en,Earth to Echo,4.667,2014-06-14,5.899,629,Available
[10752],321062,Soldiers behind enemy lines,zh,敌后武工队,4.6668,1995-01-01,6.5,2,Available
[18],1316057,Mistress,ko,아씨마님,4.6665,2024-05-17,0.0,0,Available
"[35, 28, 80]",340022,Gringo,en,Gringo,4.6662,2018-03-08,5.891,818,Available
"[12, 35, 14]",46498,Candy,en,Candy,4.6661,1968-12-17,5.1,85,Available
[99],463088,The Game Changers,en,The Game Changers,4.6659,2019-09-16,7.288,346,Available
[18],335780,The Homecoming,is,Blóðberg,4.6658,2015-04-10,5.8,5,Available
[99],396900,Bagpiper Antalík,en,Gajdoš Antalík,4.6656,1982-01-01,0.0,0,Available
[27],357096,I Spit on Your Grave III: Vengeance Is Mine,en,I Spit on Your Grave III: Vengeance Is Mine,4.6656,2015-10-01,5.784,1087,Available
[18],1420731,Red April,en,Red April,4.6653,2025-01-20,8.0,1,Available
"[28, 35, 18]",1577970,Arrested Memory,zh,狂忘警探,4.6651,2026-09-07,7.0,2,Available
"[28, 35]",237666,No. 20 Madras Mail,ml,No. 20 മദ്രാസ് മെയിൽ,4.6645,1990-02-16,6.3,20,Available
"[10751, 14]",619814,Žaltvykslės,lt,Žaltvykslės,4.6642,1980-09-05,0.0,0,Available
"[18, 53, 9648, 10749]",1049,Sommersby,en,Sommersby,4.4086,1993-02-05,6.362,436,Available
[27],463843,Sweetheart,en,Sweetheart,4.5165,2019-01-28,6.392,424,Available
[27],1614854,Dream Story,en,Dream Story,4.4364,2026-01-18,10.0,2,Available
[9648],1589991,Novela,es,Novela,6.2713,,0.0,0,Unknown
"[9648, 16, 14]",212162,Puella Magi Madoka Magica the Movie Part III: Rebellion,ja,劇場版 魔法少女まどか☆マギカ[新編]叛逆の物語,4.6134,2013-10-26,7.7,208,Available
"[10749, 35, 18]",1756819,Apartment 7,en,Apartment 7,5.6373,2026-09-06,0.0,0,Available
"[16, 10751, 14, 35, 12]",46929,Fun and Fancy Free,en,Fun and Fancy Free,4.6622,1947-09-27,6.271,542,Available
"[28, 16, 878, 53]",16402,Patlabor WXIII the Movie,ja,WXIII 機動警察パトレイバー,4.4925,2002-03-30,6.594,53,Available
[35],80164,Straw Hat,cs,Slaměný klobouk,4.5095,1972-03-24,5.563,8,Available
"[80, 9648, 53]",12395,Thunderheart,en,Thunderheart,4.2734,1992-04-03,6.349,331,Available
"[28, 14, 12, 878]",626412,Alienoid: Return to the Future,ko,외계+인 2부,4.0331,2024-01-10,6.688,869,Available
"[28, 80, 18]",1306798,Unification of Japan 42,ja,日本統一４２,4.3047,2020-11-25,0.0,0,Available
"[18, 10749]",8291,Poetic Justice,en,Poetic Justice,4.3151,1993-07-23,6.713,294,Available
[18],1649299,Divine Arrangement,en,Divine Arrangement,4.1062,,0.0,0,Unknown
"[18, 53, 80]",1278263,The Seed of the Sacred Fig,fr,Les Graines du figuier sauvage,4.7989,2024-09-18,7.52,512,Available
"[53, 9648]",79548,Gone,en,Gone,3.9304,2012-02-23,6.237,1272,Available
"[80, 18, 53]",1130022,Sovereign,en,Sovereign,3.8993,2025-07-11,6.649,141,Available
"[35, 10751, 12]",13767,The Santa Clause 3: The Escape Clause,en,The Santa Clause 3: The Escape Clause,4.5244,2006-11-02,5.6,1195,Available
"[28, 12, 53]",500916,Primal,en,Primal,4.5487,2019-12-27,5.605,442,Available
"[16, 10751]",49953,A Turtle's Tale: Sammy's Adventures,en,A Turtle's Tale: Sammy's Adventures,5.0535,2010-08-04,6.063,701,Available
[],701561,Lee Chaedam's G-Spot,ko,이채담의 지스팟,4.7493,2017-10-26,5.0,13,Available
"[12, 16, 10751, 28]",552095,PAW Patrol: Mighty Pups,en,PAW Patrol: Mighty Pups,4.741,2018-10-04,7.53,591,Available
"[35, 9648]",512,Scoop,en,Scoop,4.3182,2006-07-27,6.598,1785,Available
"[878, 16, 28]",30675,Planet Hulk,en,Planet Hulk,4.4248,2010-02-02,7.114,568,Available
"[80, 53, 18, 28]",482,Shaft,en,Shaft,4.4056,1971-06-25,6.431,437,Available
[],1030641,Romão,en,Romão,5.0096,2022-10-06,0.0,0,Available
"[28, 18, 9648, 53]",9061,Just Cause,en,Just Cause,4.4364,1995-02-17,6.258,645,Available
"[12, 35, 14]",497984,Monster Hunt 2,zh,捉妖记2,4.44,2018-02-16,6.7,148,Available
"[35, 878]",6280,Junior,en,Junior,4.4382,1994-11-22,5.197,1698,Available
[28],10619,Once Upon a Time in China III,cn,黃飛鴻之三：獅王爭霸,4.7859,1993-01-14,6.446,231,Available
[99],656240,Latvian Coyote,lv,Valkātājs,4.6668,2019-12-01,0.0,0,Available
[99],158999,Blackfish,en,Blackfish,3.9629,2013-06-07,7.852,1213,Available
"[18, 10749, 35]",81803,First Love,it,Primo amore,4.1233,1978-11-10,5.661,31,Available
[],1731971,A Maiko's Holiday,ja,舞妓の休日,4.5284,1961-07-12,0.0,0,Available
"[35, 10749, 18]",9541,Jersey Girl,en,Jersey Girl,4.0209,2004-03-25,6.194,1182,Available
[],1550823,The Father and His Son,ja,親父とその子,4.4308,1929-09-13,10.0,1,Available
"[10749, 18]",330947,Song to Song,en,Song to Song,4.0069,2017-03-17,5.5,930,Available
[],701448,STATIC,en,STATIC,5.3255,2015-11-14,0.0,0,Available
[18],437076,Malpaís,es,Malpaís,4.3928,2012-01-02,0.0,0,Available
"[35, 18, 878]",11597,Toys,en,Toys,4.6721,1992-12-18,5.33,610,Available
"[16, 28, 12, 18, 80, 35]",31049,Lupin the Third: Farewell to Nostradamus,ja,ルパン三世 くたばれ!ノストラダムス,5.0834,1995-04-22,6.5,70,Available
"[18, 10749, 878]",301875,Equals,en,Equals,4.4815,2015-07-15,6.113,1464,Available
"[27, 53]",1194963,Noise,ko,노이즈,4.5812,2025-06-25,6.7,102,Available
[],239716,First Summer,lv,Pirmā vasara,4.669,1974-11-26,0.0,0,Available
[18],964819,99 Moons,de,99 Moons,4.3975,2023-04-27,4.8,40,Available
"[80, 53]",678,Out of the Past,en,Out of the Past,3.5569,1947-11-25,7.7,662,Available
[99],299820,México Pelágico,es,México Pelágico,4.1393,2014-10-30,7.0,1,Available
"[35, 18]",20829,Funny People,en,Funny People,4.4604,2009-07-30,5.881,1470,Available
[53],1433929,N121 Bus de nuit,fr,N121 Bus de nuit,4.6699,2026-02-04,6.1,23,Available
"[35, 878, 10749]",521007,Superintelligence,en,Superintelligence,4.5322,2020-11-26,5.907,391,Available
[16],1065460,To Fall,en,Fallen,4.4832,2023-01-20,2.0,1,Available
"[18, 28]",48773,Game of Death II,cn,死亡塔,4.5163,1981-03-21,5.796,194,Available
"[28, 16, 878, 14]",76589,Justice League: Doom,en,Justice League: Doom,4.7475,2012-02-28,7.412,955,Available
"[80, 28, 53]",500919,211,en,211,4.6317,2018-05-30,5.259,507,Available
[],264550,Generation Spielberg,en,Generación Spielberg,6.1224,2014-04-15,4.333,6,Available
[99],1641576,"Olympe de Gouges : Liberté, égalité, féminité",fr,"Olympe de Gouges : Liberté, égalité, féminité",3.7827,2025-03-08,0.0,0,Available
[36],263749,Raja Mukthi,ta,ராஜ முக்தி,3.8589,1948-10-09,7.0,1,Available
"[16, 878, 53]",586810,Mars Express,fr,Mars Express,4.5944,2023-11-22,7.472,582,Available
[99],428002,¡Al fútbol!,es,¡Al fútbol!,4.8843,1975-01-01,5.9,5,Available
"[14, 18, 35, 10751]",71864,The Odd Life of Timothy Green,en,The Odd Life of Timothy Green,4.4325,2012-08-15,7.006,1270,Available
[10402],381916,La Traviata,it,La Traviata,5.5301,2014-08-04,0.0,0,Available
"[35, 10749]",41280,Private Lessons,en,Private Lessons,4.7006,1981-05-01,5.744,133,Available
"[27, 53, 9648, 878]",665032,The Knife,en,The Knife,5.2702,2021-11-26,0.0,0,Available
"[14, 16, 35, 10751, 9648, 12]",13355,Scooby-Doo! Pirates Ahoy!,en,Scooby-Doo! Pirates Ahoy!,4.5563,2006-09-10,7.452,310,Available
"[28, 80, 18]",1309165,Unification of Japan Gaiden: Tamura Yuto 2,ja,日本統一外伝　田村悠人２,4.3308,2021-05-25,0.0,0,Available
"[16, 12, 14, 10749]",968870,Pretty Guardian Sailor Moon Cosmos the Movie Part 2,ja,劇場版 美少女戦士セーラームーンCosmos 後編,4.6742,2023-06-30,7.956,57,Available
[27],274909,Perversion,pt,Perversão,4.8265,1979-01-22,5.286,7,Available
"[18, 53, 80]",72477,Texas Killing Fields,en,Texas Killing Fields,4.604,2011-10-14,5.787,535,Available
"[99, 10402]",1304800,The Lion King at the Hollywood Bowl,en,The Lion King at the Hollywood Bowl,4.5741,2025-02-06,7.283,23,Available
"[16, 9648, 878, 18]",1299652,Watchmen: Chapter II,en,Watchmen: Chapter II,5.1939,2024-11-25,7.349,182,Available
"[18, 10751]",673309,American Underdog,en,American Underdog,4.5484,2021-12-25,7.115,445,Available
"[37, 18]",1032425,The Dead Don't Hurt,en,The Dead Don't Hurt,4.4708,2024-05-01,6.489,220,Available
[53],157849,A Most Wanted Man,en,A Most Wanted Man,4.6853,2014-07-25,6.468,1525,Available
"[35, 18]",9090,"To Wong Foo, Thanks for Everything! Julie Newmar",en,"To Wong Foo, Thanks for Everything! Julie Newmar",4.9275,1995-09-08,7.5,842,Available
"[28, 80]",585831,The Bad Guys: Reign of Chaos,ko,나쁜 녀석들: 더 무비,4.2108,2019-09-11,7.046,174,Available
"[35, 80]",11825,Police Academy 5: Assignment Miami Beach,en,Police Academy 5: Assignment Miami Beach,4.1353,1988-03-17,5.23,1043,Available
"[27, 18]",1715820,Ghost Story,en,Ghost Story,4.3815,,0.0,0,Unknown
"[10749, 18]",1021579,"You Eat, I Eat",ko,너도 먹고 나도 먹고,4.3512,2022-06-15,3.0,3,Available
"[36, 18, 10752, 10770]",12900,Conspiracy,en,Conspiracy,4.6147,2001-05-19,7.289,502,Available
"[35, 18]",1256182,Floor Scrapers,en,Floor Scrapers,5.2669,2023-06-20,0.0,0,Available
[35],287264,Jurk!: Glitterjurk,nl,Jurk!: Glitterjurk,4.8284,2013-10-04,0.0,0,Available
"[80, 35]",437626,Stockholm,en,Stockholm,4.4502,2019-04-12,5.862,452,Available
"[27, 35, 10402]",895744,Studio 666,en,Studio 666,4.6834,2022-02-24,5.842,361,Available
[18],588367,The Humans,en,The Humans,4.1085,2021-11-24,6.07,229,Available
"[53, 18, 9648, 80]",13528,Gaslight,en,Gaslight,3.9855,1944-05-04,7.506,590,Available
"[28, 80, 18]",9989,Antitrust,en,Antitrust,4.4426,2001-01-11,6.047,587,Available
"[16, 12, 14, 10751, 878, 35]",462677,Doraemon: Nobita's Great Adventure in the Antarctic Kachi Kochi,ja,映画ドラえもん のび太の南極カチコチ大冒険,4.3158,2017-03-04,6.531,112,Available
[18],869520,Homo Deus. Divine Human,uk,Homo Deus. Людина божествена,4.3873,2021-08-06,6.0,2,Available
"[28, 80, 12, 53]",8382,Today You Die,en,Today You Die,4.6876,2005-09-13,4.358,127,Available
"[10752, 18]",616826,Military Comfort Woman,ja,従軍慰安婦,4.5683,1974-07-17,7.5,2,Available
"[28, 53, 80, 10752]",811592,One Shot,en,One Shot,4.2211,2021-11-05,6.712,932,Available
"[18, 10749]",21035,Turkish Delight,nl,Turks Fruit,4.3504,1973-02-22,6.839,218,Available
[99],113296,Wildlife South Africa 3D,de,Wildlife Südafrika 3D,6.2553,2012-05-13,8.2,2,Available
"[9648, 27, 53]",11427,Dead End,en,Dead End,4.481,2003-12-12,6.39,622,Available
"[80, 18]",569711,Human Capital,en,Human Capital,4.6667,2020-07-17,5.647,119,Available
[27],12700,Dominion: Prequel to The Exorcist,en,Dominion: Prequel to The Exorcist,4.4988,2005-05-20,5.34,435,Available
"[10749, 18]",505283,My Cousin Sister,ko,사촌 누나,4.6103,2019-06-03,3.0,2,Available
"[35, 16]",399569,Bodily Dysfunctions,en,Bodily Dysfunctions,4.7058,2016-05-25,0.0,0,Available
"[80, 53]",243119,a_ética,pt,a_ética,4.6799,2008-09-28,4.3,3,Available
"[53, 27]",9568,The Dentist,en,The Dentist,4.2979,1996-06-07,5.501,342,Available
"[53, 80, 18]",580532,Crisis,en,Crisis,4.3396,2021-02-26,6.239,401,Available
[99],1155770,The Pigeon Tunnel,en,The Pigeon Tunnel,4.3544,2023-10-20,6.705,39,Available
[99],515641,Mater Amatisima,es,Mater amatísima,3.9484,2017-10-20,0.0,0,Available
"[18, 10749]",60281,To the Wonder,en,To the Wonder,5.0067,2013-02-22,5.817,552,Available
"[28, 12]",11841,The 36th Chamber of Shaolin,zh,少林三十六房,4.3521,1978-02-02,7.5,517,Available
[18],343448,Charmers,hu,Bűbájosok,4.8455,1970-02-19,7.0,1,Available
"[18, 53]",8653,The Isle,ko,섬,4.2722,2000-04-22,6.926,379,Available
"[10749, 35, 28]",896453,Flashback,ta,பிளாஷ்பேக்,4.3894,2025-09-05,3.0,1,Available
[18],418533,Three Christs,en,Three Christs,3.886,2017-09-23,6.676,156,Available
[27],1663082,The Last Supper,en,The Last Supper,4.5214,2025-10-23,6.833,6,Available
"[27, 53, 80]",9544,FearDotCom,en,FearDotCom,4.2774,2002-08-09,3.832,423,Available
"[53, 80, 28]",2086,Nick of Time,en,Nick of Time,4.4557,1995-11-22,6.236,832,Available
"[16, 35, 10751]",774741,Diary of a Wimpy Kid,en,Diary of a Wimpy Kid,4.4825,2021-12-02,6.2,412,Available
[],433738,Ring Of Fear,tr,Ateş Çemberi,5.0957,1985-01-01,6.5,2,Available
"[80, 18, 53]",11386,The Crying Game,en,The Crying Game,4.0461,1992-09-02,6.84,870,Available
"[18, 12]",10534,White Squall,en,White Squall,4.374,1996-02-02,6.265,420,Available
[99],766560,Red Card,fr,Carton Rouge,4.9738,2020-11-22,0.0,0,Available
"[35, 18]",2639,Deconstructing Harry,en,Deconstructing Harry,4.2135,1997-12-12,7.246,1070,Available
[35],11543,Kingpin,en,Kingpin,4.8632,1996-07-04,6.533,1012,Available
"[10751, 14, 10402]",265029,The Bet,ro,Rămăşagul,5.5542,1985-03-04,6.5,8,Available
"[878, 28, 12, 18]",61984,Space Battleship Yamato,ja,SPACE BATTLESHIP ヤマト,4.2546,2010-12-01,6.428,276,Available
"[28, 35, 10749, 53]",29076,Gun Shy,en,Gun Shy,4.2607,2000-02-04,5.24,152,Available
"[28, 53, 80, 18]",706503,Lost Bullet,fr,Balle perdue,4.4213,2020-06-19,6.591,949,Available
[35],1755254,URSULE,fr,URSULE,4.8617,,0.0,0,Unknown
"[80, 18, 53]",3112,The Night of the Hunter,en,The Night of the Hunter,4.3392,1955-07-26,7.858,1896,Available
[],1480772,no_writhing_now,en,no_writhing_now,5.6069,2025-10-01,0.0,0,Available
"[12, 878, 35]",775,A Trip to the Moon,fr,Le Voyage dans la Lune,4.3656,1902-06-15,7.876,2062,Available
"[36, 18, 53]",399121,An Officer and a Spy,fr,J'accuse,4.4715,2019-09-30,7.054,1622,Available
"[28, 80, 53]",478798,Sons of the Neon Night,cn,風林火山,4.8098,2025-10-01,5.387,31,Available
"[35, 36]",145341,Colonel Kwiatkowski,pl,Pułkownik Kwiatkowski,4.9387,1996-05-10,6.758,33,Available
[35],23706,All About Steve,en,All About Steve,4.3117,2009-08-06,4.992,1080,Available
[99],10946,Earth,en,Earth,3.7001,2007-10-10,7.65,380,Available
[14],428688,Ages of Man,ro,Vîrstele omului,4.4037,1969-04-13,7.0,3,Available
"[12, 28, 878, 53]",28510,Universal Soldier: Regeneration,en,Universal Soldier: Regeneration,4.5743,2010-02-23,5.661,510,Available
"[18, 36, 53, 28]",401200,Kursk,en,Kursk,4.3911,2018-11-07,6.637,726,Available
"[18, 80, 10402, 878]",8426,Swallowtail Butterfly,ja,スワロウテイル,4.5905,1996-09-14,7.5,101,Available
"[53, 27]",1034732,The Getaway,en,The Getaway,5.2156,2020-11-21,7.0,1,Available
"[9648, 53]",9828,Unknown,en,Unknown,4.3398,2006-11-03,6.228,481,Available
[18],634544,Uncle Frank,en,Uncle Frank,4.7969,2020-11-25,7.27,457,Available
"[53, 80, 9648, 18, 27]",8090,Untraceable,en,Untraceable,4.3889,2008-01-22,6.248,1017,Available
"[16, 35]",128868,Crayon Shin-chan: Action Mask vs. Leotard Devil,ja,クレヨンしんちゃん アクション仮面VSハイグレ魔王,4.4779,1993-07-24,7.0,64,Available
"[35, 10749]",288036,Sleeping with Other People,en,Sleeping with Other People,4.2401,2015-06-26,6.27,1005,Available
"[99, 80]",1595481,Kidnapped: Elizabeth Smart,en,Kidnapped: Elizabeth Smart,3.95,2026-01-20,7.277,112,Available
[18],476408,Mr. Aiello,fr,La déroute,5.4677,1998-09-17,6.0,4,Available
"[18, 10402]",946105,The Tuner,en,O Afinador,4.4577,2012-09-06,0.0,0,Available
"[16, 12, 14, 10751, 35]",939338,Epic Tails,fr,Pattie et la colère de Poséidon,4.5114,2023-01-25,6.801,136,Available
[18],1164323,Aool House,kk,Aool House. Однажды в ауле,5.1486,2022-08-12,0.0,0,Available
"[12, 9648, 35, 16, 10751]",1015724,Trick or Treat Scooby-Doo!,en,Trick or Treat Scooby-Doo!,4.3986,2022-10-04,6.947,216,Available
[99],618524,Condor,en,Condor,5.1134,2019-08-29,0.0,0,Available
[10402],1156006,Ego Trip,en,Ego Trip,5.7645,2022-10-14,0.0,0,Available
"[35, 10749]",1819,"You, Me and Dupree",en,"You, Me and Dupree",4.3364,2006-07-13,5.6,1467,Available
[99],961722,Sidney,en,Sidney,4.5116,2022-09-10,7.021,48,Available
"[878, 18, 53]",559581,Stowaway,en,Stowaway,4.9305,2021-06-24,6.033,721,Available
"[35, 27, 14, 28]",1022453,The Rajasaab,te,ది రాజాసాబ్,4.5815,2026-01-08,5.029,34,Available
"[18, 10749, 10752]",15764,Sophie's Choice,en,Sophie's Choice,4.3118,1982-12-08,7.308,965,Available
"[16, 28, 14]",987400,Aztec Batman: Clash of Empires,es,Batman Azteca: Choque de imperios,4.7847,2025-09-18,7.6,164,Available
"[27, 9648]",10053,When a Stranger Calls,en,When a Stranger Calls,4.4779,2006-02-03,5.739,1163,Available
"[18, 28, 53]",18674,The Bodyguard from Beijing,cn,中南海保鑣,5.0301,1994-07-28,6.843,162,Available
"[27, 53]",480105,47 Meters Down: Uncaged,en,47 Meters Down: Uncaged,4.2158,2019-08-15,5.722,1562,Available
"[16, 35, 10751, 878]",546728,Auntie Edna,en,Auntie Edna,4.2623,2018-10-23,7.195,284,Available
"[53, 9648, 80]",458109,Spinning Man,en,Spinning Man,4.4947,2018-04-06,5.584,487,Available
"[35, 18]",76598,Leaving,cs,Odcházení,5.15,2011-01-20,5.6,6,Available
[],128617,Triángulo Fatal,es,Triángulo Fatal,4.1198,1994-01-01,5.0,2,Available
"[18, 9648]",72432,Puncture,en,Puncture,3.9666,2011-09-23,6.664,443,Available
[99],1568542,Un été à la ferme - L'âge d'or,fr,Un été à la ferme - L'âge d'or,11.1462,2026-02-25,0.0,0,Available
[99],1469824,Zelensky,fr,Zelensky,4.9289,2025-05-13,8.0,5,Available
"[99, 10402]",1440718,Bono: Stories of Surrender,en,Bono: Stories of Surrender,4.1749,2025-05-16,6.758,33,Available
"[35, 12, 80]",639889,The Maniacs' Villa,tr,Manyaklar Köşkü,4.9104,1963-01-01,7.0,1,Available
"[80, 53, 18]",5511,Le Samouraï,fr,Le Samouraï,4.4321,1967-10-25,7.8,1299,Available
[18],898430,Dedication,zh,Dedication,4.5279,2011-01-01,0.0,0,Available
[18],1169309,El huatrila,es,El huatrila,5.6348,2024-10-11,0.0,0,Available
[99],781966,Outraged,en,Outraged,4.6607,2020-12-23,0.0,0,Available
"[27, 53]",104755,The Lords of Salem,en,The Lords of Salem,3.9714,2013-04-18,5.438,937,Available
"[10749, 35, 18]",1096342,Beautiful Wedding,en,Beautiful Wedding,4.2871,2024-01-24,5.563,319,Available
[18],818932,Hotel on the Koppies,st,Hotele Lerallaneng,4.8542,2021-06-03,7.0,1,Available
[99],698052,Their Algeria,fr,Leur Algérie,5.9023,2021-10-13,5.3,3,Available
[],950022,A hattyú,hu,A hattyú,5.2833,2022-03-01,0.0,0,Available
"[10749, 35]",1093231,Mother of the Bride,en,Mother of the Bride,3.9605,2024-05-08,5.852,365,Available
[16],90083,On a Cat's Word,cs,Kočičí slovo,5.0634,1961-03-10,6.5,2,Available
[],263349,Angels,es,Los ángeles,4.8702,1990-02-07,3.5,4,Available
[],587001,The Happiness of a Mother,vi,Hạnh Phúc Của Mẹ,4.3896,2019-03-08,0.0,0,Available
"[28, 80, 53]",19403,The Mechanic,en,The Mechanic,4.5962,1972-10-06,6.665,358,Available
"[18, 10749]",542700,A Circus Girl,ja,あばずれ,4.387,1966-02-25,0.0,0,Available
"[53, 878]",724057,La desconocida,es,La desconocida,4.5304,1983-01-01,1.0,1,Available
"[16, 12, 35, 10751]",1059264,The Inseparables,en,The Inseparables,4.6414,2023-09-01,6.55,60,Available
"[14, 27]",524216,The Mortuary Collection,en,The Mortuary Collection,4.2724,2020-09-25,6.711,492,Available
"[18, 53, 12]",70954,The Hunter,en,The Hunter,4.5848,2011-10-06,6.655,740,Available
"[16, 12, 10751, 14, 878]",88625,Doraemon: Nobita and the Steel Troops,ja,映画ドラえもん のび太と鉄人兵団,4.7805,1986-03-15,6.6,38,Available
"[18, 10402]",537116,"tick, tick... BOOM!",en,"tick, tick... BOOM!",4.0949,2021-11-11,7.586,2367,Available
"[12, 28, 10751]",9978,Stormbreaker,en,Stormbreaker,4.1926,2006-07-21,5.231,687,Available
[18],1164345,At Least in the Movies 2,kk,Хотя бы кинода 2,4.5894,2023-06-06,0.0,0,Available
"[27, 28, 53]",1488269,Backlash,en,Backlash,4.5858,2025-04-15,4.0,2,Available
[18],400193,Lueurs,fr,Lueurs,5.1441,2015-06-15,0.0,0,Available
[18],588862,The Praying Man,ja,祈るひと,4.2822,1959-02-11,0.0,0,Available
"[18, 10749]",492106,New Golden Lotus IV,cn,新金瓶梅 第四集,3.8753,1996-03-29,3.286,7,Available
[],1409389,Dirty Pilgrimage to the West: Broken Volume,ja,妖艶西遊記　破の巻,4.1757,1988-09-10,6.0,1,Available
"[16, 28, 878]",114478,Starship Troopers: Invasion,en,Starship Troopers: Invasion,4.6485,2012-08-28,5.855,452,Available
"[35, 10749, 18]",12193,Four Christmases,en,Four Christmases,4.8603,2008-11-26,5.818,1278,Available
"[878, 35, 18, 10749]",9296,S1m0ne,en,S1m0ne,4.0686,2002-08-23,6.008,1039,Available
"[14, 18]",415666,Métamorphoses,fr,Métamorphoses,4.5756,2014-01-20,0.0,0,Available
"[14, 35, 10402, 10749]",5590,Donkey Skin,fr,Peau d'âne,4.3944,1970-12-16,7.2,564,Available
[27],1753034,Happy,en,Happy,4.1058,,0.0,0,Unknown
"[27, 14, 16, 10751]",13465,The Adventures of Ichabod and Mr. Toad,en,The Adventures of Ichabod and Mr. Toad,4.3812,1949-10-05,6.524,713,Available
"[28, 53]",984249,Ruthless,en,Ruthless,4.6228,2023-12-14,6.4,149,Available
"[53, 27]",84348,V/H/S,en,V/H/S,4.133,2012-07-28,6.101,1760,Available
"[27, 9648]",1749553,The Projectionist,fr,Le Projectionniste,4.8462,,0.0,0,Unknown
"[35, 18, 14]",2928,Michael,en,Michael,4.104,1996-12-25,5.708,703,Available
[80],106623,Mark Shoots First,it,Mark il poliziotto spara per primo,3.2354,1975-12-22,6.643,7,Available
"[28, 18]",169209,Empire State,en,Empire State,4.3679,2013-09-03,5.407,748,Available
"[35, 80, 10749]",10878,Saving Silverman,en,Saving Silverman,4.251,2001-02-09,5.812,650,Available
[35],425353,Szervusz Péter!,en,Szervusz Péter!,4.9036,1939-11-09,8.0,1,Available
"[53, 27, 28]",1407861,The Bayou,en,The Bayou,4.7172,2025-01-31,5.458,238,Available
"[18, 36]",335904,Portable Country,es,País Portátil,3.9423,1979-01-24,7.0,5,Available
[18],2849,Prélude,en,Prélude,4.4542,2004-12-05,0.0,0,Available
[18],1597538,Angkinin Mo Ako,tl,Angkinin Mo Ako,4.302,2026-05-15,0.0,0,Available
"[28, 12, 10751, 14, 10749]",512901,The Knight of Shadows: Between Yin and Yang,zh,神探蒲松齡,4.3208,2019-02-05,5.625,152,Available
"[80, 28, 27, 53]",12095,From Dusk Till Dawn 2: Texas Blood Money,en,From Dusk Till Dawn 2: Texas Blood Money,4.5232,1999-03-16,4.63,532,Available
"[878, 53]",942199,Simulant,en,Simulant,4.7207,2023-03-29,5.919,260,Available
"[18, 878, 53]",286538,Bokeh,en,Bokeh,4.1194,2017-03-24,5.411,274,Available
[18],1014566,Bruiser,en,Bruiser,4.4845,2022-12-02,6.333,33,Available
"[27, 35, 10749]",1522380,Multwoh,tl,Multwoh,4.2958,2026-09-23,0.0,0,Available
"[18, 10752, 36]",451892,Argentine Soldier Only Known by God,es,Soldado Argentino,5.2138,2017-04-06,8.218,39,Available
"[18, 35]",234200,Pride,en,Pride,4.386,2014-09-12,7.69,1444,Available
"[16, 10751, 14, 35]",587370,Tales from the Magic Garden,cs,Pohádky po babičce,4.2046,2025-05-18,5.5,10,Available
"[35, 10749]",663121,My Personal Trainer,ko,마이 퍼스널 트레이너,4.1508,2019-12-10,5.0,2,Available
[18],1284301,Âme Cœur,en,Âme Cœur,5.2377,2024-05-04,0.0,0,Available
[878],506072,Prospect,en,Prospect,4.1143,2018-10-02,6.212,1017,Available
[99],504400,Northbound: Skateboarding on Frozen Sand,no,Mot nord,5.1135,2015-06-01,0.0,0,Available
[18],262342,Athisaya Thirudan,ta,Athisaya Thirudan,4.7564,1958-12-12,10.0,1,Available
"[28, 53, 9648]",77948,The Cold Light of Day,en,The Cold Light of Day,4.3491,2012-04-04,5.373,1008,Available
"[28, 53, 18]",1557848,The Sleeper,tr,Uykucu,4.6902,2025-10-29,5.833,6,Available
"[53, 28, 80]",17814,Assault on Precinct 13,en,Assault on Precinct 13,4.2572,1976-10-08,7.258,1252,Available
"[10749, 35]",11003,The Wedding Singer,en,The Wedding Singer,4.6072,1998-02-13,6.775,1981,Available
"[10402, 99]",367022,Kopaszkutya Kettő,hu,Kopaszkutya Kettő,4.6064,2011-12-09,7.0,1,Available
"[28, 12, 53]",1672,The Professional,fr,Le Professionnel,4.6063,1981-10-21,7.184,610,Available
"[35, 18]",392241,Vardhakya Puranam,ml,വാർദ്ധക്യപുരാണം,4.6059,1994-04-10,6.5,2,Available
[35],66343,Nala Damayanthi,ta,நள தமயந்தி,4.6056,2003-07-03,6.875,8,Available
"[28, 12, 35, 37]",15067,"The Good, the Bad, the Weird",ko,"좋은 놈, 나쁜 놈, 이상한 놈",4.6055,2008-07-16,7.156,844,Available
[18],529485,The Way Back,en,The Way Back,4.6052,2020-03-05,6.627,1355,Available
"[16, 12, 35]",291881,BoOzy’ OS and the Cristal Gem,fr,BoOzy’ OS et la Gemme de Cristal,4.605,2013-04-15,7.9,31,Available
"[18, 10749]",42297,Burlesque,en,Burlesque,4.6049,2010-11-23,7.214,2406,Available
"[35, 10751]",11862,Father of the Bride Part II,en,Father of the Bride Part II,4.6049,1995-12-08,6.27,836,Available
"[35, 18, 27]",1753358,Two Waiters,en,Two Waiters,4.6043,,0.0,0,Unknown
"[18, 80]",1523553,Dark Horse,en,Dark Horse,4.6042,2026-09-11,0.0,0,Available
[10402],416600,Die Zauberflöte,de,Die Zauberflöte,4.604,2012-08-06,0.0,0,Available
"[16, 28, 14, 878]",893712,Sword Art Online the Movie – Progressive – Scherzo of Deep Night,ja,劇場版 ソードアート・オンライン -プログレッシブ- 冥き夕闇のスケルツォ,4.6039,2022-10-22,7.7,233,Available
[],647336,Libi 68,de,Libi 68,4.6038,1968-01-01,0.0,0,Available
[],1190266,性戏观：童宁、胴体,zh,性戏观：童宁、胴体,4.6037,2003-01-01,0.0,0,Available
"[16, 12, 35, 10751, 14, 10402, 10749]",354279,Charming,en,Charming,4.6033,2018-03-26,6.364,286,Available
"[14, 16, 35, 10751]",11114,Pete's Dragon,en,Pete's Dragon,4.6031,1977-11-03,6.321,736,Available
"[28, 35, 878]",11692,The Adventures of Pluto Nash,en,The Adventures of Pluto Nash,4.603,2002-08-16,4.375,556,Available
"[12, 35]",11418,National Lampoon's European Vacation,en,National Lampoon's European Vacation,4.6026,1985-07-25,6.167,1041,Available
"[28, 12, 18, 36]",4515,Lions for Lambs,en,Lions for Lambs,4.4736,2007-10-22,6.009,866,Available
[18],1690834,Lonely Road,en,Lonely Road,6.0694,2027-06-12,0.0,0,Available
[18],787448,Senen Raja,id,Senen Raja,6.0609,1954-11-04,0.0,0,Available
"[18, 10749]",39412,Emmanuelle 3,fr,Goodbye Emmanuelle,4.8555,1977-10-14,4.626,87,Available
"[18, 35]",54626,Høfeber,da,Høfeber,4.5434,1991-12-20,7.25,4,Available
"[16, 12, 10751, 14, 878, 35]",682153,Doraemon: Nobita's New Dinosaur,ja,映画ドラえもん のび太の新恐竜,4.3948,2020-08-07,7.3,59,Available
[18],781483,Hotel Shanghai,de,Hotel Shanghai,4.969,1997-07-26,8.0,1,Available
[18],16858,All That Jazz,en,All That Jazz,4.158,1979-12-16,7.5,626,Available
"[10749, 35, 18]",242090,The One I Love,en,The One I Love,4.1197,2014-08-08,6.869,804,Available
"[35, 10749]",499726,MILF,fr,MILF,4.5264,2018-05-02,5.718,600,Available
"[80, 53]",19997,Niagara,en,Niagara,4.0318,1953-01-29,6.8,457,Available
[35],189429,Sinfín,en,Sinfín,4.6584,2005-10-12,5.0,5,Available
"[28, 12]",12500,American Ninja,en,American Ninja,4.6351,1985-08-30,5.981,499,Available
"[18, 10749]",9364,Wuthering Heights,en,Wuthering Heights,5.0384,2011-09-09,5.9,288,Available
"[35, 18]",103613,The Oldest Profession,fr,Le Plus Vieux Métier du monde,5.8214,1967-04-07,5.0,33,Available
"[28, 12, 14]",13486,The Scorpion King 2: Rise of a Warrior,en,The Scorpion King 2: Rise of a Warrior,4.0042,2008-07-19,4.7,639,Available
[18],1415792,Lazy Bird,tl,Lazy Bird,4.9656,2025-01-11,0.0,0,Available
"[35, 18]",915523,Wildflower,en,Wildflower,4.5188,2023-03-17,7.351,131,Available
"[12, 18, 10751]",11076,Fly Away Home,en,Fly Away Home,4.5919,1996-09-13,6.963,526,Available
[35],422145,Tubérculo Presidente,es,Tubérculo Presidente,4.941,2016-11-24,7.5,4,Available
[35],254057,Magic Müller,de,Magic Müller,5.0878,1993-11-03,7.0,3,Available
"[28, 80, 18]",1099519,Unification Of Japan 22,ja,日本統一２２,4.3494,2017-05-25,0.0,0,Available
"[27, 35, 53]",5072,Severance,en,Severance,4.2426,2006-05-19,6.273,690,Available
"[18, 10749, 53]",12618,Random Hearts,en,Random Hearts,4.5195,1999-10-08,5.6,432,Available
[18],606658,Schautag,de,Schautag,4.3453,2009-01-19,8.0,1,Available
[],1196356,Record of a Girls' High School Doctor: First Time,ja,ある女子高校医の記録 初体験,4.2673,1968-10-30,0.0,0,Available
[10749],700548,My Student's Mom 4,ko,내 학생의 엄마 4,4.3921,2019-10-11,3.5,2,Available
"[10751, 16, 35, 12, 14]",366668,Playmobil: The Movie,en,Playmobil: The Movie,4.4381,2019-06-10,5.715,319,Available
"[16, 10751, 12, 35, 14, 878]",105444,Doraemon: Nobita's Great Adventure in the South Seas,ja,映画ドラえもん のび太の南海大冒険,4.4489,1998-03-07,6.5,65,Available
"[27, 12, 14]",684684,Shortcut,en,Shortcut,4.3448,2020-09-25,5.28,132,Available
"[10751, 12, 9648, 35]",1129104,Flavia,en,Flavia,4.711,2026-04-12,5.688,8,Available
[27],405960,Óbito,es,Óbito,4.7721,2010-02-25,0.0,0,Available
"[18, 36]",476968,"Paul, Apostle of Christ",en,"Paul, Apostle of Christ",4.5688,2018-03-22,7.613,420,Available
"[28, 16, 12, 14]",42360,Inuyasha the Movie: Affections Touching Across Time,ja,犬夜叉 時代を越える想い,4.2787,2001-12-15,7.532,202,Available
"[36, 53]",11973,Thirteen Days,en,Thirteen Days,4.2221,2000-12-25,6.997,862,Available
[35],1280672,One of Them Days,en,One of Them Days,4.3833,2025-01-16,6.668,309,Available
[27],7181,Dusk,en,Dusk,4.695,2026-03-07,0.0,0,Available
"[18, 80, 10770, 9648, 53]",882015,Hauteclaire,fr,Hauteclaire,4.8638,1961-06-13,5.0,3,Available
"[18, 9648, 53, 80]",10990,Mulholland Falls,en,Mulholland Falls,4.6466,1996-04-26,6.019,334,Available
"[16, 878, 28]",553610,Mobile Suit Gundam Narrative,ja,機動戦士ガンダムNT,5.1494,2018-11-30,6.48,25,Available
[18],17443,...And Justice for All,en,...And Justice for All,4.4847,1979-10-19,7.099,618,Available
"[35, 18]",1910,SommerHundeSöhne,de,SommerHundeSöhne,3.5673,2005-09-08,5.667,12,Available
"[18, 53]",17812,El cártel,en,El cártel,4.9874,2009-05-12,6.143,7,Available
[],493192,Jesta,en,Jesta,5.0759,2017-12-01,3.0,0,Available
"[27, 53]",1262983,MadS,fr,MadS,3.8739,2024-10-25,6.4,276,Available
"[10751, 35]",551235,Youtachi Happy Eigaban Himawari,ja,YOU達HAPPY映画版 ひまわり,4.5782,2018-09-01,0.0,0,Available
"[10751, 16, 14, 12, 35]",22586,The Swan Princess,en,The Swan Princess,4.4316,1994-11-18,6.631,1053,Available
"[27, 53, 28, 37]",489064,3 from Hell,en,3 from Hell,4.3269,2019-09-16,5.752,555,Available
"[28, 53, 18]",1376856,The Paradise,te,ది ప్యారడైస్,4.6612,2026-09-24,0.0,0,Available
"[80, 18, 53, 28]",20646,Graveyard of Honor,ja,新・仁義の墓場,4.436,2002-06-22,6.2,60,Available
[35],443831,Chérie Noire,fr,Chérie Noire,5.3212,1966-10-27,0.0,0,Available
"[35, 10749]",11821,Doc Hollywood,en,Doc Hollywood,4.5623,1991-08-02,6.369,700,Available
"[10751, 878, 12]",16248,D.A.R.Y.L.,en,D.A.R.Y.L.,4.1958,1985-06-14,6.41,378,Available
"[35, 10749, 18]",7211,Dan in Real Life,en,Dan in Real Life,4.2281,2007-10-26,6.58,1393,Available
"[18, 9648, 10749, 53, 10752]",182,The Good German,en,The Good German,4.2471,2006-12-15,5.827,365,Available
"[80, 28, 18]",842544,Transfusion,en,Transfusion,4.3557,2023-01-05,6.048,269,Available
[35],497416,Oui patron!,fr,Oui patron!,4.6094,1991-06-17,0.0,0,Available
"[18, 27, 80]",1421183,Blue Remedy,th,Blue Remedy,4.7134,2025-06-30,0.0,0,Available
"[16, 35, 14, 12, 27]",511817,Wendell & Wild,en,Wendell & Wild,4.5714,2022-10-21,6.581,395,Available
[10402],930930,Thunderbolt Fantasy: Sword Travels from the East,ja,Thunderbolt Fantasy 東離劍遊紀,4.794,2018-10-28,7.0,1,Available
[35],56793,Long Live the Seal,it,W la foca,4.6493,1982-03-28,6.476,41,Available
"[18, 10749]",11162,The Merchant of Venice,en,The Merchant of Venice,4.8521,2004-12-03,6.789,624,Available
"[14, 18, 27, 53]",1433,The Devil's Backbone,es,El espinazo del diablo,3.9972,2001-04-20,7.302,1412,Available
[99],675333,Daydreaming in the Hood,ru,Сны на районе,2.3638,2020-03-08,0.0,0,Available
"[18, 878]",1012263,Hepgece,tr,Hepgece,4.9665,2015-09-07,0.0,0,Available
"[35, 878, 27]",9890,The Stepford Wives,en,The Stepford Wives,4.3061,2004-06-10,5.683,1461,Available
"[27, 53]",991814,Re/Member,ja,カラダ探し,4.5907,2022-10-14,6.679,260,Available
"[16, 12, 10751]",666154,Kayara,es,Kayara,4.8117,2025-01-02,7.589,123,Available
"[35, 9648, 10751, 28, 12]",383785,Kung Fu Yoga,zh,功夫瑜伽,4.3542,2017-01-27,5.9,444,Available
[18],997791,A Porta ao Lado,pt,A Porta ao Lado,4.8872,2023-03-09,4.786,7,Available
"[35, 18]",60228,Losers' Club,tr,Kaybedenler Kulübü,4.602,2011-03-25,6.534,149,Available
[18],162902,Little Hearts,fi,Pieni sydän,4.6037,2001-12-04,0.0,0,Available
[18],1058617,Fancy Dance,en,Fancy Dance,4.1656,2024-06-21,6.593,71,Available
"[18, 10402, 10749]",25196,Crazy Heart,en,Crazy Heart,3.9667,2009-12-16,6.913,1223,Available
"[99, 10402]",855058,Strong Culture,en,Strong Culture,4.9019,1995-01-12,0.0,0,Available
"[53, 28, 80, 18, 9648]",343866,Cosa fácil,es,Cosa fácil,4.8117,1982-12-09,6.0,7,Available
"[28, 878, 27]",1576549,Contamination,en,Contamination,4.3395,2025-11-14,5.5,2,Available
[99],1427246,Springtails: The hidden soldiers of Earth,fr,Planète collemboles : la vie secrète des sols,4.5779,2024-04-21,8.0,1,Available
"[16, 14, 27, 28]",919,Blood: The Last Vampire,ja,BLOOD THE LAST VAMPIRE,4.4003,2000-11-18,6.878,388,Available
[],1405889,Kawachi fudoki zoku oiro ke seppō,ja,河内風土記　続おいろけ説法,4.5848,1961-08-29,0.0,0,Available
[18],627463,The Assistant,en,The Assistant,4.5845,2020-01-31,6.293,544,Available
[99],289748,Pixel Poetry,en,Pixel Poetry,4.5845,2014-08-15,7.0,5,Available
"[18, 10749]",99842,Örlogsmän,sv,Örlogsmän,4.584,1943-01-25,6.0,2,Available
"[35, 80, 53]",2084,Birthday Girl,en,Birthday Girl,4.5837,2001-09-06,5.907,446,Available
[18],1512505,Boyslut,en,Boyslut,4.5836,2025-07-12,0.0,0,Available
"[18, 27, 878]",3035,Frankenstein,en,Frankenstein,4.5836,1931-11-21,7.5,1846,Available
[],924246,Touch Me,de,Was bleibt,4.5829,2019-05-30,7.0,1,Available
"[80, 18]",22073,Hoodlum,en,Hoodlum,4.5828,1997-08-27,6.483,261,Available
"[36, 18, 10402]",402529,All Eyez on Me,en,All Eyez on Me,4.5826,2017-06-12,6.722,1263,Available
"[18, 28, 53, 80]",1441,The Contract,en,The Contract,4.5826,2006-04-05,5.815,587,Available
"[99, 36]",978301,Cent jours,fr,Cent jours,4.5825,2022-05-03,6.5,2,Available
[35],562682,Nithyaharitha Nayakan,ml,നിത്യഹരിത നായകൻ,4.5824,2018-11-16,1.0,1,Available
"[18, 10751]",516086,Sacred Hair,fr,Cheveux Sacrés,4.5823,2017-07-01,0.0,0,Available
"[80, 28, 18]",34326,Battles Without Honor and Humanity,ja,仁義なき戦い,4.5813,1973-01-13,7.3,125,Available
"[18, 27, 10749, 878]",461992,Hostile,en,Hostile,4.5812,2018-03-08,5.993,451,Available
"[18, 10749]",16642,Days of Heaven,en,Days of Heaven,4.5809,1978-09-13,7.48,1203,Available
"[28, 53]",872542,Agent Game,en,Agent Game,4.5808,2022-04-08,4.972,123,Available
[],1662989,NJPW Road to Wrestling Dontaku 2026 - Day 8,ja,NJPW Road to Wrestling Dontaku 2026 - Day 8,4.5796,2026-05-01,0.0,0,Available
[18],1514381,EgyBest,ar,إيجي بست,4.5789,2026-03-19,0.0,0,Available
[],1298640,Chrysalis,en,Chrysalis,4.3625,2023-10-14,0.0,0,Available
"[35, 18]",1306816,My Daughter Is a Zombie,ko,좀비딸,4.5584,2025-07-30,7.2,50,Available
[35],11067,Major League II,en,Major League II,4.6683,1994-03-30,5.712,378,Available
"[53, 27, 80, 28]",718400,The Vanished,en,The Vanished,4.3251,2020-08-21,6.024,368,Available
[],1328682,La Nota,es,La Nota,3.9273,,0.0,0,Unknown
"[35, 10749]",7839,Wedding Daze,en,Wedding Daze,4.6994,2006-09-09,5.646,425,Available
"[35, 18]",270010,A Hologram for the King,en,A Hologram for the King,4.4434,2016-04-22,5.848,1248,Available
"[10751, 10770, 35, 18]",19458,Princess Protection Program,en,Princess Protection Program,4.367,2009-06-08,6.645,1776,Available
"[18, 14, 27, 53, 9648]",10004,Desperation,en,Desperation,4.1841,2006-05-23,5.483,233,Available
"[80, 18]",374617,Imperium,en,Imperium,4.1341,2016-08-19,6.455,1525,Available
"[28, 35, 37]",59843,Millionaires' Express,cn,富貴列車,4.454,1986-01-30,6.738,63,Available
"[878, 28, 12, 10751]",620705,Crater,en,Crater,4.6009,2023-05-12,6.584,302,Available
"[14, 28, 53, 878, 9648]",20329,Death Note: L Change the WorLd,ja,L change the WorLd,4.7512,2008-02-07,5.968,308,Available
[99],1392233,Aura Roja,es,Aura Roja,5.6436,,0.0,0,Unknown
[35],13785,Best in Show,en,Best in Show,4.3246,2000-09-29,6.887,699,Available
[27],680593,The Dark and the Wicked,en,The Dark and the Wicked,4.9417,2020-04-16,6.142,564,Available
"[35, 18, 10749]",8976,A Lot Like Love,en,A Lot Like Love,4.4183,2005-04-21,6.834,1395,Available
[18],1249423,Black Dog,zh,狗阵,3.9675,2024-06-15,7.146,240,Available
"[10749, 35]",9058,Only You,en,Only You,4.6588,1994-03-04,6.72,583,Available
"[18, 35]",42501,Murmur of the Heart,fr,Le Souffle au cœur,4.1312,1971-04-27,7.007,220,Available
"[10402, 18]",1407,La Vie en Rose,fr,La Môme,4.2207,2007-02-14,7.4,1769,Available
"[99, 36]",1479848,Colosseum: Rise and Fall,en,Colosseum: Rise and Fall,5.7733,2025-06-06,7.0,3,Available
"[18, 14]",749004,Petite Maman,fr,Petite Maman,4.5109,2021-06-02,7.11,478,Available
[18],891738,Exposed,no,Eksponert,4.8491,2021-10-20,4.0,2,Available
"[18, 80]",8052,Hard Eight,en,Hard Eight,4.5374,1997-02-28,6.836,1020,Available
"[18, 53, 36]",407448,Detroit,en,Detroit,4.0942,2017-07-28,7.235,1776,Available
"[12, 35, 28, 80]",10694,The Chase,en,The Chase,4.3937,1994-03-04,5.79,396,Available
[99],438594,Toronto Jazz,en,Toronto Jazz,1.9214,1963-05-23,7.5,2,Available
[],445143,Los soñadores,en,Los soñadores,4.5624,2016-11-08,0.0,0,Available
[],328284,Slow Midnight Show,hu,Éjszakai előadás,4.9575,2004-01-01,0.0,0,Available
[],802700,Mr. Lady Cinderella at Dawn,ja,Mr.レディー 夜明けのシンデレラ,4.601,1990-07-10,0.0,0,Available
"[18, 10751]",1525126,Simple Boy,mr,Sadha Mulga,3.777,2025-10-04,10.0,1,Available
[35],82080,Rimini Rimini,it,Rimini Rimini,4.337,1987-02-27,4.801,103,Available
"[28, 12, 53]",427910,Navy Seals,en,Navy Seals,4.4022,1990-07-20,5.402,285,Available
[99],960960,"My Sister, Clara",pt,Clara Esperança,4.444,2022-04-01,0.0,0,Available
"[10749, 18]",492104,New Golden Lotus II,cn,新金瓶梅 第二集,4.5982,1996-03-15,5.5,8,Available
"[35, 10751]",10067,The Shaggy Dog,en,The Shaggy Dog,4.2152,2006-03-09,4.884,601,Available
"[27, 9648]",881487,The Visitor,en,The Visitor,3.903,2022-10-07,5.1,115,Available
[28],14245,Sniper 2,en,Sniper 2,4.3161,2002-12-28,5.537,174,Available
"[12, 878, 28]",11884,The Last Starfighter,en,The Last Starfighter,4.035,1984-07-13,6.601,798,Available
"[16, 14, 35, 10751]",1030588,Ghost Cat Anzu,ja,化け猫あんずちゃん,3.9043,2024-07-19,6.9,55,Available
[],134616,Mecánica Mexicana,es,Mecánica Mexicana,4.593,1995-03-31,5.667,3,Available
[99],1426518,Being Eddie,en,Being Eddie,4.3029,2025-11-11,6.75,54,Available
[18],510410,God Is Silent,sv,Guds tystnad,5.2213,2018-01-27,4.0,1,Available
"[99, 10402]",1226841,The Greatest Night in Pop,en,The Greatest Night in Pop,4.0525,2024-01-19,7.882,310,Available
"[18, 9648]",30943,The Deep End of the Ocean,en,The Deep End of the Ocean,4.2807,1999-03-12,6.6,549,Available
[18],22683,Gifted Hands: The Ben Carson Story,en,Gifted Hands: The Ben Carson Story,5.0196,2009-02-07,7.819,800,Available
[35],1107571,La miliardaria,it,La miliardaria,4.4042,1972-12-22,0.0,0,Available
"[27, 9648, 53]",539649,The Lie,en,The Lie,4.2463,2018-09-13,6.356,808,Available
"[18, 36]",259475,Orphans,es,Huérfanos,4.6847,2014-06-06,5.444,9,Available
[53],1758095,SUB TERRA,da,De Underjordiske,5.101,2022-03-25,0.0,0,Available
[27],489430,Terrified,es,Aterrados,4.4805,2018-05-03,6.712,865,Available
"[53, 18, 27, 10749]",371303,Amor tóxico,es,Amor tóxico,4.4828,2015-11-09,4.571,14,Available
[878],282758,Doctor Who: The Runaway Bride,en,Doctor Who: The Runaway Bride,4.6683,2006-12-25,7.804,252,Available
"[18, 53]",101173,Coriolanus,en,Coriolanus,4.1625,2011-02-14,5.837,515,Available
"[28, 35, 10751]",65137,Father Hood,en,Father Hood,4.5826,1993-08-27,5.813,96,Available
"[80, 28]",702949,Say Goodbye!,pt,Say Goodbye!,4.7332,,10.0,2,Unknown
"[10752, 18]",337115,Alias Maria,es,Alias María,4.8388,2015-04-03,5.0,10,Available
[18],833833,Working the Streets,it,Farelavita,4.7386,2001-09-01,7.0,1,Available
"[53, 28]",1030987,Sympathy for the Devil,en,Sympathy for the Devil,4.0281,2023-07-20,5.927,351,Available
"[80, 18, 28]",881298,Fight Against Evil,zh,东北警察故事,4.6172,2021-10-04,6.7,26,Available
"[14, 35]",1039773,The American Society of Magical Negroes,en,The American Society of Magical Negroes,4.4455,2024-03-15,4.758,155,Available
"[18, 10749, 35]",113947,The Sessions,en,The Sessions,3.9985,2012-05-02,6.886,634,Available
"[35, 18, 10749]",28978,The Circus,en,The Circus,4.1956,1928-01-06,7.922,916,Available
"[28, 14, 12, 27]",42230,The Mighty Peking Man,zh,猩猩王,4.4584,1977-08-11,5.1,65,Available
[99],514668,Betty,el,Μπέττυ,4.5761,1979-01-01,7.0,3,Available
"[9648, 18]",1399525,Rose of Nevada,en,Rose of Nevada,4.448,2026-04-24,6.54,25,Available
"[35, 10770]",1026602,Stardust,sh,Zvezdana prašina,4.6,1976-06-11,7.667,3,Available
"[18, 10749]",10922,The Human Stain,en,The Human Stain,4.5063,2003-10-29,5.997,518,Available
[18],1090737,Portraitist,fr,Portraitiste,4.7061,2019-07-23,0.0,0,Available
"[16, 18, 878]",35648,Roujin Z,ja,老人Z,4.3715,1991-09-14,6.638,152,Available
"[27, 28, 878]",9423,Virus,en,Virus,4.2892,1999-01-14,5.404,712,Available
"[18, 35]",1335666,Glenrothan,en,Glenrothan,4.0886,2026-04-17,6.2,15,Available
[18],1593694,The Strawberry,en,The Strawberry,4.2062,2026-04-04,0.0,0,Available
[10749],1268663,New Town Mothers,ko,신도시 엄마들,4.2595,2024-03-29,5.0,1,Available
"[27, 878, 53]",549294,Synchronic,en,Synchronic,4.515,2020-10-23,6.334,1142,Available
"[80, 18, 53]",18747,Election,cn,黑社會,3.979,2005-10-20,7.2,303,Available
"[28, 12, 14]",1057255,Anamorphosis,en,Anamorphosis,5.1297,2019-01-05,0.0,0,Available
[18],65229,Tomboy,fr,Tomboy,4.3373,2011-04-20,7.296,767,Available
"[18, 28]",605746,Career,pl,Kariera,2.5815,1955-03-26,7.0,1,Available
[35],316343,Gröna hissen,sv,Gröna hissen,4.4327,1944-07-31,5.0,5,Available
[27],1712451,Resident Dead,en,Resident Dead,4.8867,2026-09-04,1.0,1,Available
[18],27449,Baby Face,en,Baby Face,4.471,1933-07-13,7.241,160,Available
"[99, 36]",866331,"Guachimontones, los límites del hombre y la naturaleza.",es,"Guachimontones, los límites del hombre y la naturaleza.",4.9768,2016-01-01,0.0,0,Available
"[28, 80]",1327690,One Mile: Chapter Two,en,One Mile: Chapter Two,5.0232,2026-02-27,6.651,129,Available
"[10751, 35]",38579,Marmaduke,en,Marmaduke,4.4685,2010-06-03,5.252,829,Available
"[16, 10751, 14]",196254,Barbie Mariposa & the Fairy Princess,en,Barbie Mariposa & the Fairy Princess,4.4981,2013-08-25,6.9,341,Available
[18],743588,Birdwatcher,en,Birdwatcher,4.6658,2020-09-01,0.0,0,Available
[53],49986,Les enragés,fr,Les enragés,4.895,1985-01-09,7.0,2,Available
"[9648, 18]",5335,Theorem,it,Teorema,4.2469,1968-09-07,6.98,459,Available
"[12, 14, 28]",1574840,The Mummy 4,en,The Mummy 4,4.5383,2027-10-14,0.0,0,Available
[35],773655,Death to 2020,en,Death to 2020,4.013,2020-12-27,6.504,818,Available
[35],11305,Mystery Train,en,Mystery Train,4.4336,1989-09-06,7.3,532,Available
"[12, 18, 36]",739986,True Spirit,en,True Spirit,3.8592,2023-01-26,6.996,271,Available
[18],143655,Female Convict 101: Suck,ja,女囚101 しゃぶる,3.9161,1977-08-06,4.813,8,Available
"[16, 9648, 28, 80]",736073,"Batman: The Long Halloween, Part One",en,"Batman: The Long Halloween, Part One",4.6472,2021-06-21,7.445,723,Available
"[35, 10749]",11823,Wimbledon,en,Wimbledon,4.0921,2004-09-13,6.23,1101,Available
